begintime,ne_name,sk_object,vendor,ne_type,aggregation,integrity,UL_IOT_PUSCH_DIST_BIN_3,RSSI_PUCCH_MAX,RSSI_PUCCH_MIN,RSSI_PUCCH_LEVEL_02,RSSI_PUCCH_LEVEL_03,RSSI_PUCCH_AVG,RSSI_PUSCH_MIN,RSSI_PUCCH_LEVEL_04,RSSI_PUSCH_MAX,RSSI_PUSCH_AVG,RSSI_PUCCH_LEVEL_01,RSSI_PUCCH_LEVEL_05,RSSI_PUCCH_LEVEL_14,RSSI_PUCCH_LEVEL_15,RSSI_PUCCH_LEVEL_06,RSSI_PUCCH_LEVEL_07,RSSI_PUCCH_LEVEL_16,RSSI_PUCCH_LEVEL_08,RSSI_PUCCH_LEVEL_09,RSSI_PUCCH_LEVEL_17,RSSI_PUCCH_LEVEL_10,RSSI_PUCCH_LEVEL_11,RSSI_PUCCH_LEVEL_12,RSSI_PUCCH_LEVEL_18,RSSI_PUCCH_LEVEL_13,RSSI_PUCCH_LEVEL_19,UE_PWR_HEADROOM_PUSCH_LEVEL10,RSSI_PUCCH_LEVEL_20,RSSI_PUCCH_LEVEL_21,RSSI_PUSCH_LEVEL_04,RSSI_PUSCH_LEVEL_05,RSSI_PUCCH_LEVEL_22,RSSI_PUSCH_LEVEL_06,RSSI_PUSCH_LEVEL_01,RSSI_PUSCH_LEVEL_07,RSSI_PUSCH_LEVEL_02,RSSI_PUSCH_LEVEL_03,RSSI_PUSCH_LEVEL_08,UE_PWR_HEADROOM_PUSCH_LEVEL11,RSSI_PUSCH_LEVEL_09,RSSI_PUSCH_LEVEL_16,RSSI_PUSCH_LEVEL_10,RSSI_PUSCH_LEVEL_17,RSSI_PUSCH_LEVEL_11,RSSI_PUSCH_LEVEL_12,RSSI_PUSCH_LEVEL_13,RSSI_PUSCH_LEVEL_18,RSSI_PUSCH_LEVEL_14,RSSI_PUSCH_LEVEL_15,RSSI_PUSCH_LEVEL_19,RSSI_PUSCH_LEVEL_20,RSSI_PUSCH_LEVEL_21,RSSI_PUSCH_LEVEL_22,UE_PWR_HEADROOM_PUSCH_LEVEL12,UE_PWR_HEADROOM_PUSCH_LEVEL13,UE_PWR_HEADROOM_PUSCH_LEVEL1,UE_PWR_HEADROOM_PUSCH_LEVEL2,UE_PWR_HEADROOM_PUSCH_LEVEL14,UE_PWR_HEADROOM_PUSCH_LEVEL3,UE_PWR_HEADROOM_PUSCH_LEVEL4,UE_PWR_HEADROOM_PUSCH_LEVEL5,UE_PWR_HEADROOM_PUSCH_LEVEL15,UE_PWR_HEADROOM_PUSCH_LEVEL6,UE_PWR_HEADROOM_PUSCH_LEVEL16,UE_PWR_HEADROOM_PUSCH_LEVEL7,UE_PWR_HEADROOM_PUSCH_LEVEL17,UE_PWR_HEADROOM_PUSCH_LEVEL18,UE_PWR_HEADROOM_PUSCH_LEVEL8,UE_PWR_HEADROOM_PUSCH_LEVEL9,UE_PWR_HEADROOM_PUSCH_MIN,UE_PWR_HEADROOM_PUSCH_LEVEL19,UE_PWR_HEADROOM_PUSCH_MAX,UE_PWR_HEADROOM_PUSCH_AVG,SINR_PUCCH_MIN,UE_PWR_HEADROOM_PUSCH_LEVEL20,UE_PWR_HEADROOM_PUSCH_LEVEL21,SINR_PUCCH_MAX,UE_PWR_HEADROOM_PUSCH_LEVEL22,SINR_PUCCH_AVG,UE_PWR_HEADROOM_PUSCH_LEVEL23,SINR_PUSCH_MIN,UE_PWR_HEADROOM_PUSCH_LEVEL24,UE_PWR_HEADROOM_PUSCH_LEVEL25,SINR_PUSCH_MAX,UE_PWR_HEADROOM_PUSCH_LEVEL26,SINR_PUSCH_AVG,SINR_PUCCH_LEVEL_1,UE_PWR_HEADROOM_PUSCH_LEVEL27,UE_PWR_HEADROOM_PUSCH_LEVEL28,SINR_PUCCH_LEVEL_2,UE_PWR_HEADROOM_PUSCH_LEVEL29,UE_PWR_HEADROOM_PUSCH_LEVEL30,SINR_PUCCH_LEVEL_3,SINR_PUCCH_LEVEL_4,UE_PWR_HEADROOM_PUSCH_LEVEL31,UE_PWR_HEADROOM_PUSCH_LEVEL32,SINR_PUCCH_LEVEL_5,SINR_PUCCH_LEVEL_6,SINR_PUCCH_LEVEL_8,SINR_PUCCH_LEVEL_7,SINR_PUCCH_LEVEL_9,SINR_PUCCH_LEVEL_22,SINR_PUSCH_LEVEL_1,SINR_PUSCH_LEVEL_2,SINR_PUCCH_LEVEL_10,SINR_PUCCH_LEVEL_11,SINR_PUSCH_LEVEL_3,SINR_PUSCH_LEVEL_4,SINR_PUSCH_LEVEL_5,SINR_PUSCH_LEVEL_6,SINR_PUCCH_LEVEL_12,SINR_PUCCH_LEVEL_13,SINR_PUCCH_LEVEL_14,SINR_PUSCH_LEVEL_7,SINR_PUSCH_LEVEL_8,SINR_PUSCH_LEVEL_9,SINR_PUSCH_LEVEL_10,SINR_PUCCH_LEVEL_15,SINR_PUSCH_LEVEL_11,SINR_PUCCH_LEVEL_16,SINR_PUCCH_LEVEL_17,SINR_PUSCH_LEVEL_12,SINR_PUSCH_LEVEL_13,SINR_PUSCH_LEVEL_14,SINR_PUCCH_LEVEL_18,SINR_PUSCH_LEVEL_15,SINR_PUCCH_LEVEL_19,SINR_PUSCH_LEVEL_16,SINR_PUSCH_LEVEL_17,SINR_PUCCH_LEVEL_20,SINR_PUCCH_LEVEL_21,SINR_PUSCH_LEVEL_18,SINR_PUSCH_LEVEL_19,RSSI_CELL_PUCCH_MEAN,SINR_PUSCH_LEVEL_20,RSSI_CELL_PUCCH_LEVEL_1,SINR_PUSCH_LEVEL_21,RSSI_CELL_PUCCH_LEVEL_2,SINR_PUSCH_LEVEL_22,RSSI_CELL_PUCCH_LEVEL_3,UL_AMC_UPGRADE,RSSI_CELL_PUCCH_LEVEL_4,UL_AMC_DOWNGRADE,RSSI_CELL_PUCCH_MIN,RSSI_CELL_PUCCH_MAX,RSSI_CELL_PUCCH_LEVEL_5,RSSI_CELL_PUCCH_LEVEL_6,RSSI_CELL_PUCCH_LEVEL_7,AVG_RTWP_RX_ANT_1,RSSI_CELL_PUCCH_LEVEL_9,RSSI_CELL_PUCCH_LEVEL_8,RSSI_CELL_PUCCH_LEVEL_10,AVG_RTWP_RX_ANT_2,RSSI_CELL_PUCCH_LEVEL_11,RSSI_CELL_PUCCH_LEVEL_18,RSSI_CELL_PUCCH_LEVEL_19,RSSI_CELL_PUCCH_LEVEL_20,RSSI_CELL_PUCCH_LEVEL_21,RSSI_CELL_PUCCH_LEVEL_22,RSSI_CELL_PUCCH_LEVEL_12,RSSI_CELL_PUSCH_MIN,RSSI_CELL_PUSCH_MAX,RSSI_CELL_PUCCH_LEVEL_13,RSSI_CELL_PUSCH_MEAN,AVG_RTWP_RX_ANT_3,RSSI_CELL_PUCCH_LEVEL_14,RSSI_CELL_PUCCH_LEVEL_15,RSSI_CELL_PUCCH_LEVEL_16,RSSI_CELL_PUSCH_LEVEL_1,RSSI_CELL_PUCCH_LEVEL_17,RSSI_CELL_PUSCH_LEVEL_2,RSSI_CELL_PUSCH_LEVEL_3,RSSI_CELL_PUSCH_LEVEL_8,RSSI_CELL_PUSCH_LEVEL_4,RSSI_CELL_PUSCH_LEVEL_9,RSSI_CELL_PUSCH_LEVEL_10,RSSI_CELL_PUSCH_LEVEL_5,RSSI_CELL_PUSCH_LEVEL_6,RSSI_CELL_PUSCH_LEVEL_7,AVG_RTWP_RX_ANT_4
2022-03-17,"MRBTS-5083,LNBTS-5083,LNCEL-1,MCC-619,MNC-05",561.0,Nokia,"4G : PLMN-MRBTS-LNBTS-LNCEL, MCC-MNC",dynamic,0.4166666666666667,,-97.0,-139.0,1099.0,3071.0,-111.0,-139.0,4307.0,-83.0,-109.0,4782.0,7673.0,0.0,0.0,17093.0,20462.0,0.0,10365.0,2839.0,0.0,534.0,830.0,76.0,0.0,470.0,0.0,674.0,0.0,0.0,674.0,1340.0,0.0,1773.0,6128.0,1901.0,110.0,336.0,2483.0,1398.0,3186.0,79.0,3173.0,3.0,3277.0,2953.0,2747.0,1.0,550.0,227.0,8.0,1.0,0.0,0.0,839.0,726.0,0.0,1.0,2234.0,13.0,45.0,77.0,224.0,106.0,15.0,106.0,5.0,124.0,231.0,693.0,3.0,23.0,42.0,22.0,-21.0,24.0,5.0,23.0,4.0,9.0,0.0,-24.0,0.0,0.0,36.0,0.0,11.0,1281.0,0.0,0.0,1629.0,0.0,0.0,730.0,111.0,0.0,0.0,713.0,657.0,3057.0,1663.0,4328.0,0.0,4412.0,828.0,8351.0,17727.0,390.0,287.0,175.0,56.0,19667.0,10028.0,2393.0,107.0,339.0,630.0,1187.0,328.0,1746.0,606.0,327.0,1830.0,2411.0,3136.0,5.0,3121.0,0.0,3457.0,2882.0,0.0,0.0,2864.0,773.0,-123.0,230.0,249202.0,75.0,14128.0,14.0,19439.0,2017.0,10205.0,200.0,-130.0,-104.0,4531.0,1065.0,653.0,,484.0,292.0,0.0,,0.0,0.0,0.0,0.0,0.0,0.0,0.0,-130.0,-94.0,0.0,-122.0,,0.0,0.0,0.0,277659.0,0.0,2198.0,2884.0,2118.0,3434.0,739.0,169.0,4313.0,3791.0,2593.0,
2022-03-17,"MRBTS-5090,LNBTS-5090,LNCEL-21,MCC-619,MNC-05",539.0,Nokia,"4G : PLMN-MRBTS-LNBTS-LNCEL, MCC-MNC",dynamic,0.4166666666666667,,-96.0,-139.0,161.0,42.0,-104.0,-139.0,75.0,-85.0,-109.0,709.0,159.0,0.0,0.0,431.0,747.0,0.0,6144.0,5448.0,0.0,5658.0,4590.0,2075.0,0.0,650.0,0.0,69.0,0.0,0.0,3431.0,1510.0,0.0,700.0,2261.0,763.0,282.0,13441.0,1552.0,37.0,1562.0,549.0,3395.0,251.0,7575.0,1787.0,1373.0,39.0,1252.0,646.0,4.0,0.0,0.0,0.0,531.0,198.0,0.0,1.0,1.0,656.0,207.0,117.0,13.0,46.0,1.0,487.0,0.0,0.0,1049.0,1370.0,3.0,0.0,63.0,14.0,-20.0,0.0,0.0,22.0,0.0,14.0,0.0,-25.0,0.0,0.0,31.0,0.0,10.0,311.0,0.0,0.0,259.0,0.0,0.0,124.0,5.0,0.0,1.0,21.0,119.0,71.0,113.0,141.0,0.0,1130.0,607.0,284.0,701.0,274.0,119.0,103.0,194.0,3922.0,7770.0,5471.0,9415.0,6590.0,2113.0,738.0,4774.0,831.0,2187.0,616.0,1228.0,1674.0,1149.0,0.0,9555.0,0.0,1791.0,1927.0,0.0,0.0,1178.0,990.0,-121.0,689.0,275394.0,77.0,335.0,1.0,739.0,820.0,4952.0,368.0,-130.0,-103.0,5255.0,5277.0,4409.0,,1104.0,2523.0,5.0,,0.0,0.0,0.0,0.0,0.0,0.0,0.0,-130.0,-98.0,0.0,-115.0,,0.0,0.0,0.0,264099.0,0.0,3108.0,15133.0,152.0,1353.0,228.0,7620.0,386.0,335.0,355.0,
2022-03-17,"MRBTS-5050,LNBTS-5050,LNCEL-21,MCC-619,MNC-05",564.0,Nokia,"4G : PLMN-MRBTS-LNBTS-LNCEL, MCC-MNC",dynamic,0.4166666666666667,,-81.0,-139.0,503.0,483.0,-109.0,-139.0,394.0,-78.0,-113.0,2636.0,502.0,603.0,410.0,1209.0,2567.0,0.0,1594.0,2521.0,0.0,1673.0,1251.0,547.0,2.0,719.0,0.0,47.0,0.0,2.0,895.0,804.0,0.0,630.0,9221.0,567.0,786.0,1000.0,820.0,75.0,703.0,799.0,484.0,496.0,589.0,1345.0,1759.0,390.0,1117.0,1185.0,66.0,20.0,3.0,1.0,31.0,7.0,94.0,94.0,20.0,165.0,26.0,31.0,48.0,25.0,68.0,27.0,8.0,9.0,38.0,30.0,1.0,6.0,37.0,13.0,-25.0,0.0,0.0,27.0,0.0,8.0,0.0,-26.0,0.0,0.0,35.0,0.0,6.0,686.0,0.0,0.0,1143.0,0.0,0.0,764.0,226.0,0.0,0.0,262.0,322.0,1035.0,684.0,1419.0,0.0,6193.0,1219.0,1378.0,1938.0,536.0,571.0,763.0,742.0,1408.0,2261.0,1805.0,880.0,1030.0,797.0,630.0,853.0,598.0,612.0,459.0,700.0,711.0,644.0,256.0,518.0,102.0,1020.0,1961.0,3.0,0.0,1269.0,1485.0,-123.0,717.0,288565.0,421.0,1310.0,275.0,2410.0,1413.0,1143.0,139.0,-130.0,-89.0,1746.0,1433.0,758.0,,729.0,781.0,648.0,,460.0,0.0,0.0,0.0,0.0,0.0,11.0,-130.0,-91.0,0.0,-120.0,,0.0,0.0,0.0,290253.0,2.0,738.0,616.0,1083.0,729.0,1224.0,805.0,552.0,1404.0,1260.0,
2022-03-19,"MRBTS-5079,LNBTS-5079,LNCEL-31,MCC-619,MNC-05",86756.0,Nokia,"4G : PLMN-MRBTS-LNBTS-LNCEL, MCC-MNC",dynamic,0.2777777777777778,,-97.0,-138.0,72.0,137.0,-111.0,-139.0,142.0,-94.0,-125.0,1142.0,217.0,0.0,0.0,160.0,259.0,0.0,564.0,801.0,0.0,585.0,612.0,164.0,0.0,1.0,0.0,12.0,0.0,0.0,112.0,171.0,0.0,178.0,3957.0,95.0,102.0,230.0,90.0,9.0,31.0,0.0,32.0,0.0,28.0,10.0,3.0,0.0,3.0,0.0,0.0,0.0,0.0,0.0,10.0,1.0,6.0,1.0,0.0,12.0,8.0,8.0,0.0,13.0,0.0,5.0,0.0,0.0,13.0,13.0,1.0,0.0,24.0,13.0,-22.0,0.0,0.0,21.0,0.0,7.0,0.0,-21.0,0.0,0.0,25.0,0.0,-6.0,293.0,0.0,0.0,520.0,0.0,0.0,254.0,79.0,0.0,0.0,158.0,83.0,162.0,143.0,184.0,0.0,2198.0,1026.0,183.0,313.0,354.0,201.0,156.0,90.0,423.0,542.0,700.0,175.0,178.0,132.0,198.0,556.0,116.0,261.0,2.0,75.0,60.0,33.0,0.0,26.0,0.0,15.0,7.0,0.0,0.0,1.0,1.0,-130.0,0.0,215696.0,0.0,161.0,0.0,361.0,37.0,517.0,34.0,-130.0,-105.0,729.0,735.0,574.0,,1.0,223.0,0.0,,0.0,0.0,0.0,0.0,0.0,0.0,0.0,-130.0,-107.0,0.0,-130.0,,0.0,0.0,0.0,218478.0,0.0,130.0,60.0,6.0,115.0,0.0,0.0,173.0,21.0,14.0,
2022-03-19,"MRBTS-5079,LNBTS-5079,LNCEL-21,MCC-619,MNC-05",86754.0,Nokia,"4G : PLMN-MRBTS-LNBTS-LNCEL, MCC-MNC",dynamic,0.2777777777777778,,-92.0,-137.0,248.0,369.0,-110.0,-139.0,2477.0,-91.0,-125.0,1222.0,2693.0,62.0,5.0,2767.0,1264.0,0.0,1529.0,1459.0,0.0,1346.0,870.0,660.0,0.0,135.0,0.0,23.0,0.0,0.0,42.0,33.0,0.0,91.0,12396.0,210.0,49.0,71.0,357.0,156.0,514.0,2.0,503.0,0.0,640.0,473.0,268.0,0.0,124.0,29.0,0.0,0.0,0.0,0.0,92.0,383.0,4.0,0.0,226.0,0.0,1.0,0.0,66.0,67.0,6.0,56.0,2.0,0.0,7.0,25.0,7.0,0.0,32.0,23.0,-18.0,0.0,0.0,21.0,0.0,6.0,0.0,-21.0,0.0,0.0,27.0,0.0,-6.0,228.0,0.0,0.0,321.0,0.0,0.0,181.0,153.0,0.0,0.0,641.0,648.0,2685.0,1007.0,3679.0,0.0,10695.0,1172.0,3196.0,1845.0,245.0,121.0,142.0,57.0,996.0,723.0,467.0,58.0,60.0,36.0,73.0,249.0,173.0,61.0,26.0,297.0,432.0,583.0,0.0,582.0,0.0,519.0,372.0,0.0,0.0,148.0,32.0,-125.0,5.0,209594.0,0.0,2785.0,0.0,1490.0,174.0,1213.0,34.0,-130.0,-100.0,1193.0,1116.0,718.0,,178.0,640.0,57.0,,11.0,0.0,0.0,0.0,0.0,0.0,0.0,-130.0,-101.0,0.0,-130.0,,0.0,0.0,0.0,216003.0,0.0,176.0,332.0,346.0,333.0,103.0,18.0,472.0,723.0,488.0,
2022-03-19,"MRBTS-5079,LNBTS-5079,LNCEL-11,MCC-619,MNC-05",86752.0,Nokia,"4G : PLMN-MRBTS-LNBTS-LNCEL, MCC-MNC",dynamic,0.2777777777777778,,-90.0,-138.0,199.0,345.0,-106.0,-139.0,611.0,-82.0,-113.0,1413.0,959.0,302.0,38.0,1403.0,2402.0,6.0,3238.0,3126.0,0.0,3002.0,3042.0,1884.0,0.0,862.0,0.0,509.0,0.0,0.0,406.0,285.0,0.0,380.0,3687.0,418.0,1379.0,950.0,564.0,243.0,685.0,248.0,787.0,37.0,830.0,575.0,321.0,1.0,191.0,119.0,2.0,5.0,0.0,0.0,158.0,270.0,4.0,6.0,22.0,7.0,33.0,35.0,54.0,27.0,6.0,95.0,0.0,0.0,861.0,870.0,3.0,0.0,31.0,17.0,-24.0,0.0,0.0,26.0,0.0,9.0,0.0,-27.0,0.0,0.0,34.0,0.0,6.0,902.0,0.0,0.0,870.0,0.0,0.0,423.0,515.0,0.0,0.0,675.0,647.0,1045.0,683.0,1028.0,0.0,1209.0,241.0,1347.0,2167.0,235.0,504.0,1169.0,1409.0,2708.0,2954.0,2771.0,983.0,622.0,276.0,366.0,2097.0,442.0,1395.0,478.0,499.0,637.0,815.0,113.0,765.0,14.0,648.0,409.0,0.0,0.0,212.0,128.0,-120.0,236.0,201477.0,61.0,1172.0,4.0,730.0,238.0,1718.0,92.0,-130.0,-98.0,2746.0,3527.0,3309.0,,1242.0,2603.0,398.0,,61.0,0.0,0.0,0.0,0.0,0.0,10.0,-130.0,-94.0,0.0,-125.0,,0.0,0.0,0.0,213758.0,0.0,461.0,733.0,244.0,837.0,103.0,103.0,1078.0,973.0,480.0,
2022-03-17,"MRBTS-5084,LNBTS-5084,LNCEL-11,MCC-619,MNC-05",570.0,Nokia,"4G : PLMN-MRBTS-LNBTS-LNCEL, MCC-MNC",dynamic,0.4166666666666667,,-91.0,-139.0,279.0,10.0,-106.0,-139.0,243.0,-78.0,-101.0,618.0,781.0,225.0,472.0,710.0,754.0,5.0,3039.0,3654.0,0.0,2743.0,1398.0,593.0,0.0,201.0,0.0,28.0,0.0,0.0,98.0,82.0,0.0,44.0,1399.0,21.0,63.0,95.0,35.0,15.0,81.0,695.0,191.0,605.0,503.0,978.0,667.0,408.0,771.0,1003.0,71.0,13.0,4.0,3.0,33.0,13.0,8.0,0.0,21.0,1.0,48.0,3.0,243.0,1.0,320.0,7.0,37.0,35.0,9.0,70.0,4.0,108.0,39.0,28.0,-20.0,3.0,0.0,24.0,0.0,12.0,0.0,-21.0,0.0,0.0,36.0,0.0,17.0,162.0,0.0,0.0,280.0,0.0,0.0,155.0,0.0,0.0,0.0,9.0,149.0,74.0,153.0,611.0,0.0,708.0,244.0,897.0,869.0,177.0,121.0,109.0,70.0,3324.0,2932.0,3458.0,68.0,137.0,65.0,60.0,1428.0,29.0,565.0,284.0,27.0,61.0,127.0,375.0,338.0,0.0,882.0,875.0,0.0,0.0,761.0,958.0,-123.0,927.0,286617.0,624.0,678.0,462.0,820.0,911.0,2774.0,27.0,-130.0,-99.0,2814.0,3068.0,1618.0,,393.0,507.0,227.0,,438.0,0.0,0.0,0.0,0.0,0.0,43.0,-130.0,-88.0,0.0,-119.0,,0.0,0.0,0.0,293966.0,0.0,72.0,53.0,710.0,131.0,840.0,643.0,370.0,785.0,907.0,
2022-03-12,"MRBTS-5084,LNBTS-5084,LNCEL-11,MCC-619,MNC-05",570.0,Nokia,"4G : PLMN-MRBTS-LNBTS-LNCEL, MCC-MNC",dynamic,0.3472222222222222,,-93.0,-137.0,672.0,584.0,-111.0,-139.0,28.0,-80.0,-125.0,1116.0,61.0,9.0,1.0,146.0,1111.0,0.0,1448.0,1355.0,0.0,600.0,33.0,18.0,0.0,11.0,0.0,10.0,0.0,0.0,202.0,232.0,0.0,171.0,41203.0,50.0,140.0,132.0,66.0,51.0,27.0,46.0,104.0,33.0,316.0,360.0,118.0,14.0,93.0,60.0,0.0,2.0,1.0,0.0,25.0,67.0,1707.0,59.0,7.0,59.0,184.0,1.0,21.0,6.0,2.0,0.0,2.0,2.0,3.0,1.0,1.0,3.0,42.0,5.0,-18.0,4.0,5.0,23.0,1.0,8.0,0.0,-21.0,0.0,0.0,34.0,0.0,-6.0,96.0,0.0,0.0,145.0,0.0,0.0,83.0,58.0,0.0,0.0,459.0,664.0,169.0,716.0,69.0,0.0,6280.0,9599.0,166.0,941.0,13175.0,10246.0,1789.0,204.0,939.0,1825.0,804.0,99.0,226.0,198.0,205.0,27.0,88.0,25.0,6.0,67.0,30.0,77.0,1.0,229.0,0.0,383.0,181.0,0.0,0.0,125.0,67.0,-130.0,49.0,828389.0,35.0,147.0,18.0,1052.0,240.0,1175.0,21.0,-130.0,-101.0,1432.0,858.0,36.0,,12.0,17.0,11.0,,1.0,0.0,0.0,0.0,0.0,0.0,0.0,-130.0,-93.0,0.0,-130.0,,0.0,0.0,0.0,831635.0,0.0,219.0,72.0,100.0,28.0,70.0,57.0,166.0,452.0,242.0,
2022-03-19,"MRBTS-5200,LNBTS-5200,LNCEL-21,MCC-619,MNC-05",569.0,Nokia,"4G : PLMN-MRBTS-LNBTS-LNCEL, MCC-MNC",dynamic,1.1111111111111112,,-74.0,-139.0,5292.0,10896.0,-106.0,-139.0,19712.0,-74.0,-109.5,32238.0,38395.0,24685.0,6743.0,73911.0,83016.0,2286.0,101738.0,106290.0,955.0,84770.0,74459.0,55083.0,265.0,37637.0,105.0,5908.0,23.0,4.0,18222.0,15034.0,10.0,11849.0,91185.0,9106.0,36928.0,28373.0,10844.0,5421.0,13281.0,13034.0,14463.0,9946.0,19655.0,18814.0,17312.0,5638.0,20619.0,20250.0,2406.0,896.0,275.0,88.0,8420.0,7322.0,5761.0,1846.0,5140.0,2838.0,2397.0,4555.0,4329.0,6484.0,3514.0,5866.0,3385.0,2637.0,3684.0,4365.0,1.0,1719.0,63.0,19.0,-30.0,881.0,611.0,32.0,470.0,10.0,207.0,-40.0,100.0,31.0,38.0,4.0,8.0,14688.0,0.0,0.0,14760.0,0.0,0.0,8563.0,5952.0,0.0,624.0,9682.0,12898.0,36652.0,22144.0,48431.0,14.0,28492.0,10358.0,76427.0,96137.0,12065.0,16723.0,26755.0,33134.0,94547.0,100684.0,85436.0,30172.0,21753.0,14067.0,12152.0,52823.0,10944.0,41069.0,28051.0,10087.0,12730.0,15763.0,7806.0,17336.0,1424.0,18628.0,20053.0,276.0,49.0,19267.0,20986.0,-110.0,15103.0,441540.0,7322.0,36381.0,4328.0,51381.0,16599.0,56624.0,3054.0,-130.0,-83.0,63038.0,64254.0,53086.0,,44303.0,50898.0,26565.0,,9403.0,0.0,3.0,3.0,0.0,0.0,3046.0,-130.0,-82.0,967.0,-108.5,,349.0,131.0,22.0,732833.0,9.0,9854.0,11115.0,16939.0,11029.0,19208.0,16950.0,13834.0,17131.0,14252.0,
2022-03-15,"MRBTS-5200,LNBTS-5200,LNCEL-21,MCC-619,MNC-05",569.0,Nokia,"4G : PLMN-MRBTS-LNBTS-LNCEL, MCC-MNC",dynamic,0.1388888888888889,,-88.0,-139.0,315.0,623.0,-105.0,-139.0,775.0,-79.0,-120.0,2308.0,1045.0,1100.0,410.0,1522.0,2551.0,50.0,4918.0,6011.0,18.0,5313.0,6181.0,4606.0,0.0,2341.0,0.0,205.0,0.0,0.0,1248.0,841.0,0.0,756.0,50380.0,519.0,1569.0,1870.0,372.0,461.0,484.0,1142.0,566.0,771.0,781.0,1150.0,1339.0,346.0,1801.0,2043.0,103.0,15.0,5.0,2.0,556.0,537.0,2503.0,105.0,664.0,95.0,119.0,130.0,320.0,190.0,154.0,64.0,54.0,43.0,69.0,144.0,1.0,34.0,45.0,13.0,-21.0,3.0,0.0,30.0,1.0,13.0,2.0,-31.0,0.0,0.0,35.0,0.0,-1.0,1048.0,0.0,0.0,833.0,0.0,0.0,425.0,16.0,0.0,0.0,49.0,220.0,879.0,525.0,988.0,0.0,11094.0,8902.0,1677.0,2784.0,11761.0,12586.0,5431.0,1500.0,5091.0,6094.0,7856.0,1807.0,1626.0,852.0,847.0,5988.0,599.0,3832.0,1377.0,404.0,423.0,576.0,283.0,686.0,102.0,970.0,1512.0,15.0,5.0,1715.0,2211.0,-114.0,1547.0,73336.0,652.0,1173.0,402.0,1945.0,1236.0,3232.0,179.0,-130.0,-96.0,3909.0,4713.0,4962.0,,3037.0,4745.0,1195.0,,559.0,0.0,0.0,0.0,0.0,0.0,82.0,-130.0,-85.0,9.0,-111.0,,0.0,0.0,0.0,91617.0,0.0,666.0,464.0,1490.0,390.0,1685.0,1494.0,514.0,805.0,1030.0,
2022-03-11,"MRBTS-5200,LNBTS-5200,LNCEL-21,MCC-619,MNC-05",569.0,Nokia,"4G : PLMN-MRBTS-LNBTS-LNCEL, MCC-MNC",dynamic,0.9027777777777778,,-78.0,-139.0,14599.0,23320.0,-105.0,-139.0,35790.0,-73.0,-106.0,77018.0,75990.0,38594.0,19666.0,143976.0,166773.0,5464.0,254129.0,313272.0,2129.0,268149.0,226650.0,145136.0,552.0,65794.0,142.0,11019.0,58.0,8.0,17222.0,16844.0,7.0,18433.0,163935.0,18492.0,23260.0,23643.0,20841.0,21572.0,21143.0,50104.0,20186.0,37005.0,27558.0,38458.0,41359.0,19466.0,58147.0,75405.0,6878.0,2037.0,399.0,119.0,34359.0,36354.0,2102.0,2206.0,27022.0,2477.0,3972.0,4311.0,23691.0,7128.0,20176.0,10210.0,24336.0,12517.0,10871.0,11171.0,1.0,11755.0,63.0,25.0,-39.0,11565.0,3437.0,35.0,1261.0,11.0,518.0,-44.0,33.0,5.0,38.0,0.0,12.0,37194.0,0.0,1.0,26776.0,0.0,0.0,17148.0,16311.0,0.0,58.0,25687.0,34136.0,81024.0,54477.0,104994.0,108.0,64573.0,33024.0,162375.0,205272.0,28607.0,20159.0,17657.0,20219.0,235953.0,283717.0,258658.0,22980.0,20355.0,15420.0,17650.0,163235.0,20560.0,101732.0,43541.0,19068.0,21229.0,23048.0,16434.0,24898.0,6635.0,35807.0,48157.0,1575.0,234.0,54351.0,77343.0,-107.0,61285.0,90414.0,33490.0,17727.0,21054.0,29836.0,21096.0,41879.0,4275.0,-130.0,-86.0,71082.0,107775.0,120002.0,,109853.0,136695.0,58483.0,,31619.0,6.0,0.0,0.0,0.0,0.0,11673.0,-130.0,-84.0,2965.0,-105.0,,750.0,163.0,65.0,474997.0,10.0,14095.0,15030.0,33351.0,11827.0,44989.0,51646.0,15540.0,21463.0,26457.0,
2022-03-12,"MRBTS-5200,LNBTS-5200,LNCEL-21,MCC-619,MNC-05",569.0,Nokia,"4G : PLMN-MRBTS-LNBTS-LNCEL, MCC-MNC",dynamic,0.6944444444444444,,-82.0,-139.0,832.0,2878.0,-104.0,-139.0,3080.0,-75.0,-106.0,8125.0,6485.0,10392.0,2468.0,15094.0,16694.0,443.0,26617.0,30679.0,160.0,29394.0,27524.0,17181.0,31.0,18033.0,12.0,1262.0,3.0,0.0,1640.0,2164.0,0.0,2280.0,11587.0,2293.0,1665.0,1535.0,2979.0,2826.0,3737.0,4324.0,3709.0,2550.0,3574.0,3894.0,3901.0,682.0,5316.0,5097.0,158.0,81.0,21.0,14.0,1631.0,871.0,57.0,37.0,995.0,106.0,208.0,406.0,619.0,851.0,358.0,1225.0,832.0,781.0,2499.0,1962.0,1.0,683.0,63.0,21.0,-31.0,319.0,222.0,30.0,47.0,13.0,46.0,-34.0,5.0,23.0,36.0,3.0,13.0,1876.0,0.0,0.0,3908.0,0.0,0.0,2145.0,448.0,0.0,14.0,737.0,1358.0,4681.0,3514.0,6195.0,0.0,5787.0,1714.0,13316.0,19268.0,1292.0,975.0,1288.0,1521.0,23135.0,30490.0,37760.0,1558.0,1687.0,1874.0,2237.0,26909.0,2385.0,20539.0,12892.0,2593.0,3402.0,4127.0,5942.0,3521.0,850.0,3915.0,4459.0,143.0,19.0,4776.0,5915.0,-114.0,5333.0,465620.0,2290.0,8631.0,552.0,12209.0,4432.0,17845.0,572.0,-130.0,-90.0,23082.0,28417.0,24307.0,,19609.0,18027.0,10970.0,,3322.0,0.0,0.0,0.0,0.0,0.0,782.0,-130.0,-85.0,201.0,-115.0,,34.0,15.0,4.0,589322.0,0.0,2748.0,3629.0,4087.0,4098.0,4648.0,4175.0,4136.0,3564.0,3556.0,
2022-03-19,"MRBTS-5079,LNBTS-5079,LNCEL-3,MCC-619,MNC-05",86755.0,Nokia,"4G : PLMN-MRBTS-LNBTS-LNCEL, MCC-MNC",dynamic,0.2777777777777778,,-88.0,-139.0,466.0,992.0,-103.0,-139.0,1617.0,-81.0,-105.0,3370.0,3423.0,5316.0,980.0,7349.0,9897.0,373.0,14590.0,15479.0,62.0,20479.0,24085.0,33895.0,0.0,9837.0,0.0,4632.0,0.0,0.0,1952.0,1854.0,0.0,1831.0,4361.0,2155.0,1220.0,723.0,3605.0,2042.0,6072.0,715.0,6037.0,221.0,5551.0,5190.0,4398.0,66.0,3766.0,2232.0,21.0,6.0,1.0,0.0,1309.0,2115.0,4.0,29.0,640.0,48.0,146.0,315.0,423.0,167.0,235.0,170.0,182.0,23.0,374.0,2005.0,1.0,7.0,45.0,20.0,-27.0,0.0,4.0,28.0,41.0,11.0,3.0,-25.0,0.0,0.0,34.0,0.0,13.0,2150.0,0.0,0.0,1748.0,0.0,0.0,773.0,793.0,0.0,0.0,1779.0,2425.0,7920.0,4266.0,11280.0,0.0,2835.0,476.0,15112.0,18605.0,311.0,389.0,748.0,1101.0,17971.0,20884.0,19210.0,1592.0,1689.0,1802.0,2066.0,12873.0,2661.0,10032.0,3448.0,2954.0,4604.0,6021.0,709.0,5249.0,192.0,5047.0,4489.0,40.0,0.0,3663.0,2670.0,-111.0,1281.0,103253.0,255.0,8253.0,74.0,9006.0,2879.0,8402.0,383.0,-130.0,-93.0,11607.0,15447.0,18948.0,,13206.0,22568.0,5763.0,,1835.0,0.0,0.0,0.0,0.0,0.0,528.0,-130.0,-92.0,163.0,-116.0,,13.0,1.0,0.0,177876.0,0.0,1295.0,3572.0,4868.0,6831.0,3059.0,1991.0,7056.0,6085.0,5168.0,
2022-03-19,"MRBTS-5079,LNBTS-5079,LNCEL-1,MCC-619,MNC-05",86751.0,Nokia,"4G : PLMN-MRBTS-LNBTS-LNCEL, MCC-MNC",dynamic,0.2777777777777778,,-84.0,-137.0,2385.0,3968.0,-107.0,-139.0,5376.0,-78.0,-107.0,6581.0,12478.0,616.0,257.0,25749.0,33105.0,88.0,38874.0,41592.0,29.0,19962.0,13975.0,5371.0,8.0,2722.0,3.0,1628.0,0.0,0.0,3192.0,3610.0,0.0,9563.0,13822.0,5716.0,1341.0,2179.0,6480.0,1997.0,6295.0,1893.0,6013.0,712.0,6602.0,6974.0,6834.0,323.0,5289.0,6756.0,37.0,14.0,1.0,1.0,1316.0,1597.0,75.0,35.0,1614.0,36.0,245.0,263.0,1568.0,315.0,1538.0,461.0,1673.0,468.0,1215.0,1325.0,1.0,147.0,48.0,24.0,-32.0,358.0,259.0,26.0,204.0,2.0,51.0,-38.0,19.0,2.0,34.0,0.0,9.0,9813.0,0.0,0.0,10030.0,0.0,0.0,11504.0,15167.0,0.0,0.0,18832.0,18678.0,22703.0,21175.0,21018.0,0.0,12331.0,1612.0,21335.0,17299.0,1013.0,1540.0,2369.0,3147.0,11030.0,7478.0,4058.0,4602.0,5417.0,4867.0,5109.0,1907.0,5375.0,762.0,295.0,5114.0,5994.0,6482.0,48.0,5826.0,7.0,6371.0,5866.0,0.0,0.0,4105.0,3810.0,-112.0,2095.0,63432.0,492.0,11356.0,110.0,17263.0,4950.0,20609.0,796.0,-130.0,-91.0,27906.0,33226.0,24665.0,,4933.0,13193.0,1592.0,,627.0,0.0,0.0,0.0,0.0,0.0,115.0,-130.0,-86.0,50.0,-111.0,,22.0,5.0,1.0,158545.0,0.0,3041.0,5251.0,6258.0,5334.0,5223.0,4493.0,7164.0,11380.0,6514.0,
2022-03-19,"MRBTS-5079,LNBTS-5079,LNCEL-2,MCC-619,MNC-05",86753.0,Nokia,"4G : PLMN-MRBTS-LNBTS-LNCEL, MCC-MNC",dynamic,0.2777777777777778,,-86.0,-139.0,1932.0,6924.0,-105.0,-139.0,8463.0,-75.0,-107.0,9874.0,16893.0,14481.0,3030.0,25132.0,28802.0,1041.0,43486.0,52417.0,1848.0,31722.0,18036.0,20804.0,3173.0,13105.0,0.0,3064.0,0.0,0.0,2103.0,2019.0,0.0,2973.0,22626.0,3200.0,3180.0,2506.0,5052.0,2869.0,6895.0,3155.0,7534.0,877.0,10643.0,11654.0,8617.0,533.0,7226.0,5212.0,240.0,130.0,7.0,8.0,4374.0,3816.0,346.0,100.0,1946.0,239.0,430.0,418.0,805.0,423.0,509.0,1951.0,1664.0,409.0,1418.0,3179.0,1.0,331.0,44.0,22.0,-33.0,1157.0,68.0,28.0,70.0,7.0,5.0,-28.0,0.0,0.0,36.0,0.0,12.0,7889.0,0.0,0.0,7612.0,0.0,0.0,7752.0,11441.0,0.0,0.0,14938.0,10846.0,21982.0,15903.0,24865.0,0.0,9706.0,3009.0,31403.0,32307.0,3379.0,3521.0,2693.0,2576.0,27526.0,27535.0,21412.0,2915.0,2538.0,2211.0,2671.0,11992.0,3600.0,13031.0,9784.0,4112.0,5974.0,7666.0,2487.0,8321.0,419.0,10699.0,10746.0,39.0,0.0,7643.0,6167.0,-107.0,4203.0,75569.0,1268.0,7740.0,772.0,9477.0,5008.0,11925.0,657.0,-130.0,-92.0,18328.0,21753.0,17519.0,,15945.0,18564.0,11584.0,,4314.0,0.0,0.0,0.0,0.0,0.0,1292.0,-130.0,-89.0,2069.0,-111.0,,2866.0,52.0,0.0,154474.0,0.0,2762.0,4998.0,8905.0,5663.0,6844.0,4247.0,7318.0,9021.0,9047.0,
2022-03-17,"MRBTS-5045,LNBTS-5045,LNCEL-31,MCC-619,MNC-05",567.0,Nokia,"4G : PLMN-MRBTS-LNBTS-LNCEL, MCC-MNC",dynamic,0.4861111111111111,,-91.0,-138.0,39.0,293.0,-105.0,-139.0,2970.0,-84.0,-97.0,984.0,2062.0,618.0,60.0,4943.0,5138.0,1.0,6760.0,5864.0,0.0,4467.0,8972.0,6138.0,0.0,3399.0,0.0,303.0,0.0,0.0,180.0,280.0,0.0,338.0,612.0,481.0,75.0,156.0,600.0,105.0,1058.0,995.0,878.0,507.0,1553.0,2521.0,8415.0,600.0,11341.0,6595.0,4.0,0.0,0.0,0.0,178.0,181.0,9.0,11.0,742.0,19.0,21.0,20.0,35.0,41.0,65.0,67.0,224.0,254.0,271.0,173.0,1.0,727.0,63.0,26.0,-19.0,26.0,2.0,25.0,0.0,13.0,0.0,-42.0,0.0,0.0,32.0,0.0,22.0,166.0,0.0,0.0,635.0,0.0,0.0,432.0,55.0,0.0,18.0,41.0,36.0,2267.0,244.0,1864.0,0.0,307.0,22.0,4653.0,5107.0,13.0,60.0,182.0,72.0,6190.0,6075.0,6713.0,102.0,210.0,221.0,327.0,6381.0,435.0,7214.0,4126.0,520.0,894.0,1048.0,507.0,1309.0,2.0,1834.0,6589.0,0.0,0.0,12482.0,7945.0,-119.0,1548.0,316277.0,551.0,4656.0,518.0,4520.0,1018.0,5747.0,126.0,-130.0,-99.0,4962.0,4613.0,6904.0,,5068.0,6470.0,593.0,,169.0,0.0,0.0,0.0,0.0,0.0,11.0,-130.0,-87.0,0.0,-106.0,,0.0,0.0,0.0,323841.0,0.0,456.0,828.0,862.0,1113.0,1320.0,1090.0,1236.0,1491.0,807.0,
2022-03-17,"MRBTS-5084,LNBTS-5084,LNCEL-21,MCC-619,MNC-05",555.0,Nokia,"4G : PLMN-MRBTS-LNBTS-LNCEL, MCC-MNC",dynamic,0.4166666666666667,,-89.0,-139.0,7.0,84.0,-106.0,-139.0,636.0,-83.0,-105.0,1437.0,5057.0,1523.0,1291.0,6473.0,6551.0,506.0,5742.0,11504.0,20.0,6889.0,1319.0,1500.0,0.0,446.0,0.0,273.0,0.0,0.0,706.0,858.0,0.0,844.0,1607.0,616.0,559.0,471.0,571.0,148.0,583.0,476.0,560.0,65.0,778.0,1019.0,1203.0,13.0,1669.0,1859.0,5.0,4.0,0.0,0.0,27.0,831.0,28.0,19.0,38.0,41.0,149.0,246.0,9.0,53.0,12.0,68.0,81.0,5.0,282.0,118.0,1.0,0.0,34.0,18.0,-20.0,0.0,0.0,26.0,0.0,11.0,0.0,-20.0,0.0,0.0,34.0,0.0,14.0,296.0,0.0,0.0,783.0,0.0,0.0,370.0,143.0,0.0,0.0,343.0,397.0,1297.0,373.0,4090.0,0.0,780.0,142.0,6159.0,7023.0,109.0,136.0,311.0,375.0,5266.0,8765.0,8433.0,583.0,555.0,893.0,748.0,2384.0,804.0,1904.0,2166.0,573.0,514.0,630.0,547.0,720.0,246.0,900.0,1221.0,0.0,0.0,1495.0,2232.0,-118.0,707.0,261414.0,22.0,4157.0,16.0,5115.0,1527.0,4202.0,97.0,-130.0,-97.0,9608.0,7690.0,2021.0,,518.0,1837.0,1492.0,,1197.0,0.0,0.0,0.0,0.0,0.0,722.0,-130.0,-96.0,24.0,-122.0,,0.0,0.0,0.0,290238.0,0.0,1041.0,546.0,1285.0,574.0,1461.0,1219.0,890.0,1172.0,1216.0,
2022-03-12,"MRBTS-5084,LNBTS-5084,LNCEL-21,MCC-619,MNC-05",555.0,Nokia,"4G : PLMN-MRBTS-LNBTS-LNCEL, MCC-MNC",dynamic,0.3472222222222222,,-87.0,-139.0,311.0,184.0,-105.0,-139.0,500.0,-72.0,-114.0,3781.0,1944.0,890.0,19.0,2912.0,4762.0,21.0,5487.0,2977.0,3.0,4058.0,5659.0,10070.0,2.0,4202.0,0.0,141.0,0.0,0.0,1012.0,2539.0,0.0,1175.0,6689.0,962.0,1174.0,1126.0,1126.0,12.0,1085.0,363.0,977.0,316.0,888.0,342.0,150.0,6.0,107.0,134.0,6.0,36.0,45.0,51.0,9.0,4.0,42.0,53.0,5.0,523.0,377.0,222.0,328.0,235.0,123.0,1052.0,3.0,12.0,475.0,167.0,1.0,0.0,34.0,13.0,-21.0,0.0,0.0,24.0,0.0,11.0,0.0,-21.0,0.0,0.0,35.0,0.0,4.0,1413.0,0.0,0.0,1984.0,0.0,0.0,592.0,25.0,0.0,0.0,48.0,261.0,2105.0,952.0,2630.0,0.0,3219.0,737.0,2950.0,4258.0,601.0,862.0,932.0,1016.0,6194.0,7156.0,6270.0,1135.0,1145.0,1017.0,2576.0,4788.0,1065.0,3970.0,2154.0,1024.0,1110.0,1099.0,32.0,873.0,0.0,542.0,255.0,0.0,0.0,120.0,120.0,-122.0,474.0,795451.0,338.0,2541.0,49.0,4459.0,631.0,4053.0,192.0,-130.0,-94.0,2866.0,3626.0,4536.0,,5339.0,8656.0,1460.0,,37.0,0.0,0.0,0.0,0.0,0.0,21.0,-130.0,-85.0,3.0,-125.0,,2.0,0.0,0.0,824136.0,0.0,901.0,1014.0,222.0,942.0,163.0,198.0,3206.0,1237.0,331.0,
2022-03-17,"MRBTS-5090,LNBTS-5090,LNCEL-2,MCC-619,MNC-05",557.0,Nokia,"4G : PLMN-MRBTS-LNBTS-LNCEL, MCC-MNC",dynamic,0.4166666666666667,,-82.0,-139.0,2794.0,3194.0,-107.0,-139.0,5103.0,-73.0,-105.0,11047.0,12698.0,1782.0,816.0,24234.0,36019.0,527.0,45276.0,42219.0,351.0,32275.0,18597.0,10491.0,417.0,2560.0,442.0,3873.0,249.0,0.0,2240.0,3849.0,0.0,4878.0,16967.0,6342.0,598.0,892.0,9587.0,1893.0,13448.0,3629.0,14871.0,1527.0,14024.0,14433.0,12056.0,625.0,10343.0,9186.0,181.0,100.0,98.0,12.0,3062.0,2588.0,12.0,5.0,2290.0,22.0,230.0,304.0,1895.0,302.0,1351.0,548.0,386.0,326.0,1504.0,5970.0,2.0,184.0,49.0,21.0,-29.0,39.0,11.0,35.0,6.0,10.0,0.0,-34.0,196.0,1.0,39.0,0.0,14.0,4302.0,0.0,0.0,4469.0,0.0,0.0,3363.0,2682.0,0.0,0.0,3791.0,4412.0,10771.0,7175.0,14703.0,19.0,13992.0,1646.0,25685.0,35503.0,597.0,537.0,832.0,827.0,37481.0,37833.0,29427.0,1150.0,1966.0,3166.0,4630.0,15316.0,6172.0,8627.0,2978.0,7475.0,10574.0,14512.0,1356.0,13955.0,647.0,13566.0,13823.0,456.0,95.0,10993.0,9614.0,-111.0,6768.0,137177.0,2030.0,15497.0,1061.0,21245.0,12712.0,23508.0,950.0,-130.0,-90.0,29739.0,29168.0,18682.0,,6081.0,13627.0,2160.0,,1053.0,0.0,0.0,0.0,0.0,0.0,615.0,-130.0,-86.0,330.0,-111.0,,433.0,534.0,146.0,201366.0,0.0,4371.0,7976.0,10678.0,11658.0,9081.0,6890.0,15870.0,13525.0,11691.0,
2022-03-17,"MRBTS-5050,LNBTS-5050,LNCEL-3,MCC-619,MNC-05",559.0,Nokia,"4G : PLMN-MRBTS-LNBTS-LNCEL, MCC-MNC",dynamic,0.4166666666666667,,-95.0,-139.0,93.0,1482.0,-111.0,-139.0,1575.0,-85.0,-117.0,888.0,3354.0,1.0,0.0,1897.0,1837.0,0.0,2745.0,1100.0,0.0,1140.0,322.0,6.0,0.0,0.0,0.0,31.0,0.0,0.0,869.0,785.0,0.0,474.0,6366.0,263.0,601.0,864.0,157.0,2.0,273.0,139.0,418.0,20.0,317.0,230.0,491.0,5.0,591.0,425.0,2.0,0.0,0.0,0.0,14.0,19.0,24.0,42.0,102.0,65.0,149.0,94.0,48.0,31.0,123.0,31.0,231.0,82.0,6.0,74.0,1.0,77.0,46.0,24.0,-19.0,109.0,65.0,20.0,2.0,7.0,0.0,-20.0,2.0,0.0,34.0,0.0,2.0,244.0,0.0,0.0,484.0,0.0,0.0,230.0,192.0,0.0,0.0,501.0,974.0,2102.0,621.0,1571.0,0.0,2648.0,2654.0,2559.0,1651.0,461.0,188.0,188.0,371.0,1674.0,2260.0,1000.0,633.0,875.0,868.0,712.0,371.0,422.0,6.0,0.0,240.0,187.0,318.0,0.0,420.0,0.0,264.0,336.0,0.0,0.0,488.0,640.0,-130.0,321.0,291379.0,44.0,1858.0,12.0,2024.0,650.0,1827.0,86.0,-130.0,-105.0,1424.0,1118.0,356.0,,1.0,7.0,0.0,,0.0,0.0,0.0,0.0,0.0,0.0,0.0,-130.0,-95.0,0.0,-125.0,,0.0,0.0,0.0,296569.0,0.0,382.0,229.0,450.0,328.0,481.0,267.0,353.0,297.0,405.0,
2022-03-17,"MRBTS-5045,LNBTS-5045,LNCEL-11,MCC-619,MNC-05",571.0,Nokia,"4G : PLMN-MRBTS-LNBTS-LNCEL, MCC-MNC",dynamic,0.4861111111111111,,-82.0,-139.0,766.0,294.0,-107.0,-139.0,404.0,-75.0,-114.0,940.0,1366.0,219.0,91.0,991.0,1202.0,22.0,2213.0,1801.0,13.0,1683.0,1429.0,902.0,2.0,388.0,0.0,15.0,1.0,0.0,86.0,87.0,0.0,79.0,6635.0,75.0,520.0,153.0,89.0,45.0,136.0,662.0,101.0,494.0,208.0,363.0,409.0,233.0,588.0,765.0,263.0,73.0,31.0,59.0,24.0,49.0,20.0,4.0,76.0,100.0,15.0,19.0,63.0,11.0,68.0,11.0,64.0,59.0,14.0,11.0,2.0,38.0,63.0,25.0,-20.0,37.0,12.0,28.0,26.0,10.0,2.0,-29.0,0.0,0.0,36.0,0.0,4.0,161.0,0.0,0.0,399.0,0.0,0.0,249.0,137.0,0.0,7.0,248.0,625.0,502.0,523.0,1392.0,0.0,2623.0,2327.0,1259.0,1604.0,711.0,271.0,473.0,617.0,2005.0,1670.0,1763.0,232.0,122.0,79.0,92.0,990.0,118.0,647.0,379.0,111.0,147.0,154.0,124.0,177.0,41.0,331.0,430.0,9.0,0.0,625.0,833.0,-125.0,758.0,349398.0,389.0,1072.0,489.0,1398.0,628.0,1781.0,49.0,-130.0,-89.0,1613.0,1695.0,1268.0,,481.0,933.0,222.0,,92.0,0.0,0.0,0.0,0.0,0.0,29.0,-130.0,-87.0,8.0,-119.0,,7.0,0.0,0.0,355525.0,1.0,81.0,113.0,450.0,144.0,686.0,570.0,135.0,280.0,274.0,
2022-03-17,"MRBTS-5090,LNBTS-5090,LNCEL-3,MCC-619,MNC-05",572.0,Nokia,"4G : PLMN-MRBTS-LNBTS-LNCEL, MCC-MNC",dynamic,0.4166666666666667,,-88.0,-139.0,2998.0,7667.0,-108.0,-139.0,11094.0,-74.0,-110.0,18825.0,20336.0,4523.0,2171.0,43321.0,48301.0,1023.0,47452.0,47128.0,15.0,26803.0,15003.0,10936.0,0.0,4678.0,0.0,1653.0,0.0,0.0,10146.0,9521.0,0.0,7914.0,36622.0,7092.0,9448.0,12570.0,8323.0,3421.0,9320.0,1795.0,9640.0,1251.0,10820.0,11388.0,10045.0,208.0,8790.0,5083.0,76.0,77.0,36.0,6.0,2995.0,1752.0,114.0,157.0,1514.0,325.0,424.0,845.0,1111.0,1805.0,697.0,1043.0,523.0,325.0,2516.0,3946.0,1.0,1767.0,47.0,21.0,-35.0,24.0,122.0,27.0,675.0,6.0,166.0,-38.0,2.0,0.0,38.0,0.0,7.0,11076.0,0.0,0.0,8327.0,0.0,0.0,6630.0,7607.0,0.0,0.0,12646.0,16905.0,28219.0,22710.0,30830.0,0.0,25063.0,4897.0,38056.0,39723.0,4060.0,5415.0,6919.0,7407.0,29736.0,25022.0,17456.0,9716.0,10320.0,8392.0,8478.0,8535.0,8232.0,5549.0,2429.0,7665.0,8839.0,9519.0,703.0,8812.0,109.0,9643.0,9439.0,6.0,0.0,7307.0,5910.0,-112.0,2748.0,120619.0,821.0,20413.0,569.0,26202.0,12718.0,26990.0,1782.0,-130.0,-96.0,32234.0,27591.0,18040.0,,7095.0,13115.0,4184.0,,2624.0,0.0,0.0,0.0,0.0,0.0,860.0,-130.0,-87.0,28.0,-113.0,,0.0,0.0,0.0,219149.0,0.0,8570.0,6678.0,9768.0,7850.0,8446.0,4501.0,10730.0,10992.0,9451.0,
2022-03-17,"MRBTS-5090,LNBTS-5090,LNCEL-31,MCC-619,MNC-05",568.0,Nokia,"4G : PLMN-MRBTS-LNBTS-LNCEL, MCC-MNC",dynamic,0.4166666666666667,,-94.0,-139.0,380.0,129.0,-108.0,-139.0,121.0,-81.0,-116.0,3193.0,592.0,28.0,0.0,3056.0,3582.0,0.0,12681.0,8598.0,0.0,2447.0,1457.0,568.0,0.0,53.0,0.0,57.0,0.0,0.0,226.0,574.0,0.0,738.0,11992.0,533.0,337.0,274.0,877.0,305.0,785.0,664.0,702.0,504.0,709.0,863.0,668.0,81.0,632.0,834.0,7.0,5.0,3.0,0.0,208.0,304.0,17.0,102.0,176.0,377.0,14.0,24.0,148.0,48.0,35.0,108.0,28.0,7.0,48.0,66.0,2.0,0.0,34.0,17.0,-21.0,0.0,0.0,25.0,0.0,10.0,0.0,-21.0,0.0,0.0,31.0,0.0,3.0,557.0,0.0,0.0,389.0,0.0,0.0,321.0,737.0,0.0,0.0,957.0,499.0,456.0,426.0,1331.0,0.0,3930.0,2964.0,2626.0,4670.0,2780.0,1709.0,475.0,356.0,8571.0,9254.0,4287.0,289.0,209.0,405.0,700.0,1259.0,625.0,430.0,109.0,727.0,813.0,824.0,5.0,659.0,1.0,815.0,851.0,0.0,0.0,647.0,1108.0,-123.0,857.0,269328.0,262.0,2778.0,3.0,5053.0,943.0,8832.0,76.0,-130.0,-101.0,8246.0,3102.0,1852.0,,85.0,693.0,25.0,,1.0,0.0,0.0,0.0,0.0,0.0,0.0,-130.0,-93.0,0.0,-122.0,,0.0,0.0,0.0,291573.0,0.0,687.0,1303.0,635.0,958.0,1150.0,850.0,777.0,546.0,712.0,
2022-03-17,"MRBTS-5089,LNBTS-5089,LNCEL-2,MCC-619,MNC-05",537.0,Nokia,"4G : PLMN-MRBTS-LNBTS-LNCEL, MCC-MNC",dynamic,0.4166666666666667,,-93.0,-139.0,309.0,2057.0,-112.0,-139.0,4263.0,-78.0,-109.0,786.0,3422.0,9.0,4.0,5432.0,1993.0,0.0,1198.0,591.0,0.0,172.0,27.0,29.0,0.0,20.0,0.0,2.0,0.0,0.0,226.0,122.0,0.0,36.0,3031.0,17.0,233.0,400.0,51.0,5.0,170.0,543.0,373.0,346.0,562.0,447.0,512.0,66.0,822.0,754.0,81.0,36.0,3.0,1.0,2.0,0.0,0.0,0.0,9.0,8.0,8.0,67.0,52.0,6.0,76.0,0.0,763.0,2.0,0.0,0.0,5.0,12.0,62.0,38.0,-20.0,23.0,8.0,25.0,11.0,7.0,6.0,-20.0,32.0,12.0,36.0,8.0,10.0,303.0,14.0,77.0,282.0,53.0,222.0,127.0,2.0,45.0,15.0,8.0,113.0,2409.0,402.0,4441.0,0.0,1032.0,617.0,3606.0,5455.0,635.0,455.0,249.0,181.0,1656.0,892.0,409.0,229.0,330.0,197.0,99.0,141.0,46.0,30.0,23.0,57.0,101.0,192.0,9.0,382.0,4.0,614.0,465.0,0.0,0.0,564.0,785.0,-130.0,842.0,290456.0,503.0,4632.0,257.0,2659.0,877.0,1235.0,77.0,-130.0,-101.0,694.0,232.0,36.0,,17.0,22.0,12.0,,4.0,0.0,0.0,0.0,0.0,0.0,0.0,-130.0,-90.0,0.0,-121.0,,0.0,0.0,0.0,295245.0,0.0,25.0,134.0,651.0,192.0,680.0,602.0,492.0,542.0,421.0,
2022-03-17,"MRBTS-5045,LNBTS-5045,LNCEL-3,MCC-619,MNC-05",540.0,Nokia,"4G : PLMN-MRBTS-LNBTS-LNCEL, MCC-MNC",dynamic,0.4861111111111111,,-75.0,-139.0,4779.0,9503.0,-105.0,-139.0,17212.0,-78.0,-110.0,16883.0,23967.0,1372.0,1130.0,35192.0,34905.0,2988.0,42719.0,35483.0,1257.0,19909.0,11715.0,10681.0,4897.0,5753.0,9670.0,1622.0,3978.0,4381.0,3373.0,4703.0,12681.0,5497.0,64912.0,5505.0,17122.0,9634.0,6807.0,3174.0,9281.0,4507.0,9045.0,6617.0,11874.0,14174.0,12866.0,4306.0,11383.0,7978.0,1167.0,851.0,40.0,3.0,2214.0,2758.0,422.0,355.0,6272.0,185.0,461.0,468.0,7904.0,865.0,1103.0,1517.0,729.0,610.0,2188.0,2514.0,1.0,494.0,45.0,23.0,-36.0,113.0,120.0,38.0,139.0,11.0,5.0,-31.0,0.0,0.0,38.0,0.0,8.0,7252.0,0.0,0.0,7145.0,0.0,0.0,4165.0,3307.0,0.0,0.0,6481.0,8839.0,22354.0,14577.0,23971.0,18675.0,31951.0,11147.0,31550.0,35675.0,5901.0,5117.0,8466.0,12702.0,32878.0,31485.0,18292.0,14388.0,6003.0,3882.0,5049.0,10386.0,6150.0,6603.0,5456.0,6090.0,8250.0,10313.0,2564.0,10756.0,5308.0,13034.0,13854.0,6681.0,7411.0,11497.0,8875.0,-98.0,5525.0,181663.0,5269.0,16678.0,7426.0,20993.0,12425.0,23013.0,1603.0,-130.0,-83.0,24332.0,19411.0,11984.0,,8015.0,11148.0,1548.0,,1268.0,7157.0,4438.0,1177.0,0.0,0.0,2827.0,-130.0,-89.0,1309.0,-109.0,,3470.0,10546.0,4406.0,261934.0,4615.0,4450.0,6521.0,11297.0,7843.0,9742.0,6361.0,11001.0,11826.0,10759.0,
2022-03-17,"MRBTS-5089,LNBTS-5089,LNCEL-3,MCC-619,MNC-05",550.0,Nokia,"4G : PLMN-MRBTS-LNBTS-LNCEL, MCC-MNC",dynamic,0.4166666666666667,,-91.0,-138.0,316.0,878.0,-106.0,-139.0,2671.0,-80.0,-109.0,847.0,2572.0,40.0,170.0,2255.0,2480.0,5.0,5084.0,3208.0,0.0,5130.0,11609.0,178.0,0.0,100.0,0.0,38.0,0.0,0.0,636.0,834.0,0.0,707.0,3361.0,982.0,616.0,498.0,1195.0,50.0,933.0,1386.0,494.0,238.0,743.0,1111.0,885.0,22.0,435.0,580.0,43.0,11.0,7.0,0.0,40.0,765.0,35.0,19.0,475.0,6.0,28.0,37.0,64.0,331.0,68.0,301.0,39.0,65.0,16.0,50.0,2.0,129.0,46.0,22.0,-23.0,94.0,34.0,24.0,2.0,10.0,0.0,-26.0,1.0,0.0,35.0,0.0,9.0,405.0,0.0,0.0,434.0,0.0,0.0,609.0,930.0,0.0,0.0,1015.0,1069.0,2367.0,1573.0,2567.0,0.0,1901.0,539.0,2257.0,3419.0,462.0,462.0,278.0,434.0,4522.0,4868.0,7965.0,467.0,655.0,701.0,732.0,3354.0,962.0,106.0,53.0,980.0,964.0,795.0,30.0,603.0,0.0,963.0,1058.0,0.0,0.0,557.0,639.0,-120.0,1063.0,265432.0,423.0,2665.0,79.0,5181.0,1463.0,5263.0,119.0,-130.0,-99.0,3365.0,5683.0,11528.0,,99.0,551.0,51.0,,154.0,0.0,0.0,0.0,0.0,0.0,25.0,-130.0,-91.0,0.0,-121.0,,0.0,0.0,0.0,289968.0,0.0,1461.0,1273.0,598.0,1136.0,582.0,810.0,1136.0,1106.0,883.0,
2022-03-19,"MRBTS-5200,LNBTS-5200,LNCEL-31,MCC-619,MNC-05",541.0,Nokia,"4G : PLMN-MRBTS-LNBTS-LNCEL, MCC-MNC",dynamic,1.1111111111111112,,-84.0,-139.0,16353.0,19324.0,-107.5,-139.0,25273.0,-73.0,-117.5,101865.0,48258.0,17091.0,4497.0,73042.0,83355.0,938.0,118539.0,117886.0,357.0,108826.0,88321.0,56049.0,133.0,31776.0,13.0,4626.0,0.0,0.0,29721.0,25683.0,0.0,20861.0,392121.0,16079.0,58586.0,45115.0,17141.0,3657.0,17553.0,10607.0,15744.0,6624.0,19443.0,17375.0,15761.0,3069.0,17836.0,17326.0,1441.0,862.0,137.0,48.0,3770.0,2728.0,5218.0,5473.0,2437.0,7346.0,6384.0,5340.0,2503.0,4639.0,3252.0,5762.0,2042.0,1415.0,5474.0,4432.0,1.0,1452.0,63.0,15.0,-32.0,1142.0,559.0,31.0,240.0,10.0,98.0,-37.0,19.0,7.0,37.0,1.0,0.5,31356.0,0.0,0.0,36611.0,0.0,0.0,18383.0,6750.0,0.0,29.0,13001.0,17291.0,31498.0,20581.0,47613.0,1.0,144868.0,66087.0,72538.0,101185.0,54851.0,54042.0,62301.0,55659.0,114479.0,126255.0,119563.0,47375.0,35357.0,24793.0,21735.0,73899.0,18301.0,48204.0,23607.0,15635.0,17395.0,17639.0,7321.0,18610.0,1530.0,17257.0,19140.0,206.0,24.0,17568.0,18719.0,-110.5,12999.0,384132.0,5516.0,37520.0,3286.0,52681.0,18969.0,63777.0,5459.0,-130.0,-93.0,78475.0,89110.0,69842.0,,40231.0,58618.0,19108.0,,6504.0,0.0,0.0,0.0,0.0,0.0,1462.0,-130.0,-84.0,368.0,-111.5,,126.0,15.0,0.0,716118.0,0.0,20145.0,21315.0,17043.0,17640.0,17792.0,14842.0,17575.0,18132.0,15007.0,
2022-03-15,"MRBTS-5200,LNBTS-5200,LNCEL-31,MCC-619,MNC-05",541.0,Nokia,"4G : PLMN-MRBTS-LNBTS-LNCEL, MCC-MNC",dynamic,0.1388888888888889,,-86.0,-139.0,616.0,686.0,-109.0,-139.0,1872.0,-79.0,-113.0,6094.0,3688.0,340.0,94.0,5153.0,5632.0,10.0,6816.0,5599.0,0.0,4433.0,7202.0,2161.0,1.0,946.0,0.0,290.0,0.0,0.0,1227.0,1316.0,0.0,1100.0,18563.0,1104.0,6921.0,1445.0,880.0,277.0,1143.0,1989.0,977.0,536.0,1397.0,1637.0,1778.0,181.0,1785.0,2411.0,65.0,23.0,7.0,3.0,380.0,210.0,1118.0,158.0,431.0,203.0,246.0,190.0,244.0,114.0,94.0,81.0,91.0,37.0,132.0,180.0,1.0,24.0,63.0,14.0,-24.0,17.0,19.0,27.0,17.0,9.0,3.0,-29.0,4.0,0.0,37.0,0.0,5.0,2911.0,0.0,0.0,2021.0,0.0,0.0,933.0,83.0,0.0,2.0,124.0,316.0,1388.0,835.0,2648.0,0.0,6493.0,1069.0,5345.0,6636.0,786.0,1221.0,5596.0,8583.0,6909.0,6029.0,6430.0,2558.0,1439.0,1189.0,1229.0,5384.0,1159.0,2725.0,479.0,892.0,1021.0,1108.0,123.0,1099.0,23.0,1676.0,1902.0,1.0,0.0,1793.0,2442.0,-115.0,2544.0,68899.0,576.0,3950.0,113.0,4786.0,1883.0,4713.0,457.0,-130.0,-94.0,4955.0,4780.0,6081.0,,1345.0,2844.0,368.0,,149.0,0.0,0.0,0.0,0.0,0.0,22.0,-130.0,-89.0,0.0,-111.0,,1.0,0.0,0.0,87092.0,0.0,1649.0,1115.0,1459.0,1097.0,1479.0,1508.0,925.0,1153.0,1225.0,
2022-03-12,"MRBTS-5200,LNBTS-5200,LNCEL-31,MCC-619,MNC-05",541.0,Nokia,"4G : PLMN-MRBTS-LNBTS-LNCEL, MCC-MNC",dynamic,0.6944444444444444,,-84.0,-139.0,3818.0,11416.0,-108.0,-139.0,12250.0,-73.0,-115.0,31021.0,34598.0,2738.0,558.0,59589.0,52332.0,245.0,72026.0,60071.0,389.0,43532.0,37487.0,29011.0,251.0,12818.0,41.0,3589.0,0.0,0.0,10943.0,10739.0,0.0,10098.0,95131.0,7723.0,28441.0,17742.0,8387.0,2946.0,10630.0,2632.0,10680.0,2342.0,9273.0,9992.0,6606.0,739.0,5998.0,3938.0,237.0,190.0,126.0,20.0,1557.0,1355.0,1601.0,1590.0,976.0,3251.0,2632.0,1841.0,739.0,2168.0,1752.0,2206.0,841.0,282.0,3592.0,3423.0,1.0,49.0,63.0,15.0,-28.0,18.0,4.0,32.0,13.0,11.0,21.0,-33.0,5.0,0.0,37.0,0.0,4.0,11258.0,0.0,0.0,11698.0,0.0,0.0,5691.0,650.0,0.0,2.0,1803.0,2968.0,16124.0,8495.0,24971.0,155.0,30449.0,9280.0,56103.0,59331.0,8471.0,11705.0,23665.0,29987.0,64595.0,65701.0,52415.0,20824.0,14147.0,10157.0,10326.0,34348.0,9174.0,31753.0,12704.0,7467.0,9398.0,11976.0,2605.0,9547.0,340.0,9292.0,9272.0,202.0,281.0,6110.0,4750.0,-113.0,3296.0,331833.0,2292.0,33788.0,1022.0,39710.0,8444.0,44772.0,2304.0,-130.0,-92.0,49503.0,45539.0,32821.0,,18777.0,30026.0,4376.0,,835.0,0.0,0.0,0.0,0.0,0.0,383.0,-130.0,-85.0,349.0,-115.0,,252.0,40.0,0.0,546078.0,0.0,8922.0,9346.0,6229.0,12841.0,4874.0,3560.0,14100.0,12547.0,8375.0,
2022-03-11,"MRBTS-5200,LNBTS-5200,LNCEL-31,MCC-619,MNC-05",541.0,Nokia,"4G : PLMN-MRBTS-LNBTS-LNCEL, MCC-MNC",dynamic,0.9027777777777778,,-68.0,-139.0,13996.0,23375.0,-105.0,-139.0,38261.0,-73.0,-114.0,127658.0,77658.0,35177.0,12912.0,133138.0,159561.0,6662.0,214636.0,257457.0,3490.0,219593.0,195390.0,138144.0,2817.0,74413.0,3368.0,16022.0,5314.0,7694.0,47760.0,46498.0,37440.0,46099.0,431043.0,36498.0,99579.0,72928.0,33864.0,13662.0,29225.0,32390.0,24853.0,20154.0,27851.0,32767.0,31962.0,9096.0,38386.0,43948.0,3777.0,1188.0,172.0,69.0,15260.0,13610.0,12375.0,7396.0,7400.0,14505.0,16427.0,15533.0,8158.0,15979.0,9787.0,18245.0,5889.0,5039.0,16686.0,26876.0,1.0,9007.0,63.0,18.0,-38.0,7572.0,4321.0,32.0,413.0,11.0,116.0,-38.0,31.0,4.0,38.0,4.0,4.0,57119.0,1.0,3.0,59730.0,0.0,0.0,29797.0,16044.0,0.0,29.0,21031.0,26195.0,64863.0,43118.0,88302.0,1419.0,169446.0,40480.0,134182.0,181521.0,45338.0,69864.0,95147.0,93733.0,191420.0,235102.0,227041.0,76362.0,56707.0,42042.0,45014.0,158402.0,42540.0,123548.0,56244.0,31592.0,29764.0,28868.0,16620.0,25880.0,23952.0,31454.0,36752.0,26236.0,6268.0,35568.0,45840.0,-96.0,39083.0,117884.0,18280.0,20379.0,10353.0,32269.0,26499.0,42850.0,9569.0,-130.0,-76.0,70121.0,98938.0,102748.0,,93737.0,116279.0,46552.0,,21168.0,10230.0,9557.0,8637.0,6064.0,2121.0,8133.0,-130.0,-85.0,3388.0,-107.0,,2753.0,3974.0,5178.0,506034.0,8004.0,37042.0,31344.0,27925.0,23190.0,30866.0,30873.0,22389.0,21828.0,22782.0,
2022-03-17,"MRBTS-5044,LNBTS-5044,LNCEL-2,MCC-619,MNC-05",545.0,Nokia,"4G : PLMN-MRBTS-LNBTS-LNCEL, MCC-MNC",dynamic,0.3472222222222222,,-89.0,-139.0,1080.0,974.0,-107.0,-139.0,1887.0,-73.0,-109.0,13382.0,4233.0,4743.0,5599.0,11295.0,22817.0,627.0,31944.0,61110.0,9.0,14209.0,6564.0,4655.0,0.0,1714.0,0.0,1396.0,0.0,0.0,889.0,1028.0,0.0,1259.0,35672.0,2049.0,880.0,1673.0,4102.0,2418.0,7207.0,3491.0,8239.0,1308.0,10297.0,12622.0,9997.0,344.0,11013.0,10441.0,197.0,84.0,40.0,15.0,3640.0,2164.0,8.0,3.0,1314.0,1.0,100.0,25.0,441.0,73.0,410.0,404.0,179.0,478.0,570.0,1322.0,1.0,258.0,48.0,22.0,-31.0,131.0,48.0,29.0,8.0,9.0,14.0,-36.0,5.0,1.0,40.0,0.0,9.0,9104.0,0.0,0.0,3359.0,0.0,0.0,2102.0,1296.0,0.0,0.0,2290.0,4092.0,9062.0,5437.0,11524.0,0.0,31860.0,3167.0,16835.0,23795.0,1202.0,748.0,585.0,711.0,25019.0,32816.0,23534.0,1099.0,1589.0,1360.0,1930.0,6537.0,2368.0,5346.0,3231.0,3355.0,5328.0,7923.0,1178.0,8345.0,268.0,10495.0,11732.0,16.0,1.0,9231.0,10992.0,-112.0,6250.0,110580.0,1758.0,8877.0,819.0,16454.0,7402.0,20849.0,555.0,-130.0,-96.0,37617.0,18706.0,8469.0,,2754.0,5229.0,4653.0,,4789.0,0.0,0.0,0.0,0.0,0.0,978.0,-130.0,-85.0,25.0,-110.0,,0.0,0.0,0.0,167762.0,0.0,1252.0,3456.0,7941.0,4861.0,12249.0,9038.0,6882.0,9633.0,10250.0,
2022-03-17,"MRBTS-5044,LNBTS-5044,LNCEL-11,MCC-619,MNC-05",549.0,Nokia,"4G : PLMN-MRBTS-LNBTS-LNCEL, MCC-MNC",dynamic,0.3472222222222222,,-94.0,-138.0,296.0,18.0,-108.0,-138.0,10.0,-85.0,-117.0,460.0,58.0,22.0,0.0,356.0,353.0,0.0,165.0,364.0,0.0,841.0,575.0,246.0,0.0,75.0,0.0,4.0,0.0,0.0,96.0,133.0,0.0,49.0,2489.0,82.0,158.0,192.0,111.0,4.0,108.0,24.0,85.0,44.0,117.0,164.0,126.0,46.0,250.0,251.0,2.0,0.0,0.0,0.0,1.0,1.0,27.0,8.0,0.0,8.0,12.0,7.0,0.0,10.0,0.0,19.0,0.0,0.0,9.0,18.0,1.0,0.0,24.0,11.0,-19.0,0.0,0.0,23.0,0.0,10.0,0.0,-20.0,0.0,0.0,31.0,0.0,2.0,95.0,0.0,0.0,147.0,0.0,0.0,45.0,1.0,0.0,0.0,82.0,341.0,8.0,63.0,52.0,0.0,1127.0,760.0,304.0,395.0,339.0,64.0,122.0,170.0,170.0,404.0,1066.0,166.0,148.0,111.0,86.0,444.0,80.0,185.0,33.0,75.0,127.0,83.0,4.0,102.0,0.0,134.0,184.0,0.0,0.0,216.0,301.0,-130.0,49.0,236997.0,79.0,284.0,4.0,400.0,212.0,184.0,20.0,-130.0,-102.0,250.0,966.0,547.0,,89.0,252.0,23.0,,0.0,0.0,0.0,0.0,0.0,0.0,0.0,-130.0,-98.0,0.0,-130.0,,0.0,0.0,0.0,238440.0,0.0,173.0,149.0,349.0,108.0,170.0,2.0,139.0,226.0,128.0,
2022-03-17,"MRBTS-5084,LNBTS-5084,LNCEL-31,MCC-619,MNC-05",547.0,Nokia,"4G : PLMN-MRBTS-LNBTS-LNCEL, MCC-MNC",dynamic,0.4166666666666667,,-89.0,-135.0,88.0,1837.0,-107.0,-139.0,1756.0,-83.0,-110.0,486.0,1820.0,89.0,23.0,706.0,1439.0,7.0,2088.0,3921.0,5.0,2656.0,2614.0,1272.0,0.0,989.0,0.0,107.0,0.0,0.0,714.0,500.0,0.0,221.0,3406.0,331.0,323.0,728.0,596.0,70.0,745.0,287.0,371.0,407.0,497.0,613.0,800.0,67.0,515.0,510.0,5.0,1.0,0.0,0.0,16.0,54.0,32.0,153.0,17.0,158.0,43.0,28.0,6.0,85.0,2.0,71.0,6.0,1.0,8.0,17.0,1.0,1.0,37.0,11.0,-16.0,0.0,0.0,26.0,0.0,9.0,0.0,-20.0,0.0,0.0,34.0,0.0,9.0,99.0,0.0,0.0,361.0,0.0,0.0,211.0,140.0,0.0,0.0,40.0,503.0,2654.0,2052.0,1285.0,0.0,638.0,541.0,1354.0,1930.0,737.0,921.0,487.0,298.0,2757.0,3196.0,2369.0,447.0,888.0,561.0,300.0,1626.0,255.0,1068.0,134.0,465.0,743.0,557.0,8.0,427.0,9.0,609.0,853.0,0.0,0.0,625.0,516.0,-123.0,320.0,285077.0,344.0,434.0,105.0,1387.0,838.0,1742.0,69.0,-130.0,-97.0,2938.0,3412.0,2154.0,,1059.0,1614.0,138.0,,26.0,0.0,0.0,0.0,0.0,0.0,8.0,-130.0,-96.0,6.0,-123.0,,0.0,0.0,0.0,294065.0,0.0,248.0,794.0,668.0,985.0,560.0,205.0,503.0,580.0,705.0,
2022-03-12,"MRBTS-5084,LNBTS-5084,LNCEL-31,MCC-619,MNC-05",547.0,Nokia,"4G : PLMN-MRBTS-LNBTS-LNCEL, MCC-MNC",dynamic,0.3472222222222222,,-84.0,-139.0,316.0,1751.0,-104.0,-139.0,2335.0,-78.0,-112.0,18594.0,5968.0,16530.0,3226.0,14991.0,9175.0,1251.0,14575.0,27631.0,102.0,44290.0,48412.0,36111.0,22.0,13316.0,9.0,4646.0,0.0,0.0,8834.0,11058.0,0.0,13784.0,27750.0,13060.0,19998.0,11335.0,15484.0,4160.0,11521.0,1741.0,5767.0,928.0,4389.0,3542.0,2505.0,558.0,1846.0,1947.0,143.0,71.0,8.0,3.0,2711.0,1691.0,243.0,507.0,1263.0,1330.0,1494.0,1572.0,774.0,2221.0,380.0,6530.0,100.0,23.0,9121.0,6884.0,1.0,7.0,63.0,17.0,-29.0,11.0,2.0,27.0,1.0,14.0,0.0,-24.0,0.0,0.0,36.0,0.0,7.0,11140.0,0.0,0.0,5118.0,0.0,0.0,2307.0,60.0,0.0,656.0,147.0,283.0,2635.0,1558.0,5212.0,0.0,9298.0,1535.0,12806.0,11885.0,1419.0,2369.0,7914.0,16728.0,14378.0,26698.0,50308.0,15328.0,10312.0,9144.0,12844.0,51018.0,14232.0,40058.0,11448.0,13808.0,13765.0,8158.0,8940.0,4471.0,2599.0,3941.0,3030.0,7.0,0.0,2068.0,1934.0,-113.0,2192.0,627177.0,1075.0,8959.0,707.0,8279.0,3533.0,10077.0,1517.0,-130.0,-92.0,19348.0,40002.0,41756.0,,18212.0,36737.0,11830.0,,8963.0,0.0,0.0,0.0,0.0,0.0,1566.0,-130.0,-88.0,120.0,-119.0,,25.0,9.0,0.0,732847.0,0.0,29707.0,24198.0,1947.0,14916.0,1938.0,1912.0,11028.0,7216.0,2965.0,
2022-03-19,"MRBTS-5200,LNBTS-5200,LNCEL-3,MCC-619,MNC-05",532.0,Nokia,"4G : PLMN-MRBTS-LNBTS-LNCEL, MCC-MNC",dynamic,0.9722222222222222,,-80.0,-139.0,6029.0,20951.0,-107.0,-139.0,40742.0,-75.0,-109.0,38345.0,59149.0,4182.0,2393.0,71501.0,72941.0,3882.0,92043.0,94309.0,6186.0,64381.0,46779.0,24788.0,7617.0,8362.0,4856.0,4184.0,610.0,13.0,8752.0,9073.0,0.0,9578.0,72698.0,9223.0,12638.0,13126.0,12981.0,3989.0,14670.0,11166.0,12539.0,6158.0,15850.0,18834.0,17268.0,2827.0,17366.0,14460.0,685.0,186.0,75.0,22.0,3585.0,3934.0,97.0,219.0,4632.0,732.0,954.0,1562.0,3923.0,1865.0,2860.0,3526.0,3684.0,1686.0,3239.0,4755.0,1.0,2254.0,55.0,23.0,-31.0,1250.0,703.0,34.0,296.0,7.0,207.0,-45.0,67.0,40.0,38.0,22.0,8.0,28935.0,0.0,3.0,17188.0,0.0,0.0,13282.0,13452.0,0.0,0.0,20136.0,24767.0,60464.0,41340.0,58899.0,1554.0,57010.0,5024.0,69888.0,78011.0,3287.0,4938.0,8181.0,9613.0,72283.0,67533.0,45475.0,11730.0,10298.0,8599.0,9772.0,20558.0,11473.0,11833.0,6355.0,11226.0,14100.0,15108.0,4377.0,14235.0,4538.0,18224.0,18780.0,5102.0,4089.0,15587.0,14540.0,-109.0,10944.0,409886.0,5202.0,37238.0,2304.0,46730.0,14560.0,53594.0,2477.0,-130.0,-88.0,64658.0,61406.0,41087.0,,10036.0,25363.0,4178.0,,3347.0,0.0,0.0,0.0,0.0,0.0,4717.0,-130.0,-83.0,7388.0,-111.0,,6772.0,3341.0,232.0,632936.0,16.0,7053.0,10189.0,19162.0,10725.0,16265.0,12157.0,11432.0,17526.0,17741.0,
2022-03-15,"MRBTS-5200,LNBTS-5200,LNCEL-3,MCC-619,MNC-05",532.0,Nokia,"4G : PLMN-MRBTS-LNBTS-LNCEL, MCC-MNC",dynamic,0.1388888888888889,,-91.0,-139.0,798.0,1074.0,-111.0,-139.0,1966.0,-79.0,-113.0,4592.0,9044.0,68.0,19.0,11308.0,4869.0,2.0,5036.0,4186.0,0.0,2347.0,1269.0,684.0,0.0,227.0,0.0,62.0,0.0,0.0,610.0,492.0,0.0,382.0,22740.0,240.0,1168.0,814.0,371.0,84.0,610.0,1454.0,973.0,761.0,1668.0,2962.0,3125.0,135.0,3122.0,3391.0,335.0,193.0,14.0,2.0,115.0,205.0,942.0,7.0,412.0,15.0,18.0,17.0,1106.0,66.0,658.0,126.0,558.0,252.0,26.0,69.0,3.0,153.0,53.0,30.0,-26.0,207.0,103.0,25.0,27.0,7.0,115.0,-35.0,1114.0,28.0,38.0,11.0,6.0,1740.0,13.0,0.0,1404.0,0.0,0.0,793.0,505.0,0.0,0.0,1147.0,1911.0,3394.0,2142.0,5447.0,0.0,7221.0,5301.0,9431.0,6708.0,6042.0,3420.0,922.0,819.0,4229.0,3963.0,2921.0,882.0,643.0,517.0,435.0,1165.0,346.0,451.0,98.0,317.0,565.0,884.0,38.0,1315.0,2.0,2181.0,3442.0,0.0,0.0,3080.0,3377.0,-119.0,2390.0,77130.0,823.0,6922.0,640.0,5634.0,1718.0,4223.0,164.0,-130.0,-97.0,3876.0,2572.0,1323.0,,336.0,686.0,96.0,,43.0,0.0,0.0,0.0,0.0,0.0,10.0,-130.0,-88.0,2.0,-110.0,,0.0,0.0,0.0,84685.0,0.0,489.0,402.0,2595.0,643.0,2737.0,2374.0,1325.0,1619.0,1957.0,
2022-03-12,"MRBTS-5200,LNBTS-5200,LNCEL-3,MCC-619,MNC-05",532.0,Nokia,"4G : PLMN-MRBTS-LNBTS-LNCEL, MCC-MNC",dynamic,0.6944444444444444,,-87.0,-139.0,3593.0,8882.0,-108.0,-139.0,27045.0,-77.0,-108.0,21583.0,82198.0,4214.0,1049.0,54311.0,43311.0,638.0,49485.0,61590.0,62.0,45034.0,30203.0,14756.0,28.0,8666.0,0.0,2571.0,0.0,0.0,6771.0,9785.0,0.0,75719.0,38044.0,70605.0,4893.0,6232.0,109129.0,1668.0,27119.0,8912.0,8926.0,3284.0,7892.0,7677.0,8728.0,1474.0,12720.0,11418.0,363.0,121.0,32.0,11.0,1491.0,3152.0,105.0,299.0,6284.0,3029.0,5805.0,6034.0,3327.0,2520.0,979.0,1893.0,733.0,421.0,3825.0,3393.0,1.0,460.0,56.0,19.0,-33.0,905.0,449.0,30.0,606.0,8.0,514.0,-38.0,2111.0,225.0,38.0,221.0,10.0,11773.0,58.0,11.0,6842.0,1.0,0.0,3909.0,4051.0,0.0,0.0,9527.0,53918.0,25415.0,42323.0,32596.0,0.0,20642.0,4504.0,40719.0,45946.0,3734.0,3779.0,5688.0,6349.0,42045.0,46786.0,44094.0,6864.0,11612.0,22910.0,32572.0,24322.0,72878.0,13817.0,6063.0,79217.0,63039.0,21502.0,1275.0,7282.0,962.0,7883.0,8597.0,245.0,20.0,10282.0,13067.0,-115.0,10823.0,387231.0,4572.0,29014.0,2059.0,34544.0,10589.0,35801.0,3463.0,-130.0,-95.0,46073.0,43362.0,26166.0,,9549.0,15154.0,4145.0,,1184.0,0.0,0.0,0.0,0.0,0.0,762.0,-130.0,-81.0,69.0,-109.0,,30.0,0.0,0.0,310649.0,0.0,5566.0,11793.0,79830.0,9998.0,22116.0,9292.0,10206.0,86223.0,68530.0,
2022-03-11,"MRBTS-5200,LNBTS-5200,LNCEL-3,MCC-619,MNC-05",532.0,Nokia,"4G : PLMN-MRBTS-LNBTS-LNCEL, MCC-MNC",dynamic,0.9027777777777778,,-80.0,-139.0,10867.0,19234.0,-105.0,-139.0,31265.0,-76.0,-111.0,132825.0,61822.0,57827.0,35112.0,126386.0,167969.0,17895.0,246148.0,258695.0,10737.0,215192.0,186864.0,150927.0,3142.0,88854.0,1103.0,24343.0,8.0,9.0,161633.0,127567.0,0.0,92653.0,182285.0,61877.0,94884.0,186412.0,52767.0,26340.0,46493.0,24256.0,35572.0,16919.0,43125.0,58137.0,53672.0,5412.0,52228.0,37086.0,1191.0,268.0,108.0,12.0,23084.0,26993.0,237.0,560.0,17161.0,1907.0,6169.0,8890.0,18645.0,15513.0,14502.0,21150.0,3390.0,1520.0,25581.0,25830.0,1.0,1193.0,54.0,20.0,-44.0,929.0,422.0,29.0,147.0,9.0,253.0,-46.0,151.0,109.0,37.0,29.0,5.0,91015.0,5.0,2.0,44994.0,0.0,0.0,30691.0,24170.0,0.0,0.0,34612.0,43206.0,95829.0,66074.0,117049.0,0.0,163126.0,26444.0,174319.0,217416.0,25725.0,42483.0,71157.0,102905.0,201848.0,208503.0,174579.0,146717.0,138858.0,94554.0,78433.0,114762.0,61354.0,90120.0,55906.0,44113.0,44478.0,41878.0,28454.0,38818.0,9010.0,49470.0,54582.0,320.0,4.0,40427.0,32495.0,-106.0,22828.0,129669.0,9730.0,21167.0,3982.0,36939.0,26548.0,49791.0,11508.0,-130.0,-73.0,74836.0,97712.0,96161.0,,88853.0,108952.0,54982.0,,39077.0,9.0,3.0,1.0,0.0,3.0,18244.0,-130.0,-84.0,10135.0,-107.0,,4106.0,291.0,21.0,294784.0,10.0,66553.0,80609.0,50224.0,63829.0,48738.0,34033.0,48349.0,39673.0,43964.0,
2022-03-17,"MRBTS-5044,LNBTS-5044,LNCEL-3,MCC-619,MNC-05",533.0,Nokia,"4G : PLMN-MRBTS-LNBTS-LNCEL, MCC-MNC",dynamic,0.3472222222222222,,-89.0,-139.0,376.0,538.0,-104.0,-139.0,2112.0,-78.0,-100.0,7350.0,8311.0,8347.0,5461.0,10526.0,14660.0,4954.0,20820.0,34192.0,3.0,25932.0,14852.0,11465.0,0.0,10921.0,0.0,254.0,0.0,0.0,432.0,807.0,0.0,1154.0,7312.0,1420.0,224.0,326.0,1968.0,719.0,2259.0,3754.0,3415.0,3930.0,7196.0,11237.0,10364.0,6241.0,8215.0,6115.0,2416.0,52.0,20.0,3.0,4032.0,7798.0,2.0,3.0,4611.0,4.0,42.0,26.0,1527.0,185.0,1158.0,135.0,828.0,765.0,183.0,248.0,1.0,606.0,54.0,27.0,-33.0,117.0,525.0,30.0,113.0,12.0,72.0,-35.0,42.0,494.0,36.0,160.0,19.0,3563.0,17.0,1.0,2779.0,0.0,0.0,1751.0,891.0,0.0,0.0,1321.0,2161.0,6219.0,4105.0,8692.0,0.0,6682.0,569.0,13643.0,16990.0,117.0,69.0,133.0,270.0,19158.0,27944.0,28051.0,355.0,558.0,712.0,1156.0,14021.0,1633.0,13660.0,7247.0,1888.0,2465.0,3268.0,2555.0,4651.0,2733.0,8331.0,11328.0,3305.0,31.0,9660.0,7395.0,-109.0,5602.0,109893.0,4156.0,7721.0,7862.0,10651.0,6295.0,13587.0,385.0,-130.0,-96.0,21895.0,21404.0,13304.0,,11642.0,10934.0,7871.0,,5558.0,0.0,0.0,0.0,0.0,0.0,5417.0,-130.0,-86.0,115.0,-107.0,,0.0,0.0,0.0,178410.0,0.0,1197.0,1714.0,9024.0,2191.0,6437.0,5106.0,3575.0,7290.0,9026.0,
2022-03-17,"MRBTS-5044,LNBTS-5044,LNCEL-31,MCC-619,MNC-05",534.0,Nokia,"4G : PLMN-MRBTS-LNBTS-LNCEL, MCC-MNC",dynamic,0.3472222222222222,,-94.0,-136.0,11.0,1807.0,-112.0,-139.0,382.0,-77.0,-108.0,331.0,1504.0,14.0,0.0,812.0,798.0,0.0,154.0,387.0,0.0,287.0,159.0,101.0,0.0,43.0,0.0,12.0,0.0,0.0,112.0,109.0,0.0,122.0,1502.0,104.0,121.0,108.0,22.0,3.0,81.0,240.0,125.0,117.0,620.0,222.0,175.0,180.0,335.0,311.0,82.0,1.0,4.0,1.0,4.0,2.0,77.0,0.0,5.0,4.0,23.0,7.0,3.0,49.0,9.0,88.0,36.0,37.0,14.0,1.0,1.0,37.0,36.0,20.0,-17.0,0.0,0.0,23.0,0.0,6.0,0.0,-21.0,0.0,0.0,34.0,0.0,11.0,80.0,0.0,0.0,169.0,0.0,0.0,84.0,10.0,0.0,0.0,5.0,12.0,1173.0,990.0,1342.0,0.0,439.0,43.0,665.0,1043.0,176.0,400.0,405.0,113.0,263.0,432.0,301.0,110.0,111.0,122.0,116.0,117.0,113.0,76.0,23.0,48.0,35.0,143.0,5.0,340.0,0.0,500.0,167.0,0.0,0.0,324.0,305.0,-130.0,426.0,237208.0,95.0,752.0,163.0,894.0,392.0,146.0,19.0,-130.0,-101.0,361.0,295.0,134.0,,55.0,123.0,10.0,,2.0,0.0,0.0,0.0,0.0,0.0,0.0,-130.0,-90.0,0.0,-122.0,,0.0,0.0,0.0,237277.0,0.0,124.0,63.0,560.0,97.0,331.0,237.0,233.0,265.0,328.0,
2022-03-17,"MRBTS-5084,LNBTS-5084,LNCEL-3,MCC-619,MNC-05",552.0,Nokia,"4G : PLMN-MRBTS-LNBTS-LNCEL, MCC-MNC",dynamic,0.4166666666666667,,-96.0,-139.0,25.0,270.0,-108.0,-139.0,364.0,-82.0,-102.0,484.0,530.0,0.0,0.0,827.0,1360.0,0.0,2030.0,2121.0,0.0,573.0,815.0,384.0,0.0,4.0,0.0,57.0,0.0,0.0,43.0,190.0,0.0,246.0,653.0,392.0,6.0,8.0,534.0,239.0,598.0,531.0,527.0,145.0,577.0,987.0,853.0,108.0,831.0,918.0,12.0,2.0,0.0,0.0,33.0,74.0,0.0,0.0,53.0,0.0,0.0,1.0,46.0,8.0,39.0,7.0,37.0,27.0,18.0,74.0,8.0,0.0,34.0,23.0,-20.0,0.0,0.0,22.0,0.0,9.0,0.0,-23.0,0.0,0.0,36.0,0.0,17.0,173.0,0.0,0.0,240.0,0.0,0.0,131.0,48.0,0.0,0.0,56.0,167.0,670.0,444.0,852.0,0.0,604.0,48.0,1358.0,1263.0,11.0,7.0,3.0,7.0,1481.0,1701.0,697.0,16.0,27.0,84.0,208.0,255.0,276.0,227.0,24.0,426.0,558.0,630.0,0.0,568.0,0.0,700.0,995.0,0.0,0.0,909.0,1042.0,-122.0,772.0,70803.0,225.0,807.0,45.0,1469.0,1022.0,1915.0,37.0,-130.0,-104.0,1892.0,945.0,712.0,,46.0,539.0,0.0,,0.0,0.0,0.0,0.0,0.0,0.0,0.0,-130.0,-94.0,0.0,-117.0,,0.0,0.0,0.0,72232.0,0.0,451.0,550.0,1188.0,644.0,909.0,431.0,597.0,677.0,898.0,
2022-03-12,"MRBTS-5084,LNBTS-5084,LNCEL-3,MCC-619,MNC-05",552.0,Nokia,"4G : PLMN-MRBTS-LNBTS-LNCEL, MCC-MNC",dynamic,0.3472222222222222,,-86.0,-139.0,3492.0,4792.0,-107.0,-139.0,8623.0,-78.0,-107.0,29174.0,25464.0,2651.0,1474.0,90049.0,122064.0,1427.0,150594.0,112333.0,87.0,44873.0,34431.0,17852.0,3.0,5060.0,0.0,5784.0,0.0,0.0,19933.0,16956.0,0.0,11481.0,40272.0,9488.0,11425.0,17900.0,10507.0,2962.0,14195.0,6913.0,17041.0,3286.0,19365.0,21955.0,20718.0,689.0,21444.0,14936.0,231.0,37.0,8.0,4.0,4925.0,4383.0,45.0,71.0,3670.0,183.0,502.0,876.0,5018.0,856.0,3730.0,2380.0,7467.0,4232.0,4981.0,7077.0,1.0,1491.0,45.0,23.0,-29.0,92.0,18.0,25.0,5.0,5.0,3.0,-32.0,0.0,0.0,33.0,0.0,7.0,17423.0,0.0,0.0,17652.0,0.0,0.0,15482.0,15321.0,0.0,0.0,21065.0,28538.0,100236.0,53531.0,112363.0,0.0,30149.0,5771.0,113955.0,79852.0,6505.0,11384.0,17761.0,18638.0,36518.0,24442.0,10810.0,17126.0,12090.0,9478.0,10946.0,3401.0,14193.0,2317.0,1291.0,16177.0,19270.0,21223.0,243.0,20905.0,3.0,20732.0,14900.0,0.0,0.0,7089.0,3547.0,-115.0,739.0,418364.0,138.0,55707.0,23.0,76223.0,15306.0,77771.0,2634.0,-130.0,-94.0,81236.0,57934.0,34464.0,,6713.0,19486.0,2492.0,,1831.0,0.0,0.0,0.0,0.0,0.0,855.0,-130.0,-88.0,50.0,-113.0,,4.0,0.0,0.0,673709.0,0.0,5753.0,8872.0,21007.0,16487.0,18644.0,12131.0,21514.0,20517.0,18292.0,
2022-03-17,"MRBTS-5044,LNBTS-5044,LNCEL-21,MCC-619,MNC-05",535.0,Nokia,"4G : PLMN-MRBTS-LNBTS-LNCEL, MCC-MNC",dynamic,0.3472222222222222,,-95.0,-138.0,37.0,30.0,-103.0,-138.0,7.0,-88.0,-109.0,642.0,5.0,12.0,0.0,204.0,255.0,0.0,141.0,38.0,0.0,2789.0,1301.0,3324.0,0.0,118.0,0.0,0.0,0.0,0.0,47.0,61.0,0.0,94.0,267.0,58.0,30.0,101.0,104.0,0.0,85.0,79.0,212.0,15.0,114.0,26.0,3.0,0.0,16.0,73.0,0.0,0.0,0.0,0.0,0.0,0.0,0.0,0.0,0.0,0.0,0.0,3.0,0.0,14.0,0.0,23.0,0.0,0.0,141.0,3.0,9.0,0.0,17.0,14.0,-20.0,0.0,0.0,23.0,0.0,13.0,0.0,-20.0,0.0,0.0,29.0,0.0,9.0,257.0,0.0,0.0,267.0,0.0,0.0,173.0,4.0,0.0,0.0,0.0,3.0,108.0,14.0,122.0,0.0,147.0,59.0,433.0,767.0,46.0,11.0,4.0,5.0,402.0,418.0,1464.0,74.0,73.0,53.0,73.0,2854.0,94.0,1460.0,143.0,64.0,112.0,159.0,14.0,176.0,0.0,43.0,8.0,0.0,0.0,19.0,88.0,-123.0,74.0,231790.0,3.0,133.0,0.0,336.0,104.0,118.0,4.0,-130.0,-102.0,47.0,2436.0,1629.0,,237.0,3250.0,17.0,,0.0,0.0,0.0,0.0,0.0,0.0,0.0,-130.0,-101.0,0.0,-130.0,,0.0,0.0,0.0,239104.0,0.0,128.0,17.0,0.0,58.0,105.0,62.0,448.0,54.0,3.0,
2022-03-17,"MRBTS-5050,LNBTS-5050,LNCEL-11,MCC-619,MNC-05",553.0,Nokia,"4G : PLMN-MRBTS-LNBTS-LNCEL, MCC-MNC",dynamic,0.4166666666666667,,-86.0,-139.0,36.0,113.0,-103.0,-139.0,104.0,-76.0,-96.0,2017.0,110.0,70.0,42.0,122.0,431.0,21.0,753.0,4151.0,7.0,20744.0,13099.0,8161.0,3.0,190.0,0.0,11.0,0.0,0.0,269.0,196.0,0.0,94.0,1739.0,77.0,10.0,177.0,72.0,14.0,115.0,6732.0,174.0,4726.0,353.0,359.0,261.0,519.0,748.0,1103.0,124.0,76.0,9.0,10.0,4470.0,4886.0,0.0,0.0,77.0,1.0,1.0,2.0,9.0,5.0,10.0,1.0,9.0,4.0,8.0,7.0,5.0,5.0,53.0,24.0,-28.0,1.0,5.0,28.0,7.0,15.0,13.0,-36.0,26.0,72.0,36.0,20.0,22.0,1242.0,13.0,0.0,543.0,0.0,0.0,292.0,14.0,0.0,0.0,39.0,32.0,437.0,193.0,321.0,0.0,1049.0,344.0,462.0,789.0,308.0,56.0,6.0,7.0,1384.0,2333.0,18201.0,77.0,301.0,225.0,103.0,10283.0,89.0,13261.0,272.0,76.0,95.0,204.0,55.0,269.0,17.0,418.0,328.0,4.0,0.0,608.0,1406.0,-117.0,9302.0,253209.0,2400.0,198.0,272.0,432.0,654.0,489.0,36.0,-130.0,-94.0,2450.0,21219.0,10091.0,,273.0,11509.0,53.0,,42.0,0.0,0.0,0.0,0.0,0.0,19.0,-130.0,-77.0,6.0,-113.0,,4.0,0.0,0.0,284641.0,0.0,174.0,128.0,512.0,179.0,794.0,960.0,260.0,305.0,348.0,
2022-03-17,"MRBTS-5045,LNBTS-5045,LNCEL-21,MCC-619,MNC-05",542.0,Nokia,"4G : PLMN-MRBTS-LNBTS-LNCEL, MCC-MNC",dynamic,0.4861111111111111,,-90.0,-139.0,13.0,51.0,-108.0,-139.0,176.0,-86.0,-109.0,475.0,431.0,9.0,9.0,1362.0,1657.0,2.0,1743.0,990.0,0.0,724.0,448.0,107.0,0.0,12.0,0.0,124.0,0.0,0.0,149.0,140.0,0.0,153.0,985.0,263.0,151.0,592.0,332.0,103.0,217.0,31.0,333.0,6.0,460.0,402.0,501.0,3.0,268.0,214.0,0.0,0.0,0.0,0.0,36.0,56.0,0.0,0.0,9.0,0.0,0.0,1.0,11.0,3.0,6.0,34.0,0.0,0.0,28.0,59.0,9.0,0.0,30.0,20.0,-20.0,0.0,0.0,23.0,0.0,9.0,0.0,-21.0,0.0,0.0,30.0,0.0,9.0,166.0,0.0,0.0,213.0,0.0,0.0,109.0,0.0,0.0,0.0,0.0,8.0,266.0,124.0,453.0,0.0,683.0,119.0,1358.0,1554.0,87.0,35.0,50.0,96.0,1739.0,1161.0,671.0,470.0,313.0,112.0,173.0,300.0,201.0,65.0,21.0,343.0,224.0,335.0,1.0,412.0,0.0,413.0,555.0,0.0,0.0,326.0,209.0,-130.0,39.0,352963.0,5.0,1277.0,0.0,1673.0,381.0,1651.0,30.0,-130.0,-98.0,974.0,835.0,452.0,,16.0,129.0,10.0,,7.0,0.0,0.0,0.0,0.0,0.0,4.0,-130.0,-98.0,0.0,-130.0,,0.0,0.0,0.0,356870.0,0.0,250.0,294.0,424.0,385.0,139.0,116.0,675.0,430.0,359.0,
2022-03-17,"MRBTS-5045,LNBTS-5045,LNCEL-2,MCC-619,MNC-05",556.0,Nokia,"4G : PLMN-MRBTS-LNBTS-LNCEL, MCC-MNC",dynamic,0.4861111111111111,,-91.0,-139.0,5516.0,9634.0,-111.0,-139.0,16125.0,-80.0,-113.0,14377.0,27434.0,206.0,21.0,34538.0,20897.0,7.0,17327.0,10649.0,0.0,9194.0,4235.0,1583.0,0.0,485.0,0.0,2244.0,0.0,0.0,7137.0,9236.0,0.0,10713.0,42803.0,12489.0,13315.0,9024.0,13891.0,1188.0,11265.0,484.0,7200.0,126.0,7149.0,7024.0,6119.0,50.0,3852.0,1764.0,4.0,3.0,3.0,0.0,794.0,812.0,16.0,132.0,692.0,666.0,921.0,598.0,506.0,703.0,1114.0,1914.0,980.0,843.0,5918.0,3899.0,1.0,578.0,46.0,19.0,-32.0,417.0,779.0,28.0,11.0,7.0,24.0,-27.0,3.0,0.0,38.0,0.0,9.0,3843.0,0.0,0.0,2858.0,0.0,0.0,2771.0,3131.0,0.0,0.0,4855.0,6173.0,15160.0,9897.0,19168.0,0.0,14274.0,4283.0,24887.0,26272.0,3821.0,3991.0,4988.0,5715.0,19997.0,12165.0,7541.0,9062.0,13529.0,7315.0,7599.0,7606.0,9653.0,3654.0,1737.0,9787.0,13999.0,13867.0,404.0,9449.0,93.0,7704.0,7507.0,16.0,0.0,6437.0,6083.0,-119.0,3277.0,271144.0,958.0,24070.0,353.0,20912.0,7884.0,14789.0,1220.0,-130.0,-99.0,11347.0,10556.0,4142.0,,707.0,2061.0,231.0,,18.0,0.0,0.0,0.0,0.0,0.0,13.0,-130.0,-93.0,0.0,-118.0,,0.0,0.0,0.0,279922.0,0.0,20111.0,17478.0,5716.0,11085.0,3013.0,1066.0,7704.0,7266.0,5971.0,
2022-03-19,"MRBTS-5200,LNBTS-5200,LNCEL-2,MCC-619,MNC-05",536.0,Nokia,"4G : PLMN-MRBTS-LNBTS-LNCEL, MCC-MNC",dynamic,0.9722222222222222,,-76.0,-139.0,47847.0,77699.0,-106.0,-139.0,108039.0,-75.0,-110.0,173120.0,193837.0,68250.0,45543.0,325973.0,386288.0,16600.0,515938.0,528163.0,11555.0,424602.0,320990.0,231376.0,8738.0,111909.0,11762.0,43110.0,9998.0,3372.0,116303.0,112148.0,228.0,102016.0,351763.0,79843.0,119191.0,140845.0,79029.0,47619.0,86346.0,38609.0,84813.0,28814.0,89598.0,88399.0,74466.0,10721.0,84345.0,68384.0,1089.0,397.0,125.0,39.0,36429.0,39961.0,7350.0,10738.0,28757.0,6597.0,8841.0,11022.0,28026.0,13297.0,19671.0,21541.0,13864.0,10555.0,37208.0,44204.0,1.0,8652.0,56.0,21.0,-41.0,5507.0,6239.0,31.0,1838.0,6.0,653.0,-40.0,374.0,129.0,38.0,19.0,6.0,160453.0,12.0,4.0,86464.0,8.0,0.0,83313.0,105456.0,0.0,0.0,154937.0,183807.0,336464.0,259370.0,351405.0,39.0,149630.0,60452.0,418886.0,432560.0,70114.0,97685.0,118056.0,112998.0,347387.0,299166.0,194300.0,123608.0,114448.0,90108.0,88581.0,98102.0,85301.0,63552.0,31006.0,73973.0,84317.0,90212.0,9085.0,77697.0,3497.0,82218.0,78816.0,1889.0,689.0,62554.0,49522.0,-103.0,29352.0,19427.0,13108.0,8157.0,4533.0,15140.0,56106.0,23524.0,14975.0,-130.0,-85.0,45370.0,79584.0,99255.0,,130664.0,130039.0,94445.0,,63800.0,115.0,6.0,0.0,0.0,0.0,26574.0,-130.0,-83.0,10951.0,-103.0,,10622.0,13869.0,7146.0,223549.0,1311.0,36465.0,37430.0,55412.0,36746.0,55594.0,43661.0,51463.0,58335.0,52163.0,
2022-03-15,"MRBTS-5200,LNBTS-5200,LNCEL-2,MCC-619,MNC-05",536.0,Nokia,"4G : PLMN-MRBTS-LNBTS-LNCEL, MCC-MNC",dynamic,0.1388888888888889,,-84.0,-139.0,2948.0,5750.0,-106.0,-139.0,13293.0,-78.0,-109.0,13078.0,26748.0,4461.0,918.0,43469.0,45384.0,396.0,57749.0,49877.0,142.0,36565.0,32615.0,28117.0,160.0,22869.0,71.0,3285.0,0.0,0.0,7690.0,6810.0,0.0,13500.0,34375.0,14369.0,14550.0,11738.0,10192.0,3827.0,10597.0,3366.0,12459.0,2539.0,12672.0,11715.0,9261.0,676.0,9528.0,6360.0,145.0,58.0,31.0,19.0,4046.0,3036.0,1464.0,173.0,3200.0,702.0,923.0,1073.0,4362.0,1411.0,1700.0,2574.0,893.0,793.0,2453.0,3367.0,1.0,1226.0,53.0,21.0,-31.0,564.0,252.0,28.0,260.0,5.0,79.0,-37.0,48.0,34.0,37.0,11.0,8.0,14441.0,6.0,0.0,9214.0,0.0,0.0,10768.0,17380.0,0.0,0.0,22790.0,23905.0,37170.0,31437.0,35763.0,0.0,19060.0,3141.0,40453.0,40713.0,3499.0,5954.0,10028.0,11679.0,30953.0,25803.0,20114.0,12389.0,10204.0,9089.0,11932.0,13546.0,12547.0,7738.0,1911.0,9194.0,10121.0,12099.0,353.0,10874.0,155.0,10941.0,10204.0,3.0,0.0,7917.0,6032.0,-106.0,3151.0,8338.0,1865.0,2028.0,730.0,3467.0,8334.0,5231.0,1691.0,-130.0,-92.0,8402.0,11561.0,12203.0,,17511.0,15689.0,11924.0,,5307.0,0.0,0.0,0.0,0.0,0.0,846.0,-130.0,-86.0,218.0,-105.0,,133.0,35.0,0.0,33429.0,0.0,2539.0,2243.0,8519.0,2510.0,8654.0,6350.0,4771.0,12593.0,8299.0,
2022-03-12,"MRBTS-5200,LNBTS-5200,LNCEL-2,MCC-619,MNC-05",536.0,Nokia,"4G : PLMN-MRBTS-LNBTS-LNCEL, MCC-MNC",dynamic,0.6944444444444444,,-77.0,-139.0,20681.0,38568.0,-107.0,-139.0,73711.0,-71.0,-109.0,78600.0,129163.0,22735.0,10015.0,211010.0,230194.0,13708.0,256966.0,249988.0,12425.0,181062.0,128720.0,68280.0,304.0,41403.0,29.0,14521.0,61.0,4.0,26170.0,33995.0,2.0,31012.0,174190.0,27263.0,37499.0,30392.0,40413.0,20586.0,39229.0,13932.0,39084.0,5496.0,45666.0,46712.0,48617.0,2384.0,40067.0,26022.0,3444.0,1068.0,2167.0,2410.0,17318.0,24130.0,3608.0,1415.0,16881.0,3044.0,4781.0,4114.0,17128.0,3606.0,14980.0,6376.0,7858.0,5535.0,8130.0,16359.0,1.0,3187.0,55.0,22.0,-36.0,1978.0,1771.0,30.0,292.0,8.0,228.0,-36.0,168.0,23.0,39.0,5.0,9.0,45121.0,7.0,2.0,27618.0,0.0,0.0,21053.0,25123.0,0.0,0.0,46632.0,64982.0,154358.0,105298.0,182596.0,0.0,72478.0,18807.0,233535.0,249380.0,20806.0,28598.0,36581.0,35453.0,196476.0,168298.0,113850.0,32418.0,30235.0,27864.0,33801.0,56654.0,31987.0,35015.0,18115.0,32939.0,41166.0,40879.0,9468.0,39301.0,7549.0,44167.0,47931.0,6227.0,281.0,39186.0,28500.0,-107.0,17374.0,77280.0,6316.0,21549.0,10445.0,35539.0,34661.0,45099.0,5988.0,-130.0,-89.0,69751.0,91542.0,85857.0,,57521.0,77354.0,29713.0,,14607.0,0.0,0.0,0.0,0.0,0.0,17046.0,-130.0,-79.0,9448.0,-102.0,,571.0,70.0,55.0,315235.0,2.0,16415.0,20495.0,43546.0,19822.0,40901.0,28521.0,33334.0,36734.0,31082.0,
2022-03-11,"MRBTS-5200,LNBTS-5200,LNCEL-2,MCC-619,MNC-05",536.0,Nokia,"4G : PLMN-MRBTS-LNBTS-LNCEL, MCC-MNC",dynamic,0.9027777777777778,,-75.0,-139.0,63431.0,94959.0,-105.0,-139.0,149741.0,-75.0,-105.0,173376.0,304922.0,215580.0,146384.0,531621.0,673025.0,85807.0,921016.0,979409.0,56901.0,710905.0,592826.0,449289.0,42117.0,270937.0,23094.0,158826.0,12522.0,7307.0,143251.0,177068.0,21710.0,194241.0,253544.0,192809.0,56065.0,107075.0,245766.0,158261.0,273650.0,79492.0,254483.0,36186.0,281949.0,276121.0,224862.0,14233.0,216049.0,156452.0,4328.0,1343.0,413.0,39.0,144818.0,156279.0,1719.0,5213.0,111957.0,11262.0,24022.0,41346.0,77171.0,56214.0,57489.0,67546.0,39002.0,30244.0,83142.0,112171.0,1.0,16079.0,57.0,21.0,-47.0,8577.0,4443.0,37.0,1505.0,4.0,726.0,-40.0,401.0,489.0,37.0,181.0,9.0,270426.0,128.0,17.0,197397.0,2.0,0.0,244679.0,355113.0,0.0,0.0,491041.0,536001.0,717209.0,663712.0,622508.0,1934.0,218294.0,43351.0,620305.0,534445.0,39507.0,62915.0,97615.0,119740.0,372747.0,305041.0,217054.0,165087.0,193380.0,186877.0,222203.0,133870.0,246839.0,105160.0,77071.0,230089.0,256015.0,256611.0,38668.0,213792.0,15141.0,210459.0,178485.0,5233.0,2124.0,115361.0,77013.0,-97.0,36976.0,2942.0,12770.0,364.0,6040.0,780.0,86893.0,1599.0,26900.0,-130.0,-82.0,4474.0,13005.0,30533.0,,129320.0,75261.0,131716.0,,139431.0,14788.0,3652.0,18.0,0.0,0.0,118738.0,-130.0,-83.0,69482.0,-102.0,,47848.0,27212.0,10463.0,30512.0,9338.0,9485.0,14965.0,90614.0,19579.0,121785.0,124408.0,30502.0,45934.0,58830.0,
2022-03-17,"MRBTS-5090,LNBTS-5090,LNCEL-1,MCC-619,MNC-05",554.0,Nokia,"4G : PLMN-MRBTS-LNBTS-LNCEL, MCC-MNC",dynamic,0.4166666666666667,,-89.0,-139.0,3764.0,2764.0,-106.0,-139.0,3867.0,-80.0,-105.0,2042.0,4565.0,587.0,26.0,5906.0,8744.0,21.0,10296.0,11808.0,1.0,9945.0,8159.0,7478.0,0.0,4002.0,0.0,2992.0,0.0,0.0,173.0,606.0,0.0,1445.0,7342.0,1907.0,19.0,63.0,2606.0,2998.0,3510.0,2715.0,4138.0,1352.0,4587.0,4015.0,3304.0,197.0,3149.0,2997.0,32.0,19.0,4.0,0.0,689.0,812.0,0.0,0.0,817.0,77.0,3.0,4.0,876.0,12.0,346.0,26.0,222.0,473.0,130.0,745.0,5.0,215.0,45.0,23.0,-27.0,261.0,69.0,28.0,12.0,11.0,5.0,-32.0,0.0,0.0,36.0,0.0,14.0,779.0,0.0,0.0,850.0,0.0,0.0,557.0,232.0,0.0,0.0,260.0,1659.0,3712.0,3549.0,5147.0,0.0,5114.0,1356.0,6754.0,9323.0,641.0,268.0,47.0,23.0,9313.0,10878.0,12677.0,40.0,114.0,289.0,787.0,7829.0,1631.0,6840.0,3339.0,2090.0,2768.0,3826.0,245.0,4360.0,22.0,4578.0,4181.0,10.0,0.0,3370.0,2993.0,-117.0,2996.0,237638.0,2130.0,4851.0,578.0,8149.0,3481.0,7581.0,222.0,-130.0,-97.0,9663.0,10763.0,7814.0,,5470.0,7228.0,774.0,,34.0,0.0,0.0,0.0,0.0,0.0,27.0,-130.0,-88.0,1.0,-115.0,,0.0,0.0,0.0,267444.0,0.0,1875.0,2877.0,3552.0,3596.0,2886.0,2157.0,4167.0,4089.0,3432.0,
2022-03-17,"MRBTS-5083,LNBTS-5083,LNCEL-2,MCC-619,MNC-05",551.0,Nokia,"4G : PLMN-MRBTS-LNBTS-LNCEL, MCC-MNC",dynamic,0.4166666666666667,,-98.0,-139.0,153.0,175.0,-106.0,-139.0,589.0,-80.0,-109.0,692.0,1317.0,0.0,0.0,3266.0,6205.0,0.0,13875.0,13211.0,0.0,8380.0,2563.0,215.0,0.0,0.0,0.0,30.0,0.0,0.0,8.0,34.0,0.0,94.0,8195.0,188.0,129.0,22.0,287.0,187.0,503.0,244.0,1245.0,47.0,2776.0,3956.0,2757.0,142.0,1847.0,1001.0,20.0,0.0,5.0,0.0,1695.0,4251.0,104.0,0.0,4552.0,0.0,0.0,1.0,1005.0,0.0,3.0,0.0,2.0,0.0,0.0,6.0,9.0,5.0,52.0,25.0,-19.0,0.0,0.0,22.0,0.0,13.0,0.0,-20.0,0.0,0.0,32.0,1.0,10.0,137.0,1.0,0.0,158.0,0.0,0.0,68.0,0.0,0.0,0.0,58.0,325.0,318.0,149.0,737.0,0.0,4436.0,1420.0,2094.0,3969.0,1178.0,753.0,233.0,202.0,7964.0,15857.0,13187.0,109.0,26.0,26.0,59.0,4898.0,124.0,713.0,9.0,215.0,314.0,600.0,0.0,1451.0,0.0,2965.0,3922.0,0.0,0.0,2552.0,2000.0,-121.0,850.0,252327.0,63.0,3019.0,2.0,6270.0,284.0,11815.0,140.0,-130.0,-104.0,13387.0,10085.0,2716.0,,17.0,360.0,0.0,,0.0,0.0,0.0,0.0,0.0,0.0,0.0,-130.0,-93.0,0.0,-120.0,,0.0,0.0,0.0,285048.0,0.0,203.0,314.0,2717.0,555.0,1796.0,678.0,1607.0,3212.0,3549.0,
2022-03-17,"MRBTS-5045,LNBTS-5045,LNCEL-1,MCC-619,MNC-05",560.0,Nokia,"4G : PLMN-MRBTS-LNBTS-LNCEL, MCC-MNC",dynamic,0.4861111111111111,,-80.0,-139.0,939.0,3773.0,-104.0,-139.0,4175.0,-78.0,-100.0,5987.0,7141.0,7007.0,6890.0,11360.0,14937.0,6383.0,32993.0,33078.0,6493.0,19015.0,16561.0,11846.0,2008.0,6559.0,452.0,284.0,171.0,40.0,688.0,760.0,0.0,993.0,8121.0,1237.0,507.0,506.0,1434.0,424.0,2626.0,7934.0,3566.0,3175.0,5600.0,8436.0,10308.0,1014.0,13709.0,13159.0,745.0,182.0,14.0,7.0,740.0,2049.0,9.0,3.0,8340.0,21.0,28.0,33.0,3978.0,86.0,4088.0,274.0,3172.0,762.0,118.0,543.0,1.0,908.0,57.0,28.0,-30.0,264.0,312.0,31.0,183.0,11.0,89.0,-36.0,37.0,23.0,38.0,79.0,18.0,4266.0,53.0,60.0,3946.0,3.0,0.0,5345.0,2624.0,0.0,0.0,2479.0,3576.0,9911.0,6727.0,12647.0,2.0,6598.0,813.0,16711.0,21256.0,341.0,304.0,394.0,541.0,23631.0,23446.0,15784.0,617.0,837.0,967.0,1226.0,10718.0,1639.0,9051.0,8159.0,1859.0,2614.0,4177.0,7408.0,4965.0,8370.0,7480.0,10102.0,1651.0,100.0,11825.0,12462.0,-108.0,10178.0,207405.0,3233.0,11060.0,1549.0,14940.0,7008.0,20185.0,386.0,-130.0,-88.0,24447.0,19876.0,13550.0,,7492.0,11453.0,5987.0,,6584.0,0.0,0.0,0.0,0.0,0.0,7337.0,-130.0,-88.0,6221.0,-111.0,,2535.0,675.0,179.0,291501.0,65.0,1497.0,1430.0,10695.0,2215.0,11934.0,10448.0,3348.0,5736.0,7461.0,
2022-03-17,"MRBTS-5084,LNBTS-5084,LNCEL-2,MCC-619,MNC-05",558.0,Nokia,"4G : PLMN-MRBTS-LNBTS-LNCEL, MCC-MNC",dynamic,0.4166666666666667,,-92.0,-139.0,429.0,776.0,-107.0,-139.0,656.0,-80.0,-104.0,1669.0,2346.0,80.0,6.0,3675.0,5632.0,0.0,5518.0,6603.0,0.0,6192.0,4022.0,1838.0,0.0,411.0,0.0,178.0,0.0,0.0,476.0,541.0,0.0,786.0,1803.0,1053.0,190.0,293.0,1307.0,236.0,1297.0,766.0,977.0,758.0,1060.0,1650.0,2039.0,86.0,1834.0,932.0,66.0,40.0,1.0,0.0,179.0,366.0,3.0,5.0,1566.0,17.0,16.0,19.0,172.0,92.0,22.0,174.0,17.0,19.0,212.0,264.0,1.0,12.0,47.0,23.0,-28.0,0.0,0.0,24.0,0.0,11.0,2.0,-34.0,3.0,0.0,37.0,0.0,15.0,744.0,0.0,0.0,686.0,0.0,0.0,397.0,215.0,0.0,0.0,481.0,478.0,1447.0,813.0,1994.0,0.0,1408.0,153.0,3535.0,4793.0,70.0,90.0,137.0,149.0,6518.0,6665.0,5933.0,216.0,362.0,501.0,643.0,3780.0,799.0,1185.0,181.0,1063.0,1229.0,1310.0,8.0,1008.0,0.0,1230.0,1652.0,0.0,0.0,1962.0,1746.0,-115.0,1010.0,50647.0,734.0,2857.0,483.0,4784.0,1819.0,4356.0,118.0,-130.0,-99.0,5165.0,6438.0,4178.0,,664.0,2529.0,122.0,,9.0,0.0,0.0,0.0,0.0,0.0,2.0,-130.0,-89.0,0.0,-113.0,,0.0,0.0,0.0,68283.0,0.0,1005.0,1419.0,1727.0,1162.0,1227.0,1141.0,1137.0,1382.0,2001.0,
2022-03-12,"MRBTS-5084,LNBTS-5084,LNCEL-2,MCC-619,MNC-05",558.0,Nokia,"4G : PLMN-MRBTS-LNBTS-LNCEL, MCC-MNC",dynamic,0.3472222222222222,,-89.0,-139.0,4275.0,9694.0,-108.0,-139.0,17292.0,-76.0,-107.0,37477.0,32417.0,964.0,360.0,74444.0,72237.0,36.0,79707.0,107025.0,3.0,65543.0,32235.0,12013.0,0.0,2454.0,0.0,4410.0,0.0,0.0,7295.0,7439.0,0.0,7977.0,49049.0,12015.0,6958.0,7876.0,10292.0,5442.0,13795.0,8754.0,14420.0,2842.0,18442.0,22886.0,21747.0,1692.0,22697.0,18328.0,884.0,139.0,32.0,13.0,4681.0,4180.0,10.0,30.0,5913.0,35.0,346.0,395.0,4282.0,916.0,2668.0,1895.0,1361.0,679.0,2941.0,3158.0,2.0,200.0,50.0,23.0,-36.0,308.0,119.0,27.0,111.0,8.0,253.0,-36.0,15.0,0.0,36.0,2.0,11.0,16667.0,0.0,0.0,17441.0,0.0,0.0,9497.0,4642.0,0.0,0.0,10245.0,14176.0,33424.0,22317.0,42412.0,0.0,36383.0,3812.0,67682.0,77360.0,2683.0,3860.0,5990.0,6462.0,69403.0,78300.0,54640.0,7054.0,8144.0,7404.0,7753.0,20659.0,11568.0,7529.0,1514.0,10416.0,12643.0,15986.0,243.0,16142.0,24.0,21186.0,23478.0,1.0,0.0,20970.0,17638.0,-115.0,11502.0,472404.0,2947.0,40815.0,1551.0,53052.0,17684.0,55523.0,2106.0,-130.0,-93.0,79772.0,72897.0,35191.0,,3962.0,17907.0,982.0,,445.0,0.0,0.0,0.0,0.0,0.0,81.0,-130.0,-86.0,23.0,-112.0,,5.0,1.0,0.0,675836.0,0.0,5931.0,8577.0,20644.0,10531.0,19528.0,13319.0,13681.0,19766.0,20873.0,
2022-03-17,"MRBTS-5089,LNBTS-5089,LNCEL-1,MCC-619,MNC-05",565.0,Nokia,"4G : PLMN-MRBTS-LNBTS-LNCEL, MCC-MNC",dynamic,0.4166666666666667,,-100.0,-138.0,153.0,191.0,-110.0,-139.0,195.0,-86.0,-105.0,132.0,410.0,0.0,0.0,1480.0,1223.0,0.0,403.0,238.0,0.0,100.0,43.0,0.0,0.0,0.0,0.0,0.0,0.0,0.0,47.0,29.0,0.0,37.0,755.0,34.0,132.0,96.0,92.0,0.0,242.0,5.0,203.0,3.0,376.0,591.0,706.0,8.0,682.0,159.0,0.0,0.0,0.0,0.0,4.0,2.0,18.0,8.0,1.0,3.0,0.0,12.0,8.0,4.0,3.0,9.0,179.0,45.0,0.0,0.0,1.0,5.0,39.0,28.0,-18.0,1.0,0.0,18.0,0.0,7.0,0.0,-19.0,0.0,0.0,32.0,0.0,15.0,56.0,0.0,0.0,39.0,0.0,0.0,41.0,28.0,0.0,0.0,156.0,87.0,1040.0,345.0,224.0,0.0,256.0,68.0,784.0,728.0,82.0,132.0,116.0,151.0,434.0,369.0,216.0,109.0,77.0,40.0,33.0,21.0,65.0,0.0,0.0,59.0,91.0,264.0,0.0,234.0,0.0,456.0,642.0,0.0,0.0,726.0,542.0,-130.0,43.0,296636.0,4.0,1384.0,7.0,1130.0,455.0,393.0,23.0,-130.0,-108.0,254.0,146.0,47.0,,0.0,0.0,0.0,,0.0,0.0,0.0,0.0,0.0,0.0,0.0,-130.0,-95.0,0.0,-127.0,,0.0,0.0,0.0,296901.0,0.0,33.0,112.0,585.0,284.0,130.0,74.0,386.0,595.0,808.0,
2022-03-17,"MRBTS-5083,LNBTS-5083,LNCEL-3,MCC-619,MNC-05",566.0,Nokia,"4G : PLMN-MRBTS-LNBTS-LNCEL, MCC-MNC",dynamic,0.4166666666666667,,-101.0,-139.0,152.0,3261.0,-115.0,-139.0,12731.0,-89.0,-122.0,668.0,88.0,0.0,0.0,124.0,308.0,0.0,337.0,468.0,0.0,223.0,77.0,0.0,0.0,0.0,0.0,2.0,0.0,0.0,47.0,53.0,0.0,42.0,22472.0,97.0,3542.0,536.0,110.0,0.0,202.0,1.0,88.0,3.0,28.0,84.0,90.0,0.0,140.0,47.0,0.0,0.0,0.0,0.0,0.0,0.0,1.0,3.0,0.0,19.0,914.0,815.0,0.0,118.0,0.0,12.0,0.0,0.0,0.0,70.0,2.0,0.0,19.0,8.0,-18.0,0.0,0.0,19.0,0.0,6.0,0.0,-20.0,0.0,0.0,31.0,0.0,-1.0,230.0,0.0,0.0,207.0,0.0,0.0,102.0,9.0,0.0,0.0,30.0,144.0,1351.0,215.0,13765.0,0.0,2479.0,826.0,817.0,307.0,592.0,882.0,5193.0,9378.0,367.0,171.0,513.0,5870.0,1269.0,100.0,46.0,189.0,43.0,20.0,0.0,70.0,108.0,173.0,0.0,139.0,0.0,43.0,65.0,0.0,0.0,103.0,160.0,-130.0,40.0,298443.0,2.0,107.0,1.0,354.0,325.0,316.0,230.0,-130.0,-109.0,467.0,176.0,135.0,,0.0,0.0,0.0,,0.0,0.0,0.0,0.0,0.0,0.0,0.0,-130.0,-100.0,0.0,-130.0,,0.0,0.0,0.0,299076.0,0.0,55.0,231.0,95.0,241.0,40.0,23.0,62.0,65.0,104.0,
2022-03-17,"MRBTS-5050,LNBTS-5050,LNCEL-2,MCC-619,MNC-05",562.0,Nokia,"4G : PLMN-MRBTS-LNBTS-LNCEL, MCC-MNC",dynamic,0.4166666666666667,,-78.0,-139.0,336.0,548.0,-107.0,-139.0,800.0,-80.0,-109.0,1766.0,1331.0,13.0,0.0,1893.0,2167.0,0.0,5072.0,7719.0,2.0,6483.0,2460.0,1585.0,0.0,81.0,4.0,26.0,14.0,0.0,125.0,114.0,1.0,217.0,4753.0,173.0,421.0,287.0,187.0,114.0,124.0,1275.0,193.0,101.0,348.0,561.0,1008.0,25.0,1942.0,1927.0,31.0,5.0,2.0,0.0,104.0,55.0,15.0,15.0,140.0,9.0,17.0,46.0,1022.0,64.0,752.0,20.0,279.0,160.0,28.0,32.0,1.0,39.0,39.0,28.0,-19.0,18.0,0.0,24.0,0.0,11.0,0.0,-33.0,0.0,0.0,34.0,0.0,11.0,697.0,0.0,0.0,649.0,0.0,0.0,347.0,46.0,0.0,0.0,182.0,330.0,937.0,753.0,1141.0,0.0,2935.0,383.0,1933.0,2819.0,124.0,302.0,532.0,489.0,3109.0,6109.0,8489.0,428.0,274.0,123.0,117.0,3217.0,231.0,1434.0,75.0,178.0,190.0,112.0,8.0,230.0,0.0,398.0,864.0,0.0,0.0,1387.0,2047.0,-122.0,2025.0,274204.0,400.0,1466.0,50.0,1984.0,749.0,4058.0,107.0,-130.0,-86.0,6488.0,7371.0,2329.0,,268.0,1793.0,14.0,,1.0,1.0,0.0,0.0,0.0,0.0,2.0,-130.0,-93.0,0.0,-119.0,,0.0,2.0,16.0,291859.0,0.0,385.0,267.0,905.0,143.0,1668.0,1564.0,257.0,398.0,531.0,
2022-03-19,"MRBTS-5200,LNBTS-5200,LNCEL-11,MCC-619,MNC-05",563.0,Nokia,"4G : PLMN-MRBTS-LNBTS-LNCEL, MCC-MNC",dynamic,1.1111111111111112,,-82.0,-139.0,3187.0,12211.0,-105.0,-139.0,17374.0,-74.0,-113.5,14666.0,23684.0,10787.0,9245.0,25280.0,26872.0,4183.0,38048.0,43049.0,2398.0,42131.0,39206.0,31087.0,1010.0,20125.0,417.0,1955.0,335.0,0.0,30864.0,18453.0,0.0,9661.0,120333.0,6022.0,65659.0,48684.0,5485.0,2229.0,5140.0,7664.0,4465.0,9042.0,5025.0,6582.0,7391.0,2796.0,8512.0,7689.0,1341.0,419.0,70.0,28.0,3371.0,2432.0,4483.0,6068.0,3309.0,5282.0,2970.0,2114.0,2605.0,2217.0,803.0,1869.0,452.0,360.0,1936.0,1568.0,1.0,428.0,50.0,15.0,-27.0,247.0,277.0,31.0,232.0,11.5,69.0,-34.0,37.0,8.0,38.0,3.0,4.5,5630.0,0.0,0.0,5918.0,0.0,0.0,2896.0,1518.0,0.0,0.0,3858.0,7498.0,26068.0,16770.0,22500.0,39.0,20225.0,5729.0,26436.0,31368.0,9574.0,22723.0,53187.0,61842.0,34408.0,41762.0,46141.0,50937.0,38066.0,18688.0,11064.0,34204.0,7094.0,26505.0,15326.0,5006.0,5243.0,4982.0,9452.0,4576.0,3837.0,6225.0,8365.0,2051.0,1110.0,8144.0,8473.0,-111.0,10861.0,691561.0,7249.0,11966.0,3072.0,15086.0,10057.0,18293.0,3352.0,-130.0,-90.0,24428.0,32307.0,27342.0,,21694.0,27964.0,11806.0,,10150.0,0.0,0.0,0.0,0.0,0.0,4868.0,-130.0,-83.0,2820.0,-111.5,,830.0,545.0,296.0,800694.0,0.0,9113.0,15575.0,7063.0,12581.0,7416.0,6419.0,8595.0,6476.0,6310.0,
2022-03-15,"MRBTS-5200,LNBTS-5200,LNCEL-11,MCC-619,MNC-05",563.0,Nokia,"4G : PLMN-MRBTS-LNBTS-LNCEL, MCC-MNC",dynamic,0.1388888888888889,,-86.0,-139.0,127.0,83.0,-113.0,-139.0,32.0,-81.0,-121.0,1163.0,108.0,28.0,15.0,368.0,347.0,9.0,486.0,534.0,21.0,104.0,77.0,60.0,9.0,20.0,0.0,6.0,0.0,0.0,103.0,129.0,0.0,162.0,9660.0,136.0,142.0,95.0,222.0,9.0,349.0,113.0,386.0,25.0,283.0,353.0,325.0,0.0,97.0,146.0,0.0,0.0,1.0,0.0,8.0,5.0,222.0,109.0,5.0,6.0,6.0,0.0,5.0,8.0,0.0,3.0,2.0,0.0,4.0,5.0,1.0,0.0,32.0,4.0,-20.0,0.0,0.0,23.0,0.0,4.0,0.0,-21.0,0.0,0.0,35.0,0.0,-2.0,255.0,0.0,0.0,478.0,0.0,0.0,245.0,40.0,0.0,0.0,112.0,140.0,51.0,85.0,109.0,0.0,3660.0,1244.0,343.0,494.0,1560.0,2008.0,1099.0,181.0,415.0,540.0,194.0,115.0,101.0,101.0,157.0,56.0,156.0,31.0,2.0,163.0,295.0,444.0,1.0,315.0,0.0,292.0,400.0,0.0,0.0,194.0,161.0,-127.0,54.0,100892.0,26.0,327.0,1.0,415.0,347.0,392.0,42.0,-130.0,-94.0,480.0,169.0,48.0,,16.0,52.0,31.0,,0.0,0.0,0.0,0.0,0.0,0.0,1.0,-130.0,-94.0,9.0,-125.0,,21.0,0.0,0.0,100294.0,0.0,253.0,241.0,73.0,362.0,281.0,71.0,489.0,553.0,210.0,
2022-03-11,"MRBTS-5200,LNBTS-5200,LNCEL-11,MCC-619,MNC-05",563.0,Nokia,"4G : PLMN-MRBTS-LNBTS-LNCEL, MCC-MNC",dynamic,0.9027777777777778,,-80.0,-139.0,4736.0,13761.0,-103.0,-139.0,17571.0,-75.0,-107.0,29354.0,25956.0,39883.0,60226.0,44577.0,58498.0,31180.0,81092.0,85358.0,11871.0,72206.0,71577.0,60673.0,3519.0,39047.0,940.0,5085.0,469.0,5.0,10888.0,8379.0,0.0,9794.0,54089.0,10189.0,23164.0,18664.0,10298.0,7206.0,11723.0,11956.0,19604.0,8315.0,29983.0,23125.0,13898.0,3373.0,16589.0,15346.0,1085.0,1052.0,211.0,32.0,6962.0,14077.0,1839.0,1375.0,25877.0,1844.0,4504.0,3705.0,6019.0,2906.0,5303.0,2456.0,2389.0,1245.0,2694.0,5361.0,1.0,899.0,63.0,21.0,-32.0,500.0,66.0,32.0,26.0,13.0,7.0,-38.0,19.0,9.0,37.0,6.0,11.0,12029.0,0.0,0.0,13150.0,0.0,0.0,6988.0,3297.0,0.0,2.0,5516.0,10066.0,30686.0,21486.0,34287.0,256.0,23664.0,4664.0,53099.0,72289.0,4251.0,6893.0,14782.0,20169.0,74341.0,81839.0,78846.0,19120.0,13021.0,8136.0,8840.0,63847.0,11838.0,68630.0,70726.0,9572.0,11541.0,20777.0,27968.0,26992.0,14722.0,24786.0,16562.0,6496.0,1935.0,15510.0,16559.0,-106.0,14103.0,356897.0,6607.0,23918.0,3370.0,35850.0,10761.0,42930.0,2374.0,-130.0,-88.0,50729.0,56539.0,50405.0,,35219.0,50414.0,25349.0,,40228.0,0.0,0.0,0.0,0.0,0.0,43204.0,-130.0,-84.0,12135.0,-111.0,,5290.0,1312.0,526.0,663242.0,17.0,4251.0,5644.0,16565.0,7404.0,14945.0,12467.0,17760.0,32953.0,27072.0,
2022-03-12,"MRBTS-5200,LNBTS-5200,LNCEL-11,MCC-619,MNC-05",563.0,Nokia,"4G : PLMN-MRBTS-LNBTS-LNCEL, MCC-MNC",dynamic,0.6944444444444444,,-86.0,-139.0,643.0,259.0,-106.0,-139.0,259.0,-80.0,-114.0,5016.0,4391.0,1244.0,774.0,8695.0,9565.0,212.0,11657.0,13761.0,59.0,13482.0,4891.0,5801.0,10.0,2242.0,0.0,1008.0,0.0,0.0,3367.0,3155.0,0.0,1897.0,12359.0,1611.0,5011.0,4419.0,1809.0,1085.0,1849.0,356.0,1545.0,124.0,1415.0,1117.0,930.0,32.0,900.0,829.0,8.0,6.0,15.0,0.0,609.0,260.0,363.0,624.0,148.0,409.0,565.0,546.0,215.0,699.0,72.0,274.0,16.0,5.0,656.0,867.0,1.0,1.0,63.0,14.0,-21.0,1.0,0.0,29.0,0.0,11.0,0.0,-22.0,0.0,0.0,35.0,0.0,4.0,1593.0,0.0,0.0,2190.0,0.0,0.0,965.0,53.0,0.0,4.0,605.0,471.0,686.0,362.0,3626.0,0.0,4447.0,950.0,8397.0,10449.0,845.0,1993.0,3284.0,4383.0,11767.0,13566.0,14882.0,4701.0,3773.0,3075.0,2263.0,4507.0,1784.0,5408.0,2168.0,1680.0,1763.0,1777.0,950.0,1415.0,281.0,1098.0,1149.0,34.0,1.0,897.0,952.0,-120.0,400.0,569638.0,95.0,7431.0,30.0,14138.0,1502.0,9979.0,370.0,-130.0,-94.0,12154.0,7963.0,3587.0,,2264.0,3605.0,1138.0,,835.0,0.0,0.0,0.0,0.0,0.0,275.0,-130.0,-90.0,63.0,-125.0,,14.0,0.0,0.0,618188.0,0.0,2710.0,2281.0,884.0,1847.0,1059.0,575.0,2279.0,1751.0,1064.0,
2022-03-17,"MRBTS-5050,LNBTS-5050,LNCEL-1,MCC-619,MNC-05",544.0,Nokia,"4G : PLMN-MRBTS-LNBTS-LNCEL, MCC-MNC",dynamic,0.4166666666666667,,-90.0,-137.0,0.0,5.0,-110.0,-139.0,150.0,-79.0,-110.0,234.0,866.0,24.0,15.0,993.0,629.0,1.0,386.0,254.0,0.0,281.0,13.0,11.0,0.0,18.0,0.0,1.0,0.0,0.0,5.0,13.0,0.0,1.0,764.0,0.0,152.0,33.0,1.0,2.0,17.0,39.0,38.0,45.0,86.0,231.0,294.0,3.0,174.0,50.0,11.0,20.0,1.0,1.0,29.0,23.0,0.0,0.0,74.0,0.0,0.0,0.0,66.0,0.0,4.0,0.0,6.0,8.0,0.0,1.0,17.0,13.0,41.0,28.0,-18.0,5.0,2.0,28.0,0.0,8.0,0.0,-20.0,0.0,0.0,37.0,0.0,9.0,87.0,0.0,0.0,106.0,0.0,0.0,41.0,0.0,0.0,0.0,0.0,2.0,58.0,80.0,404.0,0.0,417.0,19.0,1032.0,970.0,0.0,12.0,123.0,235.0,392.0,444.0,169.0,119.0,25.0,8.0,9.0,30.0,1.0,37.0,24.0,1.0,1.0,24.0,1.0,43.0,1.0,112.0,294.0,2.0,0.0,273.0,109.0,-130.0,74.0,297291.0,33.0,958.0,47.0,726.0,207.0,314.0,29.0,-130.0,-98.0,319.0,306.0,12.0,,15.0,11.0,27.0,,15.0,0.0,0.0,0.0,0.0,0.0,2.0,-130.0,-90.0,0.0,-127.0,,0.0,0.0,0.0,299003.0,0.0,1.0,5.0,258.0,23.0,148.0,100.0,60.0,80.0,210.0,
2022-03-17,"MRBTS-5050,LNBTS-5050,LNCEL-31,MCC-619,MNC-05",531.0,Nokia,"4G : PLMN-MRBTS-LNBTS-LNCEL, MCC-MNC",dynamic,0.4166666666666667,,-88.0,-139.0,59.0,221.0,-105.0,-139.0,389.0,-79.0,-105.0,378.0,462.0,321.0,257.0,557.0,328.0,71.0,1397.0,1449.0,17.0,924.0,900.0,595.0,0.0,547.0,0.0,58.0,0.0,0.0,312.0,849.0,0.0,410.0,1332.0,395.0,89.0,57.0,535.0,19.0,602.0,335.0,484.0,494.0,604.0,563.0,539.0,122.0,719.0,611.0,6.0,1.0,6.0,2.0,20.0,11.0,0.0,0.0,244.0,0.0,2.0,5.0,193.0,6.0,43.0,3.0,23.0,0.0,40.0,78.0,6.0,1.0,36.0,25.0,-20.0,0.0,0.0,28.0,0.0,10.0,0.0,-21.0,0.0,0.0,34.0,0.0,12.0,191.0,0.0,0.0,206.0,0.0,0.0,160.0,270.0,0.0,0.0,434.0,167.0,319.0,235.0,264.0,0.0,731.0,92.0,409.0,618.0,125.0,336.0,181.0,81.0,1291.0,1604.0,1143.0,94.0,220.0,791.0,547.0,707.0,441.0,441.0,287.0,448.0,521.0,495.0,74.0,570.0,44.0,503.0,602.0,8.0,0.0,669.0,671.0,-124.0,463.0,292993.0,369.0,411.0,117.0,416.0,694.0,1072.0,50.0,-130.0,-95.0,1475.0,1013.0,727.0,,588.0,612.0,285.0,,293.0,0.0,0.0,0.0,0.0,0.0,93.0,-130.0,-92.0,18.0,-122.0,,1.0,0.0,0.0,293705.0,0.0,850.0,576.0,693.0,381.0,743.0,596.0,700.0,521.0,437.0,
2022-03-17,"MRBTS-5044,LNBTS-5044,LNCEL-1,MCC-619,MNC-05",543.0,Nokia,"4G : PLMN-MRBTS-LNBTS-LNCEL, MCC-MNC",dynamic,0.3472222222222222,,-93.0,-139.0,2930.0,2292.0,-109.0,-139.0,5524.0,-82.0,-111.0,8089.0,18958.0,508.0,19.0,32335.0,25039.0,0.0,27893.0,26892.0,0.0,10742.0,5467.0,1907.0,0.0,922.0,0.0,1117.0,0.0,0.0,3941.0,3724.0,0.0,4258.0,33247.0,4343.0,3944.0,3926.0,6211.0,1632.0,5853.0,956.0,6457.0,515.0,9766.0,10166.0,7575.0,266.0,5820.0,2613.0,20.0,4.0,0.0,0.0,845.0,1616.0,22.0,420.0,1416.0,131.0,148.0,427.0,1737.0,266.0,1720.0,536.0,765.0,742.0,732.0,603.0,1.0,399.0,44.0,23.0,-28.0,112.0,9.0,26.0,4.0,6.0,1.0,-33.0,0.0,0.0,34.0,0.0,7.0,4610.0,0.0,0.0,3627.0,0.0,0.0,3895.0,5257.0,0.0,0.0,7624.0,8758.0,14190.0,10928.0,14808.0,0.0,18732.0,5679.0,22559.0,24237.0,4121.0,3794.0,2770.0,2478.0,16842.0,17164.0,9593.0,4007.0,4169.0,4086.0,4279.0,2991.0,4696.0,1608.0,631.0,4432.0,5857.0,5979.0,180.0,6378.0,15.0,8925.0,9197.0,0.0,0.0,6492.0,4592.0,-116.0,1937.0,140619.0,710.0,16689.0,295.0,18954.0,5500.0,19071.0,779.0,-130.0,-99.0,20914.0,14154.0,5538.0,,1066.0,2410.0,534.0,,43.0,0.0,0.0,0.0,0.0,0.0,1.0,-130.0,-92.0,0.0,-113.0,,0.0,0.0,0.0,182529.0,0.0,3555.0,3738.0,8790.0,4389.0,5602.0,3581.0,6524.0,9046.0,8210.0,
2022-03-12,"MRBTS-5084,LNBTS-5084,LNCEL-1,MCC-619,MNC-05",538.0,Nokia,"4G : PLMN-MRBTS-LNBTS-LNCEL, MCC-MNC",dynamic,0.3472222222222222,,-86.0,-139.0,2712.0,4434.0,-103.0,-139.0,9037.0,-76.0,-100.0,10950.0,35869.0,8673.0,39415.0,33262.0,44194.0,27339.0,104310.0,92044.0,36192.0,45414.0,35481.0,31806.0,5653.0,14877.0,0.0,3488.0,0.0,0.0,984.0,1071.0,0.0,1816.0,30486.0,2625.0,1779.0,1819.0,4861.0,7447.0,8829.0,20697.0,13875.0,28314.0,17782.0,18112.0,14386.0,25882.0,13133.0,25099.0,75.0,48.0,23.0,21.0,8370.0,3709.0,1.0,52.0,10741.0,298.0,206.0,59.0,4641.0,25.0,2131.0,75.0,1781.0,1143.0,194.0,762.0,2.0,376.0,56.0,35.0,-36.0,477.0,974.0,31.0,17358.0,15.0,16978.0,-31.0,5137.0,4553.0,38.0,2841.0,20.0,4211.0,72.0,0.0,3705.0,1.0,0.0,1882.0,711.0,0.0,0.0,1658.0,2378.0,7384.0,5134.0,12502.0,60.0,15528.0,4478.0,39529.0,38225.0,2687.0,2447.0,2943.0,2560.0,53406.0,106624.0,88376.0,1791.0,1935.0,1150.0,1234.0,47595.0,1949.0,41221.0,18510.0,2708.0,4990.0,8823.0,17865.0,13488.0,47407.0,17897.0,18662.0,33420.0,9859.0,14765.0,14560.0,-106.0,24691.0,428428.0,23540.0,15138.0,48891.0,24621.0,7407.0,52992.0,724.0,-130.0,-93.0,55206.0,51630.0,35211.0,,21322.0,31153.0,6878.0,,22141.0,0.0,0.0,0.0,0.0,0.0,45319.0,-130.0,-88.0,35745.0,-108.0,,7222.0,44.0,0.0,660518.0,0.0,2205.0,4647.0,12391.0,7281.0,14741.0,18092.0,12558.0,14706.0,12451.0,
2022-03-17,"MRBTS-5084,LNBTS-5084,LNCEL-1,MCC-619,MNC-05",538.0,Nokia,"4G : PLMN-MRBTS-LNBTS-LNCEL, MCC-MNC",dynamic,0.4166666666666667,,-96.0,-139.0,35.0,165.0,-107.0,-139.0,82.0,-82.0,-104.0,359.0,86.0,0.0,0.0,275.0,445.0,0.0,972.0,620.0,0.0,582.0,765.0,466.0,0.0,28.0,0.0,29.0,0.0,0.0,150.0,189.0,0.0,194.0,425.0,185.0,42.0,54.0,206.0,23.0,298.0,148.0,351.0,75.0,449.0,505.0,450.0,4.0,265.0,227.0,2.0,3.0,0.0,0.0,14.0,8.0,0.0,1.0,1.0,1.0,3.0,7.0,3.0,2.0,36.0,9.0,2.0,0.0,11.0,81.0,3.0,6.0,50.0,22.0,-19.0,6.0,0.0,22.0,0.0,12.0,11.0,-19.0,5.0,0.0,34.0,1.0,15.0,116.0,0.0,0.0,163.0,0.0,0.0,80.0,1.0,0.0,0.0,5.0,45.0,167.0,151.0,135.0,0.0,327.0,19.0,221.0,349.0,8.0,2.0,13.0,52.0,398.0,927.0,808.0,50.0,47.0,130.0,216.0,705.0,180.0,562.0,47.0,188.0,216.0,294.0,0.0,339.0,0.0,544.0,489.0,0.0,0.0,445.0,279.0,-124.0,188.0,77826.0,168.0,200.0,28.0,322.0,459.0,488.0,22.0,-130.0,-95.0,404.0,761.0,723.0,,55.0,498.0,0.0,,0.0,0.0,0.0,0.0,0.0,0.0,0.0,-130.0,-92.0,1.0,-121.0,,1.0,0.0,0.0,77894.0,0.0,387.0,336.0,356.0,385.0,306.0,204.0,512.0,404.0,298.0,
2022-03-17,"MRBTS-5090,LNBTS-5090,LNCEL-11,MCC-619,MNC-05",546.0,Nokia,"4G : PLMN-MRBTS-LNBTS-LNCEL, MCC-MNC",dynamic,0.4166666666666667,,-95.0,-133.0,1.0,45.0,-109.0,-137.0,930.0,-83.0,-100.0,40.0,629.0,14.0,0.0,543.0,635.0,0.0,530.0,79.0,0.0,391.0,409.0,100.0,0.0,33.0,0.0,13.0,0.0,0.0,8.0,42.0,0.0,62.0,107.0,57.0,0.0,0.0,91.0,14.0,93.0,62.0,123.0,72.0,196.0,448.0,562.0,1.0,310.0,65.0,2.0,1.0,0.0,0.0,22.0,20.0,0.0,0.0,34.0,0.0,0.0,0.0,0.0,0.0,2.0,0.0,7.0,1.0,2.0,7.0,14.0,0.0,34.0,24.0,-14.0,0.0,0.0,24.0,0.0,9.0,0.0,-19.0,0.0,0.0,33.0,0.0,18.0,9.0,0.0,0.0,21.0,0.0,0.0,10.0,0.0,0.0,0.0,0.0,13.0,621.0,51.0,876.0,0.0,96.0,9.0,469.0,617.0,1.0,1.0,0.0,0.0,527.0,424.0,426.0,0.0,6.0,26.0,55.0,130.0,64.0,134.0,40.0,72.0,97.0,126.0,11.0,220.0,0.0,444.0,591.0,0.0,0.0,232.0,126.0,-130.0,32.0,297299.0,100.0,468.0,4.0,638.0,325.0,537.0,3.0,-130.0,-102.0,69.0,427.0,270.0,,48.0,225.0,14.0,,0.0,0.0,0.0,0.0,0.0,0.0,0.0,-130.0,-96.0,0.0,-130.0,,0.0,0.0,0.0,297828.0,0.0,82.0,134.0,349.0,133.0,124.0,77.0,202.0,427.0,544.0,
2022-03-19,"MRBTS-5200,LNBTS-5200,LNCEL-1,MCC-619,MNC-05",548.0,Nokia,"4G : PLMN-MRBTS-LNBTS-LNCEL, MCC-MNC",dynamic,0.9722222222222222,,-76.0,-139.0,11525.0,41142.0,-107.0,-139.0,77397.0,-71.0,-112.0,69435.0,103275.0,34148.0,23094.0,158398.0,193934.0,12833.0,284709.0,303106.0,7792.0,156275.0,96328.0,77424.0,3844.0,52494.0,886.0,7567.0,184.0,42.0,95971.0,81243.0,36.0,61416.0,202762.0,44163.0,111154.0,143600.0,47877.0,10177.0,49622.0,11069.0,38335.0,7022.0,34724.0,32732.0,32339.0,3690.0,31651.0,19960.0,1339.0,475.0,110.0,51.0,14369.0,13185.0,1579.0,5233.0,11263.0,7192.0,11043.0,13973.0,10327.0,14059.0,7466.0,15525.0,5010.0,2868.0,14356.0,8479.0,1.0,1596.0,58.0,18.0,-35.0,1034.0,973.0,29.0,220.0,7.0,169.0,-40.0,54.0,36.0,40.0,18.0,5.0,66095.0,161.0,21.0,40376.0,0.0,1.0,33667.0,37011.0,0.0,0.0,50650.0,62369.0,130395.0,97161.0,142052.0,0.0,109366.0,25671.0,189181.0,224283.0,26188.0,41635.0,68781.0,95568.0,205253.0,179099.0,109760.0,122451.0,99943.0,68021.0,54846.0,67150.0,47438.0,51525.0,18781.0,41034.0,45806.0,42342.0,2979.0,32954.0,472.0,32630.0,33583.0,40.0,2.0,25282.0,18820.0,-107.0,11487.0,137050.0,4867.0,27222.0,2592.0,44264.0,28668.0,63713.0,9879.0,-130.0,-85.0,98167.0,110958.0,83370.0,,60861.0,77038.0,32430.0,,22119.0,24.0,1.0,0.0,0.0,0.0,13510.0,-130.0,-76.0,5716.0,-108.0,,2940.0,506.0,79.0,358858.0,29.0,60456.0,67401.0,31918.0,48601.0,25971.0,16279.0,52683.0,43758.0,31699.0,
2022-03-15,"MRBTS-5200,LNBTS-5200,LNCEL-1,MCC-619,MNC-05",548.0,Nokia,"4G : PLMN-MRBTS-LNBTS-LNCEL, MCC-MNC",dynamic,0.1388888888888889,,-82.0,-139.0,2198.0,5078.0,-109.0,-139.0,7148.0,-70.0,-109.0,8478.0,8627.0,335.0,138.0,17853.0,22805.0,30.0,23044.0,19020.0,29.0,8425.0,3779.0,2010.0,9.0,829.0,3.0,1173.0,5.0,0.0,3800.0,4413.0,0.0,3783.0,12290.0,3846.0,2952.0,4653.0,4341.0,2266.0,4498.0,1268.0,4451.0,1525.0,4804.0,4300.0,3934.0,687.0,4104.0,3025.0,281.0,73.0,21.0,12.0,1032.0,800.0,15.0,123.0,556.0,132.0,132.0,294.0,644.0,691.0,601.0,657.0,366.0,394.0,1045.0,907.0,1.0,144.0,52.0,22.0,-30.0,84.0,42.0,27.0,91.0,7.0,359.0,-30.0,196.0,11.0,38.0,2.0,10.0,5709.0,2.0,0.0,3020.0,0.0,0.0,1802.0,1605.0,0.0,0.0,2781.0,4545.0,10389.0,8055.0,11100.0,0.0,9260.0,796.0,17542.0,21273.0,433.0,826.0,1484.0,2449.0,16888.0,13957.0,6423.0,3588.0,4557.0,3606.0,4081.0,2554.0,3900.0,1434.0,542.0,4019.0,4356.0,4625.0,186.0,4524.0,37.0,4682.0,4382.0,1.0,0.0,3829.0,3328.0,-114.0,2040.0,39801.0,1312.0,8306.0,984.0,10532.0,3975.0,12310.0,634.0,-130.0,-91.0,13766.0,9605.0,4707.0,,1054.0,2339.0,312.0,,113.0,0.0,0.0,0.0,0.0,0.0,25.0,-130.0,-83.0,15.0,-109.0,,5.0,6.0,1.0,63728.0,0.0,3761.0,4617.0,4164.0,3533.0,3288.0,2273.0,4426.0,5037.0,4195.0,
2022-03-12,"MRBTS-5200,LNBTS-5200,LNCEL-1,MCC-619,MNC-05",548.0,Nokia,"4G : PLMN-MRBTS-LNBTS-LNCEL, MCC-MNC",dynamic,0.6944444444444444,,-80.0,-139.0,15156.0,19627.0,-108.0,-139.0,37660.0,-75.0,-110.0,54199.0,52417.0,8681.0,4340.0,85033.0,93397.0,4151.0,98466.0,112332.0,6979.0,70799.0,41358.0,32673.0,786.0,11367.0,27.0,3038.0,4.0,1.0,17560.0,20492.0,0.0,14910.0,87218.0,14386.0,20173.0,21736.0,17508.0,4249.0,18984.0,8507.0,18263.0,3905.0,23410.0,25050.0,23715.0,2145.0,18531.0,13885.0,815.0,580.0,221.0,50.0,6725.0,5860.0,201.0,756.0,8171.0,1294.0,862.0,1260.0,7320.0,2895.0,3776.0,2706.0,4262.0,2257.0,4610.0,4164.0,1.0,1454.0,63.0,23.0,-34.0,862.0,442.0,30.0,210.0,7.0,123.0,-41.0,109.0,74.0,37.0,607.0,7.0,30511.0,21.0,3.0,25349.0,2.0,1.0,19602.0,19314.0,0.0,6.0,26294.0,30883.0,61372.0,39417.0,62297.0,0.0,44095.0,10934.0,79420.0,92693.0,11886.0,17093.0,18473.0,18082.0,76344.0,77455.0,46403.0,20118.0,18617.0,17164.0,15507.0,24362.0,16544.0,18072.0,7868.0,16304.0,19017.0,20167.0,5161.0,20119.0,3305.0,23607.0,22865.0,3105.0,226.0,15190.0,11756.0,-110.0,8210.0,258260.0,3983.0,36628.0,2313.0,47595.0,18081.0,50621.0,3231.0,-130.0,-89.0,66387.0,62343.0,40722.0,,16004.0,31544.0,7226.0,,3967.0,0.0,0.0,0.0,0.0,0.0,5510.0,-130.0,-82.0,5453.0,-110.0,,780.0,29.0,5.0,451933.0,1.0,13906.0,15121.0,24122.0,15617.0,17794.0,11220.0,21238.0,20061.0,20247.0,
2022-03-11,"MRBTS-5200,LNBTS-5200,LNCEL-1,MCC-619,MNC-05",548.0,Nokia,"4G : PLMN-MRBTS-LNBTS-LNCEL, MCC-MNC",dynamic,0.9027777777777778,,-79.0,-139.0,44467.0,82890.0,-106.0,-139.0,128086.0,-75.0,-110.0,137146.0,231505.0,96658.0,74051.0,366152.0,407707.0,31866.0,433352.0,408301.0,29753.0,310702.0,298916.0,205342.0,10177.0,145026.0,5251.0,64506.0,5117.0,2494.0,184742.0,179432.0,53.0,162463.0,258715.0,130370.0,109019.0,187167.0,128994.0,64859.0,142157.0,23012.0,123166.0,15844.0,123419.0,104327.0,68808.0,8447.0,61882.0,44532.0,2575.0,1140.0,463.0,100.0,58017.0,44426.0,3346.0,4240.0,46586.0,7368.0,23153.0,28118.0,36978.0,38217.0,25644.0,46484.0,18397.0,8838.0,52509.0,55506.0,1.0,8085.0,61.0,20.0,-40.0,8424.0,5038.0,36.0,5241.0,5.0,7040.0,-43.0,3456.0,590.0,37.0,518.0,5.0,192366.0,342.0,206.0,121369.0,88.0,66.0,115871.0,137505.0,6.0,0.0,182447.0,201846.0,305987.0,262224.0,298862.0,1144.0,173498.0,61115.0,342687.0,326100.0,62296.0,90179.0,124757.0,141076.0,254031.0,234918.0,185643.0,176287.0,173880.0,137574.0,134360.0,115607.0,128090.0,77274.0,45598.0,109635.0,119203.0,111481.0,27066.0,86841.0,16213.0,76591.0,58486.0,7731.0,2523.0,39002.0,28080.0,-103.0,16501.0,36257.0,7224.0,10135.0,4618.0,19135.0,48952.0,29996.0,17718.0,-130.0,-81.0,53493.0,83671.0,103868.0,,120702.0,123730.0,85646.0,,71774.0,1.0,0.0,0.0,1.0,0.0,42464.0,-130.0,-84.0,28941.0,-106.0,,8889.0,7232.0,3838.0,119994.0,1224.0,41685.0,49999.0,83219.0,61712.0,73644.0,51584.0,83165.0,103650.0,84091.0,
