begintime,sk_object,duration,integrity,67194090,67194091,67194092,67194093,67194094,67194095
2022-03-13,7668760.0,75600.0,87.5,147.981,0.0,20.79190476190476,236.717,0.0,25.234333333333332
2022-03-12,7668916.0,68400.0,79.16666666666667,61.466,1.882,26.510052631578947,92.531,1.805,33.98431578947368
2022-02-05,7668728.0,86400.0,100.0,271.603,0.0,76.93416666666667,336.186,0.0,92.71304166666667
2022-02-19,7668874.0,86400.0,100.0,456.128,0.0,19.5755,732.781,0.0,22.05225
2022-03-06,7668751.0,79200.0,91.66666666666667,467.059,16.55,142.62722727272728,325.427,17.158,139.11045454545456
2022-02-05,7668745.0,86400.0,100.0,262.854,0.0,15.917458333333334,132.602,0.0,12.435666666666666
2022-02-10,7668863.0,86400.0,100.0,423.546,0.0,159.95216666666667,516.602,0.0,197.00454166666665
2022-03-03,90076246.0,86400.0,100.0,0.0,0.0,0.0,0.0,0.0,0.0
2022-03-11,7668885.0,86400.0,100.0,0.0,0.0,0.0,0.0,0.0,0.0
2022-03-12,7668801.0,68400.0,79.16666666666667,267.923,37.498,160.90705263157895,333.786,46.093,194.41957894736842
2022-02-19,7668802.0,86400.0,100.0,7.539,2.163,3.3863333333333334,15.008,8.672,9.779333333333334
2022-03-10,7668970.0,79200.0,91.66666666666667,190.746,3.168,65.15595454545455,188.339,0.0,77.26913636363636
2022-02-12,7668840.0,86400.0,100.0,522.029,1.312,36.152166666666666,165.126,1.024,46.862
2022-02-05,7668926.0,86400.0,100.0,40.352,0.32,12.240208333333333,50.726,0.499,14.084791666666666
2022-03-15,7668929.0,82800.0,95.83333333333333,70.106,2.01,25.92230434782609,66.963,0.0,21.17386956521739
2022-02-11,7668966.0,86400.0,100.0,539.981,60.691,247.34970833333333,554.4,74.01,292.4765
2022-02-19,7668961.0,86400.0,100.0,164.8,30.989,94.44983333333333,123.514,57.03,88.35041666666666
2022-03-03,7668775.0,86400.0,100.0,470.522,78.413,226.93358333333333,532.378,97.306,274.5299166666667
2022-02-11,7668768.0,86400.0,100.0,141.83,19.443,58.63925,112.499,51.443,71.04683333333334
2022-02-11,7668982.0,86400.0,100.0,665.997,105.478,418.57175,675.475,102.515,414.5183333333333
2022-02-10,7668812.0,86400.0,100.0,127.795,27.277,69.71525,93.792,44.595,66.60408333333334
2022-02-05,7668891.0,86400.0,100.0,122.822,21.504,70.72391666666667,121.702,62.323,86.94175
2022-03-11,7668821.0,86400.0,100.0,384.813,59.251,219.957,463.302,71.789,266.5319166666667
2022-03-06,7668928.0,79200.0,91.66666666666667,226.016,7.002,37.675681818181815,96.224,26.438,42.261863636363636
2022-02-06,7668837.0,86400.0,100.0,150.97,30.438,90.70858333333334,135.642,67.341,97.44895833333334
2022-02-11,7668779.0,86400.0,100.0,243.949,0.0,123.64058333333334,289.242,38.221,147.72429166666666
2022-03-14,7668767.0,86400.0,100.0,122.01,6.406,55.202333333333335,146.483,8.128,64.83066666666667
2022-02-03,7668847.0,86400.0,100.0,227.757,53.613,129.46966666666665,177.344,90.88,126.51975
2022-03-07,7668938.0,82800.0,95.83333333333333,133.299,2.266,51.529347826086955,233.184,2.016,85.68573913043478
2022-03-10,7668758.0,79200.0,91.66666666666667,213.069,19.43,112.07868181818182,242.547,22.829,133.60636363636362
2022-03-10,7668858.0,79200.0,91.66666666666667,217.082,0.058,77.08254545454545,326.227,0.0,119.07527272727273
2022-02-20,7668894.0,86400.0,100.0,88.838,2.483,34.743541666666665,108.794,2.528,41.60933333333333
2022-02-03,7668964.0,86400.0,100.0,112.262,0.0,41.934875,154.298,0.0,49.70554166666667
2022-03-11,7668918.0,86400.0,100.0,206.278,47.347,124.939125,163.718,76.576,115.14766666666667
2022-02-19,7668726.0,86400.0,100.0,74.675,1.242,21.195833333333333,104.934,0.0,27.232333333333333
2022-02-11,7668756.0,86400.0,100.0,278.234,46.394,151.681375,234.138,86.394,138.99479166666666
2022-02-06,7668931.0,86400.0,100.0,354.47,56.352,164.41979166666667,474.925,68.922,200.741375
2022-02-13,7668844.0,86400.0,100.0,195.328,37.568,100.994375,150.714,70.81,103.256
2022-02-12,7668874.0,86400.0,100.0,72.915,0.755,20.714541666666666,83.302,0.0,23.426833333333335
2022-03-13,7668957.0,75600.0,87.5,153.933,27.302,82.05580952380953,199.379,0.0,103.7357619047619
2022-02-03,7668934.0,86400.0,100.0,319.725,29.043,130.39029166666666,373.338,35.533,155.022125
2022-03-13,7668756.0,75600.0,87.5,293.702,0.0,130.70833333333334,212.301,0.0,127.678
2022-02-08,7668813.0,86400.0,100.0,106.144,7.68,42.932291666666664,85.107,34.17,52.6015
2022-02-04,7668752.0,86400.0,100.0,113.414,0.0,44.245041666666665,89.146,0.0,52.738083333333336
2022-03-03,7668983.0,86400.0,100.0,193.747,0.0,82.80825,218.304,0.0,103.79833333333333
2022-02-11,7668923.0,86400.0,100.0,673.318,112.576,418.6987916666667,670.195,106.669,413.8120416666667
2022-03-07,7668744.0,82800.0,95.83333333333333,212.224,0.0,30.502260869565216,275.104,0.0,36.8794347826087
2022-03-10,7668745.0,79200.0,91.66666666666667,292.48,0.0,15.699181818181819,72.762,0.0,10.521363636363636
2022-02-04,7668744.0,86400.0,100.0,228.992,0.0,30.55216666666667,175.424,0.0,37.7885
2022-03-15,7668812.0,82800.0,95.83333333333333,121.03,22.272,63.88582608695652,90.675,42.618,63.596391304347826
2022-03-13,7668958.0,75600.0,87.5,222.419,28.742,129.75633333333334,266.963,32.979,154.0228095238095
2022-02-18,7668966.0,86400.0,100.0,408.685,65.958,241.40425,485.638,77.664,284.2961666666667
2022-03-15,7668772.0,82800.0,95.83333333333333,279.667,41.293,157.193,333.658,48.275,190.14452173913043
2022-02-04,7668855.0,86400.0,100.0,218.88,4.019,79.25358333333334,352.762,3.04,125.21345833333334
2022-03-14,7668816.0,86400.0,100.0,302.362,0.0,132.94141666666667,336.141,0.0,160.463125
2022-02-19,7668987.0,86400.0,100.0,300.243,67.213,187.61375,253.754,118.637,180.21295833333335
2022-02-10,7668795.0,86400.0,100.0,808.467,0.0,126.401875,366.56,0.0,121.97525
2022-03-13,7668781.0,75600.0,87.5,1297.19,526.074,908.3966666666666,1034.925,387.373,699.0650476190476
2022-03-12,7668981.0,68400.0,79.16666666666667,271.52,57.12,157.83205263157896,230.464,122.278,171.84552631578947
2022-03-03,7668728.0,86400.0,100.0,159.68,17.402,77.40645833333333,192.525,22.189,93.022125
2022-03-15,7668987.0,82800.0,95.83333333333333,311.904,0.0,157.21726086956522,331.098,0.0,162.7728260869565
2022-02-08,7668863.0,86400.0,100.0,320.832,42.598,156.43141666666668,397.664,53.459,192.2285
2022-03-14,7668744.0,86400.0,100.0,171.475,0.0,27.033333333333335,214.624,0.0,33.772333333333336
2022-03-12,7668841.0,68400.0,79.16666666666667,1254.362,530.08,1014.2081578947368,1009.485,383.808,787.4004210526316
2022-02-04,7668897.0,86400.0,100.0,139.456,31.437,83.794875,141.971,77.818,103.575625
2022-02-04,7668911.0,86400.0,100.0,261.062,0.0,112.28141666666667,196.205,0.0,117.69325
2022-02-08,7668890.0,86400.0,100.0,124.352,3.251,38.234208333333335,194.97,2.541,56.43270833333333
2022-02-12,57960750.0,14400.0,16.666666666666668,193.805,0.0,98.75975,286.912,0.102,141.18475
2022-02-20,7668756.0,86400.0,100.0,227.539,47.75,134.84833333333333,190.675,86.707,130.49595833333333
2022-02-05,7668885.0,86400.0,100.0,0.0,0.0,0.0,0.0,0.0,0.0
2022-03-11,7668974.0,86400.0,100.0,125.498,0.0,20.712333333333333,133.741,0.0,25.260833333333334
2022-02-19,7668729.0,86400.0,100.0,314.15,0.0,98.064375,355.654,0.0,117.93070833333333
2022-03-15,7668784.0,82800.0,95.83333333333333,186.291,26.432,98.20421739130435,160.506,75.283,111.11969565217392
2022-03-06,7668736.0,79200.0,91.66666666666667,121.869,28.454,75.77836363636364,115.827,56.237,80.13309090909091
2022-02-12,7668730.0,86400.0,100.0,337.165,47.546,170.48354166666667,406.304,57.952,205.823875
2022-03-11,7668868.0,86400.0,100.0,259.373,0.0,70.48179166666667,386.982,0.0,109.30554166666667
2022-02-03,7668892.0,86400.0,100.0,481.555,57.267,257.23229166666664,553.869,73.274,305.70704166666667
2022-03-06,7668844.0,79200.0,91.66666666666667,200.55,0.0,101.96277272727272,139.834,0.0,102.67781818181818
2022-02-06,7668914.0,86400.0,100.0,68.582,0.653,20.166541666666667,94.912,0.813,23.956666666666667
2022-02-20,7668736.0,86400.0,100.0,131.482,32.518,76.735375,114.067,59.014,80.474
2022-03-03,57960775.0,86400.0,100.0,300.506,0.0,89.91104166666666,453.728,0.0,131.47491666666667
2022-03-03,7668900.0,86400.0,100.0,299.936,30.336,151.748,352.563,35.597,182.19504166666667
2022-02-08,7668837.0,86400.0,100.0,183.36,30.925,98.89941666666667,144.006,67.155,101.666875
2022-02-03,7668885.0,86400.0,100.0,0.0,0.0,0.0,0.0,0.0,0.0
2022-02-06,7668849.0,86400.0,100.0,181.235,19.731,87.73141666666666,219.149,23.136,106.031625
2022-02-20,7668788.0,86400.0,100.0,152.838,0.0,68.73308333333334,99.654,43.962,66.26791666666666
2022-02-05,7668893.0,86400.0,100.0,0.0,0.0,0.0,0.0,0.0,0.0
2022-03-14,7668796.0,86400.0,100.0,89.997,1.562,38.95916666666667,80.262,2.022,40.866458333333334
2022-03-10,7668865.0,79200.0,91.66666666666667,133.971,6.387,53.17904545454545,164.762,7.546,63.1285
2022-02-11,7668912.0,86400.0,100.0,303.827,21.19,166.72579166666668,372.531,20.499,198.21604166666665
2022-03-14,7668918.0,86400.0,100.0,202.643,44.39,117.69445833333333,162.502,74.989,111.48945833333333
2022-02-19,7668822.0,86400.0,100.0,541.626,0.0,181.87616666666668,378.01,46.944,216.02608333333333
2022-02-13,7668979.0,86400.0,100.0,192.973,25.229,97.846,228.781,30.266,117.14845833333334
2022-02-19,7668939.0,86400.0,100.0,193.421,46.637,119.848,158.464,87.52,122.79854166666667
2022-02-17,7668765.0,75600.0,87.5,146.074,34.221,80.8217619047619,121.632,60.0,82.64909523809524
2022-02-06,7668799.0,86400.0,100.0,183.443,35.75,107.080625,232.39,39.424,128.73583333333335
2022-02-08,7668902.0,86400.0,100.0,216.256,38.189,119.50345833333333,254.95,45.926,141.42495833333334
2022-02-11,7668808.0,86400.0,100.0,346.278,38.637,197.765125,411.13,47.501,238.50716666666668
2022-03-03,7668787.0,86400.0,100.0,84.57,1.715,21.226541666666666,73.203,1.357,18.510083333333334
2022-02-10,7668939.0,86400.0,100.0,192.909,47.13,122.242375,174.323,86.125,123.912375
2022-03-06,7668783.0,79200.0,91.66666666666667,262.419,33.99,150.55186363636363,312.058,42.989,179.33845454545454
2022-03-03,7668938.0,86400.0,100.0,164.73,2.515,52.466,271.52,2.445,84.54645833333333
2022-02-19,7668877.0,86400.0,100.0,207.392,24.141,79.22133333333333,146.035,53.907,81.827625
2022-03-10,7668746.0,79200.0,91.66666666666667,108.742,3.488,36.07140909090909,180.621,2.554,53.091545454545454
2022-02-08,7668934.0,86400.0,100.0,224.474,28.243,128.38554166666665,274.758,33.92,152.54045833333333
2022-02-03,7668737.0,86400.0,100.0,295.379,0.0,116.41258333333333,420.045,0.0,121.50591666666666
2022-02-04,7668800.0,86400.0,100.0,255.283,14.81,117.40283333333333,250.605,16.013,119.022875
2022-03-14,90076008.0,86400.0,100.0,0.0,0.0,0.0,0.0,0.0,0.0
2022-03-06,7668734.0,79200.0,91.66666666666667,479.149,0.0,128.12731818181817,1357.011,0.0,145.22327272727273
2022-03-06,7668974.0,79200.0,91.66666666666667,113.926,1.344,22.198863636363637,93.312,1.062,26.01090909090909
2022-03-03,7668751.0,86400.0,100.0,267.456,13.946,127.76270833333334,270.336,10.227,125.15658333333333
2022-02-11,7668891.0,86400.0,100.0,127.974,21.754,73.6945,129.293,64.646,88.50691666666667
2022-02-13,7668823.0,86400.0,100.0,0.0,0.0,0.0,0.0,0.0,0.0
2022-03-10,7668805.0,79200.0,91.66666666666667,338.56,0.058,95.75040909090909,364.608,0.0,116.183
2022-02-03,7668855.0,86400.0,100.0,202.598,3.795,73.68554166666667,320.794,2.586,115.94641666666666
2022-03-06,7668902.0,79200.0,91.66666666666667,223.443,0.0,115.50590909090909,262.752,43.008,137.33145454545453
2022-02-19,7668730.0,86400.0,100.0,325.779,44.038,170.74591666666666,384.819,59.309,206.484
2022-02-18,7668982.0,86400.0,100.0,818.765,117.338,406.8205,808.787,112.173,401.85970833333334
2022-03-06,7668981.0,79200.0,91.66666666666667,242.752,59.341,154.7977272727273,235.334,123.494,170.66086363636364
2022-02-03,7668967.0,86400.0,100.0,141.152,0.0,26.391791666666666,170.016,0.0,29.45970833333333
2022-02-13,7668808.0,86400.0,100.0,312.461,39.629,163.06125,382.586,47.565,197.33525
2022-02-12,7668885.0,86400.0,100.0,0.0,0.0,0.0,0.0,0.0,0.0
2022-02-13,7668870.0,86400.0,100.0,215.904,41.12,108.02745833333333,166.291,80.538,114.32633333333334
2022-03-03,7668981.0,86400.0,100.0,235.258,54.592,144.746625,268.48,121.235,165.19620833333335
2022-03-15,7668789.0,82800.0,95.83333333333333,158.842,20.723,92.38360869565217,123.322,53.472,88.78134782608696
2022-03-12,7668961.0,68400.0,79.16666666666667,175.181,0.0,94.52136842105263,134.726,0.0,88.0537894736842
2022-02-12,7668944.0,86400.0,100.0,68.467,9.402,28.470083333333335,59.194,27.418,37.414291666666664
2022-02-17,7668815.0,75600.0,87.5,232.589,27.712,108.28961904761904,167.987,65.6,106.32433333333333
2022-02-03,7668915.0,86400.0,100.0,257.165,49.453,161.73104166666667,201.792,88.128,141.70683333333332
2022-02-04,7668796.0,86400.0,100.0,84.237,2.637,39.19620833333333,77.056,3.424,41.353375
2022-03-07,7668983.0,82800.0,95.83333333333333,203.622,0.0,80.55060869565217,173.754,0.0,102.3944347826087
2022-02-06,7668908.0,86400.0,100.0,447.379,0.0,183.10470833333332,515.341,0.0,219.12854166666668
2022-02-10,7668929.0,86400.0,100.0,210.112,1.869,27.866416666666666,90.976,1.478,22.718708333333332
2022-03-14,7668975.0,86400.0,100.0,148.659,22.381,73.86175,183.411,0.0,79.278375
2022-02-11,7668956.0,86400.0,100.0,0.0,0.0,0.0,0.0,0.0,0.0
2022-02-20,7668981.0,86400.0,100.0,244.141,59.546,151.624375,232.326,123.757,169.13904166666666
2022-03-11,7668845.0,86400.0,100.0,385.114,84.826,232.88879166666666,454.944,100.621,279.95025
2022-03-14,7668826.0,86400.0,100.0,279.853,33.549,152.630125,342.995,38.195,182.06504166666667
2022-02-08,7668729.0,86400.0,100.0,200.358,22.33,93.30325,242.278,26.138,112.18404166666667
2022-02-11,7668901.0,86400.0,100.0,315.251,47.75,158.24325,219.251,87.469,141.979625
2022-02-10,7668819.0,86400.0,100.0,263.789,0.0,60.793458333333334,235.872,0.0,91.86233333333334
2022-03-15,7668857.0,82800.0,95.83333333333333,212.512,36.934,124.47956521739131,180.051,80.531,124.81421739130435
2022-03-13,7668767.0,75600.0,87.5,115.904,0.0,58.885285714285715,137.933,7.078,68.73485714285714
2022-02-10,7668861.0,86400.0,100.0,264.282,32.704,151.71108333333333,317.856,40.301,180.14616666666666
2022-03-14,7668765.0,86400.0,100.0,123.238,20.8,60.65683333333333,105.626,52.621,72.78795833333334
2022-02-04,7668773.0,86400.0,100.0,80.55,9.056,36.73970833333333,68.083,35.686,48.669291666666666
2022-02-13,7668831.0,86400.0,100.0,67.341,6.829,27.741791666666668,55.834,26.285,37.18570833333333
2022-03-03,7668956.0,86400.0,100.0,0.0,0.0,0.0,0.0,0.0,0.0
2022-03-15,7668927.0,82800.0,95.83333333333333,343.181,0.0,70.465,378.419,0.0,83.10165217391304
2022-02-04,7668798.0,86400.0,100.0,182.765,27.053,101.83120833333334,192.934,73.939,112.856875
2022-02-17,7668945.0,75600.0,87.5,19.494,2.24,8.634714285714285,17.395,8.0,11.913047619047619
2022-03-14,7668820.0,86400.0,100.0,257.165,32.442,148.440375,368.627,0.0,162.361
2022-03-14,7668727.0,86400.0,100.0,176.032,0.0,78.26058333333333,227.04,76.019,101.13983333333333
2022-03-03,7668904.0,86400.0,100.0,52.301,1.21,16.36820833333333,64.326,0.947,15.333083333333333
2022-03-15,7668925.0,82800.0,95.83333333333333,274.438,33.293,154.49082608695653,331.418,39.936,186.8054347826087
2022-03-13,7668810.0,75600.0,87.5,552.461,0.0,180.3070476190476,400.006,75.014,220.94038095238096
2022-02-20,7668758.0,86400.0,100.0,260.845,27.002,103.26045833333333,268.723,32.858,123.525625
2022-03-10,7668875.0,79200.0,91.66666666666667,217.235,30.912,94.63581818181818,154.368,57.19,89.25413636363636
2022-03-15,7668907.0,82800.0,95.83333333333333,266.541,20.051,103.08082608695652,327.565,24.16,125.56073913043478
2022-03-06,7668964.0,79200.0,91.66666666666667,94.317,0.0,46.19777272727273,113.926,0.0,54.82895454545454
2022-02-08,7668972.0,86400.0,100.0,247.136,38.854,123.20720833333333,300.038,46.451,149.46491666666665
2022-02-13,7668858.0,86400.0,100.0,301.056,0.0,63.202083333333334,467.136,0.0,97.84079166666666
2022-02-13,7668815.0,86400.0,100.0,151.686,27.123,88.20075,131.968,65.594,96.16370833333333
2022-02-04,7668807.0,86400.0,100.0,52.378,0.845,17.49675,55.814,0.486,16.305041666666668
2022-03-10,7668984.0,79200.0,91.66666666666667,259.168,25.408,114.927,295.347,32.051,138.10286363636362
2022-02-20,7668915.0,86400.0,100.0,248.87,59.264,154.02691666666666,201.786,92.077,138.552375
2022-03-15,7668952.0,82800.0,95.83333333333333,190.374,0.32,83.35491304347826,159.11,0.32,82.64682608695652
2022-03-15,7668779.0,82800.0,95.83333333333333,537.683,0.0,112.85360869565217,311.917,0.0,134.08852173913044
2022-02-17,7668893.0,75600.0,87.5,0.0,0.0,0.0,0.0,0.0,0.0
2022-03-11,7668758.0,86400.0,100.0,237.267,26.758,113.28904166666666,280.122,31.085,135.122875
2022-02-03,7668767.0,86400.0,100.0,122.995,11.558,59.30083333333334,142.605,13.99,69.50245833333334
2022-02-13,7668874.0,86400.0,100.0,63.469,1.267,19.598583333333334,87.424,0.979,22.095541666666666
2022-02-04,7668823.0,86400.0,100.0,2.675,0.0,0.016291666666666666,6.426,0.0,0.015958333333333335
2022-03-03,7668813.0,86400.0,100.0,106.483,0.0,43.92091666666666,84.173,0.0,53.05470833333333
2022-02-20,7668866.0,86400.0,100.0,162.515,12.698,77.422875,190.56,15.066,91.26454166666667
2022-02-10,7668955.0,86400.0,100.0,79.443,0.0,29.295375,65.894,0.0,34.25845833333333
2022-02-04,7668970.0,86400.0,100.0,226.65,0.0,56.912083333333335,205.28,3.066,67.27204166666667
2022-03-02,90076008.0,86400.0,100.0,0.0,0.0,0.0,0.0,0.0,0.0
2022-02-13,7668783.0,86400.0,100.0,253.581,33.075,144.45420833333333,306.15,40.365,172.30458333333334
2022-02-20,7668742.0,86400.0,100.0,95.814,6.317,42.726166666666664,108.173,7.456,50.097208333333334
2022-03-10,7668986.0,79200.0,91.66666666666667,287.034,0.0,110.33340909090909,280.134,0.0,132.90668181818182
2022-02-13,7668800.0,86400.0,100.0,259.661,10.042,120.70908333333334,271.014,9.798,122.536125
2022-03-13,7668749.0,75600.0,87.5,0.0,0.0,0.0,0.0,0.0,0.0
2022-03-10,7668791.0,79200.0,91.66666666666667,323.066,51.29,147.74077272727274,367.021,60.486,178.5054090909091
2022-02-13,7668973.0,86400.0,100.0,25.773,3.699,10.462791666666666,29.536,16.915,20.918125
2022-03-11,7668804.0,86400.0,100.0,83.366,3.2,34.94016666666667,97.971,3.981,41.110625
2022-03-14,7668779.0,86400.0,100.0,915.053,0.0,109.78145833333333,439.654,0.0,130.03866666666667
2022-03-14,7668974.0,86400.0,100.0,57.773,1.018,19.249625,86.637,0.979,23.7785
2022-03-10,7668871.0,79200.0,91.66666666666667,251.494,50.925,122.74427272727273,172.96,49.882,104.35177272727273
2022-03-06,7668973.0,79200.0,91.66666666666667,29.12,3.776,10.783772727272728,36.032,17.216,21.115727272727273
2022-03-06,29308123.0,79200.0,91.66666666666667,116.518,0.0,29.064,152.896,0.0,23.19831818181818
2022-03-10,7668870.0,79200.0,91.66666666666667,197.05,42.182,113.6885909090909,159.45,81.984,117.38872727272727
2022-02-11,7668889.0,86400.0,100.0,76.909,6.138,29.531958333333332,53.888,18.547,30.925041666666665
2022-03-07,7668747.0,82800.0,95.83333333333333,274.765,0.0,122.86186956521739,241.114,0.0,113.9265652173913
2022-02-10,7668975.0,86400.0,100.0,161.043,28.288,88.32204166666666,119.578,58.067,86.41304166666667
2022-02-05,7668764.0,86400.0,100.0,93.734,14.816,53.35075,98.176,48.525,68.11241666666666
2022-03-13,7668853.0,75600.0,87.5,524.87,0.0,208.48142857142858,528.051,0.0,252.03542857142858
2022-02-19,7668753.0,86400.0,100.0,259.827,1.293,32.846916666666665,301.894,1.651,44.213541666666664
2022-02-12,7668774.0,86400.0,100.0,89.773,6.803,35.85,109.971,8.768,42.17433333333334
2022-03-12,7668850.0,68400.0,79.16666666666667,137.434,33.491,94.41547368421053,146.022,78.726,110.22236842105264
2022-02-06,7668735.0,86400.0,100.0,361.414,36.717,146.13508333333334,339.61,46.24,177.13541666666666
2022-03-12,7668746.0,68400.0,79.16666666666667,119.808,0.0,44.14042105263158,164.371,2.829,64.33994736842105
2022-02-18,7668969.0,86400.0,100.0,101.286,17.408,51.659166666666664,81.222,39.136,57.136916666666664
2022-03-15,7668806.0,82800.0,95.83333333333333,190.259,0.0,18.511260869565216,193.472,0.0,30.589521739130436
2022-02-08,7668885.0,86400.0,100.0,0.0,0.0,0.0,0.0,0.0,0.0
2022-03-11,7668852.0,86400.0,100.0,135.795,29.978,80.55954166666666,172.96,76.282,102.47183333333334
2022-03-12,7668983.0,68400.0,79.16666666666667,353.12,0.0,86.5401052631579,186.925,0.0,105.02668421052631
2022-02-04,7668895.0,86400.0,100.0,130.182,2.195,44.0595,216.23,1.92,67.86770833333334
2022-03-10,7668736.0,79200.0,91.66666666666667,216.563,0.0,82.28077272727273,187.123,0.0,82.47345454545454
2022-03-03,7668941.0,86400.0,100.0,523.014,91.366,321.18083333333334,589.83,105.811,363.92041666666665
2022-03-14,7668835.0,86400.0,100.0,246.47,0.525,25.172666666666668,414.957,0.0,43.881083333333336
2022-03-03,69903421.0,86400.0,100.0,149.472,1.35,50.437416666666664,236.941,1.402,77.38870833333333
2022-03-07,53298556.0,82800.0,95.83333333333333,441.178,74.029,252.73739130434782,513.645,87.43,302.36695652173916
2022-03-03,7668969.0,86400.0,100.0,102.573,16.954,50.41875,80.467,39.341,56.473625
2022-03-15,7668749.0,82800.0,95.83333333333333,95.418,4.877,42.75556521739131,104.691,5.421,49.647652173913045
2022-03-03,7668784.0,86400.0,100.0,217.254,29.075,111.971,172.301,76.243,118.31129166666666
2022-02-17,7668828.0,75600.0,87.5,42.278,1.517,18.556285714285714,47.226,1.107,17.830142857142857
2022-02-08,7668770.0,86400.0,100.0,101.734,19.616,51.806,93.728,51.315,67.748625
2022-02-20,7668760.0,86400.0,100.0,60.115,1.427,20.402833333333334,89.901,1.216,24.151125
2022-02-17,7668901.0,75600.0,87.5,328.435,71.258,189.57766666666666,224.576,100.352,157.82347619047619
2022-03-03,7668829.0,86400.0,100.0,245.587,38.227,131.00625,184.179,81.478,127.90554166666666
2022-02-04,7668969.0,86400.0,100.0,0.0,0.0,0.0,0.0,0.0,0.0
2022-02-10,7668832.0,86400.0,100.0,19.392,0.32,3.566875,22.15,0.32,3.90775
2022-02-19,7668767.0,86400.0,100.0,112.704,5.715,52.96608333333333,129.274,7.405,62.130625
2022-02-13,7668869.0,86400.0,100.0,216.845,28.672,121.25058333333334,275.43,37.178,144.65691666666666
2022-03-11,7668755.0,86400.0,100.0,487.008,77.152,256.189875,582.125,94.509,306.80041666666665
2022-03-13,7668882.0,75600.0,87.5,1292.71,527.226,908.1924285714285,1028.749,387.802,698.8377142857142
2022-03-14,7668795.0,86400.0,100.0,334.739,21.37,132.2975,223.808,74.048,128.830125
2022-02-13,7668810.0,86400.0,100.0,311.738,57.562,188.00758333333334,382.17,70.042,229.793875
2022-03-15,7668827.0,82800.0,95.83333333333333,343.45,0.525,134.0084347826087,395.603,0.525,163.11352173913045
2022-03-12,7668911.0,68400.0,79.16666666666667,304.448,0.0,113.37521052631578,221.754,0.0,117.83336842105263
2022-03-14,7668748.0,86400.0,100.0,72.941,4.659,35.281666666666666,71.904,5.12,40.473375
2022-02-18,7668870.0,86400.0,100.0,223.117,46.387,116.90608333333333,187.443,84.704,119.13308333333333
2022-02-12,7668839.0,86400.0,100.0,116.416,1.869,40.683166666666665,155.718,1.792,48.307541666666665
2022-02-18,7668743.0,86400.0,100.0,385.171,58.874,217.30591666666666,480.794,74.637,261.4748333333333
2022-03-14,7668731.0,86400.0,100.0,206.054,25.037,92.86466666666666,255.789,31.085,115.21845833333333
2022-02-06,7668919.0,86400.0,100.0,275.021,47.571,165.63895833333333,325.933,58.854,201.008875
2022-02-17,7668724.0,75600.0,87.5,456.128,0.0,150.2904761904762,215.552,74.477,137.27357142857142
2022-02-19,7668922.0,86400.0,100.0,477.05,0.0,164.17404166666665,354.278,56.499,198.68804166666666
2022-03-10,7668761.0,79200.0,91.66666666666667,44.333,6.253,23.229863636363635,45.414,23.776,32.660545454545456
2022-02-19,7668971.0,86400.0,100.0,109.754,11.859,56.164375,231.066,0.0,66.70270833333333
2022-02-13,7668752.0,86400.0,100.0,81.088,11.053,40.058708333333335,76.262,36.109,51.16170833333333
2022-03-06,7668815.0,79200.0,91.66666666666667,153.107,28.397,92.36036363636363,128.909,66.061,98.55022727272727
2022-02-18,7668972.0,86400.0,100.0,287.379,38.291,129.38270833333334,344.634,47.245,157.5105
2022-02-13,7668751.0,86400.0,100.0,279.2,11.648,120.9775,260.346,14.694,122.67958333333333
2022-03-15,7668783.0,82800.0,95.83333333333333,315.366,23.264,153.9414347826087,365.28,27.789,183.3156956521739
2022-03-03,7668785.0,86400.0,100.0,245.248,42.662,118.347,179.482,84.134,120.54345833333333
2022-02-19,57960750.0,86400.0,100.0,187.565,6.528,79.84029166666667,275.674,4.307,118.43058333333333
2022-02-13,7668807.0,86400.0,100.0,127.802,0.0,16.433541666666667,84.883,0.0,14.9055
2022-02-19,7668834.0,86400.0,100.0,145.645,2.054,54.73104166666667,257.197,2.15,91.65329166666666
2022-02-05,7668900.0,86400.0,100.0,252.109,33.53,135.16554166666666,296.774,38.976,162.23125
2022-02-10,7668858.0,86400.0,100.0,202.771,5.581,71.48520833333333,311.84,4.602,110.725
2022-03-12,7668955.0,68400.0,79.16666666666667,85.382,0.0,16.81326315789474,133.702,0.0,18.486526315789472
2022-02-20,7668841.0,86400.0,100.0,1252.39,601.248,959.7904583333333,1010.944,440.346,739.6915833333334
2022-03-12,7668780.0,68400.0,79.16666666666667,35.162,0.397,13.297736842105262,37.824,0.499,15.1
2022-03-13,7668731.0,75600.0,87.5,206.586,32.96,122.94338095238095,249.581,36.915,153.2734761904762
2022-02-03,7668832.0,86400.0,100.0,22.106,0.32,3.84375,26.541,0.32,4.227708333333333
2022-02-10,7668862.0,86400.0,100.0,235.814,0.0,95.94241666666667,201.67,0.0,89.79245833333333
2022-02-06,7668818.0,86400.0,100.0,77.843,7.11,35.55591666666667,91.334,7.885,41.988125
2022-03-14,7668887.0,86400.0,100.0,428.608,0.0,108.15245833333333,479.315,0.0,130.92779166666668
2022-02-20,7668970.0,86400.0,100.0,110.074,0.0,33.33558333333333,102.451,3.155,39.2245
2022-03-11,7668752.0,86400.0,100.0,83.315,11.718,44.766416666666665,72.256,36.653,53.45429166666667
2022-03-13,7668955.0,75600.0,87.5,86.112,0.0,19.501714285714286,65.824,0.0,21.249095238095236
2022-03-06,7668774.0,79200.0,91.66666666666667,96.666,5.984,42.44318181818182,135.68,0.0,49.095136363636364
2022-02-10,7668816.0,86400.0,100.0,421.754,0.0,164.0995,474.573,0.0,198.46654166666667
2022-03-03,7668809.0,86400.0,100.0,660.237,0.0,281.698,589.555,0.0,337.7357083333333
2022-03-07,7668987.0,82800.0,95.83333333333333,451.994,0.0,174.84060869565218,364.902,0.0,171.32808695652173
2022-03-11,7668738.0,86400.0,100.0,284.269,28.435,146.8275,343.328,34.342,176.54829166666667
2022-03-14,7668833.0,86400.0,100.0,226.189,0.0,9.658291666666667,184.243,0.0,13.370458333333334
2022-03-15,7668790.0,82800.0,95.83333333333333,160.762,17.971,62.360565217391304,130.803,0.0,72.29178260869566
2022-03-13,7668774.0,75600.0,87.5,105.843,0.0,29.44204761904762,103.302,0.0,33.81280952380953
2022-02-13,7668903.0,86400.0,100.0,473.798,37.882,211.452125,560.064,45.242,254.23983333333334
2022-03-12,7668891.0,68400.0,79.16666666666667,120.102,22.253,76.63994736842105,201.606,0.0,90.17752631578948
2022-02-13,7668981.0,86400.0,100.0,311.13,57.434,150.77525,247.2,121.99,168.190375
2022-02-11,7668746.0,86400.0,100.0,121.632,3.597,40.9165,195.046,2.912,60.20258333333334
2022-02-06,7668862.0,86400.0,100.0,170.49,34.074,96.06054166666667,125.37,59.123,89.79125
2022-02-10,7668905.0,86400.0,100.0,281.178,0.0,107.3245,261.485,0.0,115.46491666666667
2022-03-10,7668762.0,79200.0,91.66666666666667,122.464,17.773,69.23981818181818,94.061,40.346,66.34086363636364
2022-03-01,7668885.0,86400.0,100.0,0.0,0.0,0.0,0.0,0.0,0.0
2022-02-18,7668942.0,86400.0,100.0,137.754,1.325,44.091,158.349,1.376,51.470875
2022-02-13,7668805.0,86400.0,100.0,189.146,9.222,91.20329166666667,226.976,12.602,111.36658333333334
2022-03-11,7668897.0,86400.0,100.0,148.147,28.621,85.2595,148.288,75.93,104.472125
2022-02-06,7668859.0,86400.0,100.0,104.083,3.168,41.972541666666665,157.485,0.0,54.514583333333334
2022-02-19,7668884.0,86400.0,100.0,186.47,45.011,111.47958333333334,186.176,84.595,118.409
2022-02-13,7668954.0,86400.0,100.0,111.277,17.421,57.198458333333335,87.923,40.422,59.89895833333333
2022-02-05,7668736.0,86400.0,100.0,134.81,26.317,77.64254166666667,112.032,54.035,80.85920833333333
2022-03-14,7668758.0,86400.0,100.0,284.691,0.0,97.77833333333334,374.88,0.0,116.48570833333333
2022-02-17,7668824.0,75600.0,87.5,315.296,18.227,101.74614285714286,349.485,21.235,120.87828571428571
2022-03-03,7668753.0,86400.0,100.0,134.963,2.176,32.710166666666666,176.902,1.677,42.4205
2022-02-17,7668736.0,75600.0,87.5,141.517,29.555,87.74428571428571,119.072,56.166,86.03447619047618
2022-03-03,7668764.0,86400.0,100.0,107.354,16.698,56.37583333333333,96.058,49.581,69.44725
2022-02-18,7668929.0,86400.0,100.0,73.594,1.683,26.90225,64.115,1.126,22.556916666666666
2022-02-12,7668813.0,86400.0,100.0,73.747,8.134,33.28429166666667,71.61,34.701,47.699666666666666
2022-03-06,7668757.0,79200.0,91.66666666666667,703.059,0.0,264.32168181818184,844.813,0.0,315.0712272727273
2022-02-20,7668732.0,86400.0,100.0,249.062,0.0,94.12508333333334,184.538,0.0,89.02529166666666
2022-02-08,7668851.0,86400.0,100.0,81.766,13.414,42.25995833333333,104.493,47.117,62.456833333333336
2022-02-19,7668778.0,86400.0,100.0,1240.23,610.989,973.9019583333334,990.477,444.384,752.9362916666666
2022-03-10,7668913.0,79200.0,91.66666666666667,422.438,25.562,223.0244090909091,511.168,30.528,268.5058181818182
2022-02-05,7668965.0,86400.0,100.0,86.195,2.08,30.774833333333333,93.05,1.882,28.814291666666666
2022-02-19,7668759.0,86400.0,100.0,269.798,70.688,178.38725,210.534,108.486,161.46879166666668
2022-02-20,7668977.0,86400.0,100.0,72.851,0.0,34.24583333333333,78.246,0.0,48.1865
2022-03-15,7668831.0,82800.0,95.83333333333333,63.174,6.688,29.131521739130434,53.549,26.125,37.722869565217394
2022-03-07,7668904.0,82800.0,95.83333333333333,45.798,0.813,16.590608695652175,47.507,0.781,15.400565217391303
2022-03-13,7668834.0,75600.0,87.5,133.472,1.498,49.709809523809525,225.114,0.0,80.01766666666667
2022-02-17,7668798.0,75600.0,87.5,297.146,0.0,106.37728571428572,183.603,74.867,115.12147619047619
2022-02-13,7668729.0,86400.0,100.0,203.77,20.845,104.38970833333333,246.419,25.21,125.62104166666667
2022-02-08,7668766.0,86400.0,100.0,512.448,25.882,231.33575,596.941,28.608,260.8453333333333
2022-03-12,7668728.0,68400.0,79.16666666666667,166.886,20.154,83.78305263157895,192.55,24.909,100.38447368421052
2022-02-10,7668877.0,86400.0,100.0,169.92,27.642,74.47479166666666,124.877,56.064,79.42875
2022-02-20,7668831.0,86400.0,100.0,64.73,6.061,27.395541666666666,52.365,25.946,36.96445833333333
2022-02-12,7668731.0,86400.0,100.0,239.533,39.603,123.41245833333333,311.238,50.24,153.793625
2022-02-06,7668951.0,86400.0,100.0,670.304,106.982,379.20729166666666,651.878,110.176,373.135875
2022-03-03,7668734.0,86400.0,100.0,255.994,66.035,143.47116666666668,224.07,126.349,165.12975
2022-03-11,7668732.0,86400.0,100.0,219.923,0.0,72.30883333333334,186.285,0.0,77.755
2022-02-11,7668882.0,86400.0,100.0,1280.595,556.858,971.4387083333334,1018.963,414.227,750.6804583333334
2022-02-13,7668863.0,86400.0,100.0,327.155,28.717,158.77883333333332,399.61,37.434,195.05654166666667
2022-03-06,7668746.0,79200.0,91.66666666666667,137.734,0.0,51.76431818181818,219.168,0.0,76.75877272727273
2022-02-12,7668728.0,86400.0,100.0,195.763,17.568,77.80254166666667,219.866,20.838,93.56404166666667
2022-03-02,7668804.0,86400.0,100.0,72.864,2.304,34.24845833333333,88.998,2.374,40.16316666666667
2022-03-10,7668874.0,79200.0,91.66666666666667,484.333,0.0,22.325136363636364,103.642,0.0,22.632454545454546
2022-02-04,7668883.0,86400.0,100.0,0.0,0.0,0.0,0.0,0.0,0.0
2022-03-13,7668936.0,75600.0,87.5,191.885,31.942,110.985,226.374,40.134,135.02990476190476
2022-03-10,7668740.0,79200.0,91.66666666666667,385.03,0.0,145.04518181818182,460.621,0.0,170.09386363636364
2022-02-20,7668952.0,86400.0,100.0,138.246,16.883,67.42758333333333,100.064,39.43,64.91054166666666
2022-03-11,7668849.0,86400.0,100.0,178.611,17.683,85.96879166666666,217.421,21.114,103.53558333333334
2022-03-13,7668745.0,75600.0,87.5,64.794,0.0,14.849095238095238,68.218,0.0,10.964904761904762
2022-02-19,7668836.0,86400.0,100.0,256.928,60.762,140.74420833333335,170.976,74.694,112.90291666666667
2022-03-07,7668818.0,82800.0,95.83333333333333,87.386,5.325,42.09391304347826,98.816,6.285,49.797739130434785
2022-02-20,7668838.0,86400.0,100.0,51.187,8.768,25.443625,68.134,34.528,43.62408333333333
2022-03-10,7668739.0,79200.0,91.66666666666667,235.034,45.946,119.441,289.062,37.773,142.592
2022-02-13,7668960.0,86400.0,100.0,95.283,13.92,48.113791666666664,79.021,38.08,55.239
2022-03-11,7668889.0,86400.0,100.0,113.312,6.714,36.482458333333334,70.278,18.854,34.32629166666667
2022-02-04,7668906.0,86400.0,100.0,180.89,36.371,97.92604166666666,152.666,71.04,101.54508333333334
2022-03-03,7668724.0,86400.0,100.0,248.16,24.493,112.22558333333333,187.917,74.112,118.09620833333334
2022-02-18,7668848.0,86400.0,100.0,253.581,0.0,77.14433333333334,131.04,37.12,60.5775
2022-02-05,7668788.0,86400.0,100.0,116.858,24.23,64.56454166666667,257.85,43.821,64.072
2022-03-15,7668823.0,82800.0,95.83333333333333,0.0,0.0,0.0,0.0,0.0,0.0
2022-02-08,7668985.0,86400.0,100.0,162.061,23.155,90.578875,148.448,63.424,97.62045833333333
2022-03-13,7668813.0,75600.0,87.5,101.318,0.0,21.30690476190476,69.133,0.0,41.05490476190476
2022-03-06,7668965.0,79200.0,91.66666666666667,182.253,2.368,32.031727272727274,120.749,1.894,28.575227272727272
2022-03-06,7668741.0,79200.0,91.66666666666667,45.171,0.678,13.425772727272728,57.824,0.563,14.3825
2022-02-13,7668769.0,86400.0,100.0,168.608,0.0,91.94391666666667,125.99,0.0,83.93241666666667
2022-03-06,7668794.0,79200.0,91.66666666666667,279.309,2.618,46.37822727272727,267.174,2.106,60.92181818181818
2022-03-03,7668812.0,86400.0,100.0,121.856,24.275,67.80920833333333,91.686,43.936,65.442625
2022-02-13,7668915.0,86400.0,100.0,276.154,52.755,153.585125,196.371,88.608,138.01920833333332
2022-02-04,7668920.0,86400.0,100.0,118.112,0.0,17.084291666666665,88.32,0.0,12.411291666666667
2022-03-11,7668971.0,86400.0,100.0,116.928,14.253,57.62408333333333,144.051,18.016,68.190375
2022-02-19,7668881.0,86400.0,100.0,197.005,19.872,105.10404166666666,240.243,24.051,125.921625
2022-02-05,7668954.0,86400.0,100.0,114.362,13.651,58.37854166666666,90.707,38.899,60.38845833333333
2022-03-07,7668762.0,82800.0,95.83333333333333,180.275,22.688,71.31434782608696,110.394,43.629,67.32565217391304
2022-02-20,7668849.0,86400.0,100.0,186.067,22.733,88.077875,219.264,27.629,106.73408333333333
2022-02-18,7668782.0,86400.0,100.0,205.856,25.056,113.83166666666666,249.05,30.714,136.55770833333332
2022-03-03,7668980.0,86400.0,100.0,250.464,35.552,142.874,190.016,81.818,133.686875
2022-02-04,7668763.0,86400.0,100.0,247.475,13.478,117.386,227.648,15.917,118.9295
2022-03-10,7668941.0,79200.0,91.66666666666667,736.122,0.0,289.9635909090909,734.022,0.0,333.3114545454545
2022-03-07,69903421.0,82800.0,95.83333333333333,156.64,0.0,42.014434782608696,245.754,0.0,64.728
2022-02-12,7668962.0,86400.0,100.0,139.078,10.637,68.6535,163.277,13.286,80.94070833333333
2022-02-19,7668754.0,86400.0,100.0,414.515,0.0,20.587458333333334,259.11,0.0,23.166458333333335
2022-02-17,7668888.0,75600.0,87.5,320.237,0.0,172.67371428571428,376.378,0.0,206.60433333333333
2022-02-11,7668988.0,86400.0,100.0,126.733,3.021,41.80370833333333,175.392,2.477,54.8835
2022-02-12,7668908.0,86400.0,100.0,462.643,0.0,191.451625,491.731,0.0,227.970875
2022-03-13,7668908.0,75600.0,87.5,415.354,0.0,169.37390476190475,476.922,0.0,202.38485714285713
2022-02-04,7668927.0,86400.0,100.0,286.24,0.0,76.307625,336.858,0.0,90.400375
2022-02-06,7668881.0,86400.0,100.0,176.979,19.942,98.132,206.95,23.949,117.30129166666667
2022-03-12,7668725.0,68400.0,79.16666666666667,27.789,2.24,10.541473684210526,22.189,8.768,13.702421052631578
2022-03-10,7668902.0,79200.0,91.66666666666667,213.331,28.499,112.51372727272727,249.574,31.61,133.57
2022-02-10,7668825.0,86400.0,100.0,224.826,32.173,115.16691666666667,177.549,77.677,118.891875
2022-03-07,7668777.0,82800.0,95.83333333333333,157.594,17.357,72.6175652173913,179.898,21.728,86.38526086956522
2022-03-12,7668824.0,68400.0,79.16666666666667,206.035,22.246,108.05931578947369,237.062,25.51,127.71973684210526
2022-03-07,7668787.0,82800.0,95.83333333333333,121.67,0.0,21.776652173913043,112.8,0.0,19.548
2022-02-12,7668854.0,86400.0,100.0,44.141,0.0,14.187583333333333,43.45,0.0,10.505916666666666
2022-03-06,7668760.0,79200.0,91.66666666666667,101.267,1.293,22.106636363636362,101.158,1.184,26.594772727272726
2022-02-11,7668873.0,86400.0,100.0,0.0,0.0,0.0,0.0,0.0,0.0
2022-02-19,7668792.0,86400.0,100.0,234.413,0.0,85.09,254.099,0.0,94.61295833333334
2022-03-14,7668755.0,86400.0,100.0,481.632,92.077,243.81841666666668,586.419,112.403,293.25208333333336
2022-03-12,7668791.0,68400.0,79.16666666666667,392.026,47.546,155.4441052631579,397.613,59.309,186.1172105263158
2022-02-19,7668823.0,86400.0,100.0,0.0,0.0,0.0,0.0,0.0,0.0
2022-02-13,7668842.0,86400.0,100.0,176.634,30.995,90.267125,152.282,77.075,107.696375
2022-02-11,7668799.0,86400.0,100.0,216.685,0.0,108.06816666666667,256.301,43.744,129.96591666666666
2022-02-20,7668911.0,86400.0,100.0,205.286,43.603,114.99808333333333,170.387,86.118,120.74829166666666
2022-02-06,7668896.0,86400.0,100.0,392.346,75.411,225.13583333333332,481.043,91.328,273.179875
2022-02-04,7668935.0,86400.0,100.0,500.083,28.954,225.73654166666665,596.058,33.645,267.69175
2022-02-20,7668725.0,86400.0,100.0,28.595,2.24,10.173958333333333,22.643,8.768,13.399916666666666
2022-03-11,7668761.0,86400.0,100.0,48.55,5.734,22.84125,45.715,23.488,32.514916666666664
2022-03-06,7668866.0,79200.0,91.66666666666667,143.194,14.272,77.87645454545455,175.379,16.774,91.82536363636363
2022-03-03,7668748.0,86400.0,100.0,68.717,3.098,34.418875,70.822,3.962,39.63679166666667
2022-03-13,7668925.0,75600.0,87.5,247.821,0.0,146.97933333333333,299.424,0.0,178.38633333333334
2022-02-03,7668795.0,86400.0,100.0,294.477,25.933,132.90791666666667,212.992,75.462,128.98404166666666
2022-02-10,7668803.0,86400.0,100.0,166.426,17.754,86.28354166666666,203.219,20.358,102.852875
2022-02-04,7668797.0,86400.0,100.0,495.565,0.73,23.287333333333333,384.864,0.486,27.563041666666667
2022-03-10,7668872.0,79200.0,91.66666666666667,137.818,4.819,55.41522727272727,181.632,0.179,69.96113636363637
2022-03-11,7668822.0,86400.0,100.0,380.403,52.429,207.82495833333334,455.968,61.427,247.14116666666666
2022-03-06,7668728.0,79200.0,91.66666666666667,147.315,20.646,80.99027272727272,177.434,24.109,96.86622727272727
2022-03-06,7668878.0,79200.0,91.66666666666667,282.029,48.883,139.30327272727274,301.92,59.789,166.5115
2022-02-18,7668730.0,86400.0,100.0,459.571,41.824,171.41966666666667,515.11,56.403,207.24066666666667
2022-02-06,7668871.0,86400.0,100.0,241.67,53.408,135.76625,162.304,70.381,110.68645833333333
2022-02-06,7668853.0,86400.0,100.0,512.314,0.0,209.65079166666666,574.106,0.0,253.44720833333332
2022-02-08,7668817.0,86400.0,100.0,74.931,1.542,28.142916666666668,86.739,1.555,33.49075
2022-02-06,7668791.0,86400.0,100.0,272.346,45.146,153.232875,318.771,55.315,185.858375
2022-02-18,7668898.0,86400.0,100.0,161.862,0.0,23.4305,668.134,0.0,42.634125
2022-03-11,90076008.0,86400.0,100.0,0.0,0.0,0.0,0.0,0.0,0.0
2022-02-19,7668915.0,86400.0,100.0,269.363,55.603,157.46229166666666,199.533,89.914,140.10441666666668
2022-03-13,7668961.0,75600.0,87.5,158.323,28.147,89.47757142857142,122.554,56.499,85.90738095238095
2022-02-13,7668839.0,86400.0,100.0,125.549,2.227,40.9755,155.078,1.856,49.04825
2022-02-08,7668824.0,86400.0,100.0,199.034,20.262,99.78983333333333,224.717,23.738,118.62325
2022-03-13,7668890.0,75600.0,87.5,116.051,3.814,43.076904761904764,175.443,2.598,64.10128571428571
2022-02-17,7668733.0,75600.0,87.5,720.416,67.424,241.57404761904763,665.472,86.227,291.9989047619048
2022-02-06,7668941.0,86400.0,100.0,531.482,91.821,328.4997916666667,606.899,108.006,372.773
2022-02-18,7668923.0,86400.0,100.0,809.632,117.709,406.9320833333333,802.784,114.746,400.95441666666665
2022-02-17,7668874.0,75600.0,87.5,69.696,0.819,21.168238095238095,96.602,0.979,23.574238095238094
2022-03-07,7668842.0,82800.0,95.83333333333333,259.565,0.0,85.17417391304348,234.214,0.0,101.22069565217392
2022-03-07,7668811.0,82800.0,95.83333333333333,58.861,9.594,27.927304347826087,66.208,35.379,45.296608695652175
2022-02-12,7668963.0,86400.0,100.0,111.066,16.794,58.84770833333334,88.166,39.674,61.605666666666664
2022-02-11,7668920.0,86400.0,100.0,52.109,0.819,17.401875,55.213,0.154,12.817708333333334
2022-03-03,7668814.0,86400.0,100.0,38.477,0.627,12.859208333333333,50.464,0.672,13.1245
2022-03-12,7668820.0,68400.0,79.16666666666667,336.32,54.458,193.1891052631579,262.822,119.36,190.1057894736842
2022-02-04,7668821.0,86400.0,100.0,407.347,79.616,244.98579166666667,486.387,98.125,297.385875
2022-03-13,7668964.0,75600.0,87.5,148.896,0.0,30.265857142857143,164.147,0.0,35.769666666666666
2022-03-07,7668878.0,82800.0,95.83333333333333,367.494,0.0,156.2041304347826,378.874,0.0,185.33530434782608
2022-02-08,7668931.0,86400.0,100.0,469.133,0.0,142.11979166666666,550.253,0.0,173.41825
2022-02-03,7668925.0,86400.0,100.0,288.576,34.515,169.85258333333334,345.19,42.726,205.33375
2022-03-12,7668775.0,68400.0,79.16666666666667,546.003,0.0,221.11352631578947,546.515,0.0,267.6675263157895
2022-03-07,7668857.0,82800.0,95.83333333333333,300.518,0.0,140.391,232.48,0.0,131.081
2022-02-13,7668768.0,86400.0,100.0,117.888,18.515,65.91225,103.904,51.066,74.76975
2022-03-10,7668815.0,79200.0,91.66666666666667,184.845,0.0,101.3485,143.891,0.0,101.57336363636364
2022-02-06,7668907.0,86400.0,100.0,269.856,38.458,146.00329166666666,326.867,46.765,178.79595833333335
2022-02-18,7668928.0,86400.0,100.0,81.421,6.502,35.105333333333334,63.424,26.24,41.07675
2022-02-19,7668825.0,86400.0,100.0,229.856,31.456,118.02895833333334,176.486,77.248,120.38508333333333
2022-03-10,7668936.0,79200.0,91.66666666666667,424.301,0.0,130.6565,466.438,0.0,159.09045454545455
2022-02-20,7668865.0,86400.0,100.0,84.634,7.731,41.65529166666666,114.95,8.518,49.59254166666667
2022-03-13,7668865.0,75600.0,87.5,78.483,5.261,38.8682380952381,95.674,5.869,46.16385714285714
2022-02-11,7668812.0,86400.0,100.0,156.614,24.25,68.10766666666666,110.17,43.654,65.83520833333333
2022-02-18,7668840.0,86400.0,100.0,104.371,1.434,35.23525,164.704,1.133,47.031666666666666
2022-02-03,7668753.0,86400.0,100.0,99.616,1.952,29.719375,138.362,1.133,36.325291666666665
2022-02-10,7668853.0,86400.0,100.0,485.357,0.0,224.46170833333332,518.701,0.0,271.4304583333333
2022-03-12,7668896.0,68400.0,79.16666666666667,621.446,0.0,272.83736842105264,578.234,0.0,330.6841052631579
2022-02-19,7668870.0,86400.0,100.0,229.978,42.848,114.42,175.546,82.304,117.8675
2022-02-12,7668737.0,86400.0,100.0,259.27,0.0,113.110125,294.662,0.0,118.62829166666667
2022-02-03,7668731.0,86400.0,100.0,247.84,50.227,119.78366666666666,320.224,61.914,150.03383333333332
2022-03-03,7668882.0,86400.0,100.0,1336.736,539.334,981.970125,1070.496,393.939,761.8294583333334
2022-03-10,7668738.0,79200.0,91.66666666666667,355.238,3.277,158.05895454545455,339.565,6.842,189.12913636363638
2022-03-12,7668952.0,68400.0,79.16666666666667,178.163,21.376,99.3521052631579,136.134,51.949,90.8058947368421
2022-02-18,7668887.0,86400.0,100.0,268.077,49.44,141.43379166666668,430.515,0.0,172.401375
2022-03-11,7668955.0,86400.0,100.0,71.334,0.0,28.839583333333334,60.429,0.0,32.85241666666667
2022-02-18,29308123.0,86400.0,100.0,146.976,2.15,37.886125,206.944,1.293,58.203375
2022-03-03,7668915.0,86400.0,100.0,365.363,53.798,167.96420833333335,214.88,88.71,145.07358333333335
2022-02-20,7668850.0,86400.0,100.0,141.619,29.114,79.845875,152.71,76.499,102.59675
2022-03-03,7668854.0,86400.0,100.0,80.422,0.0,14.048958333333333,35.533,0.0,10.745916666666666
2022-02-12,7668882.0,86400.0,100.0,1278.579,584.742,961.9894166666667,1004.941,417.696,743.13625
2022-02-20,7668899.0,86400.0,100.0,53.069,8.563,25.985041666666667,53.235,27.264,36.433708333333335
2022-02-03,7668876.0,86400.0,100.0,832.941,0.0,259.1009583333333,702.33,0.0,312.83995833333336
2022-03-07,7668793.0,82800.0,95.83333333333333,445.312,0.0,168.96560869565218,324.416,0.0,137.84321739130434
2022-02-05,7668774.0,86400.0,100.0,80.346,6.035,35.556375,95.853,6.931,41.657333333333334
2022-02-11,7668769.0,86400.0,100.0,188.621,42.522,115.63683333333333,134.144,63.725,99.78425
2022-03-07,7668757.0,82800.0,95.83333333333333,458.176,92.205,263.00247826086957,535.315,110.157,312.7603913043478
2022-03-11,7668986.0,86400.0,100.0,226.4,16.73,110.08291666666666,275.872,18.925,133.09129166666668
2022-02-06,7668915.0,86400.0,100.0,250.502,53.306,150.51954166666667,188.512,88.96,136.32495833333334
2022-02-05,7668831.0,86400.0,100.0,64.282,0.0,29.362916666666667,63.366,0.0,38.008916666666664
2022-03-11,7668958.0,86400.0,100.0,269.702,28.262,158.04304166666665,316.787,34.048,188.13070833333333
2022-03-07,7668758.0,82800.0,95.83333333333333,296.806,31.354,116.85717391304348,288.73,36.672,138.3462608695652
2022-02-10,7668808.0,86400.0,100.0,460.48,43.629,207.891875,556.333,53.242,251.281875
2022-02-10,7668906.0,86400.0,100.0,164.045,34.771,95.991125,134.829,69.933,100.626375
2022-03-14,7668753.0,86400.0,100.0,580.307,0.0,32.00745833333333,485.709,0.0,44.248958333333334
2022-02-12,7668887.0,86400.0,100.0,430.515,0.32,142.49166666666667,492.39,0.32,172.52408333333332
2022-03-12,7668727.0,68400.0,79.16666666666667,180.723,37.37,93.03257894736842,145.152,80.243,107.92426315789474
2022-02-13,7668972.0,86400.0,100.0,457.619,34.707,129.00229166666668,490.874,42.598,156.765
2022-03-07,7668848.0,82800.0,95.83333333333333,208.154,0.0,67.12295652173913,112.678,0.0,54.84230434782609
2022-02-17,7668781.0,75600.0,87.5,2189.158,0.0,1043.3796666666667,1702.24,0.0,813.0535714285714
2022-03-03,7668978.0,86400.0,100.0,255.629,5.421,79.79608333333333,362.15,4.928,119.75075
2022-02-18,7668885.0,86400.0,100.0,0.0,0.0,0.0,0.0,0.0,0.0
2022-02-04,7668903.0,86400.0,100.0,515.411,39.142,206.63695833333333,575.898,46.067,248.11225
2022-03-14,7668798.0,86400.0,100.0,351.718,2.432,93.390375,410.522,0.0,108.52529166666666
2022-03-03,7668922.0,86400.0,100.0,359.898,32.16,175.42645833333333,420.128,36.326,211.494625
2022-02-13,7668834.0,86400.0,100.0,238.266,0.0,56.14841666666667,267.789,2.445,93.19104166666666
2022-03-07,7668883.0,82800.0,95.83333333333333,0.0,0.0,0.0,0.0,0.0,0.0
2022-02-11,7668946.0,86400.0,100.0,117.389,20.89,62.672333333333334,82.342,33.83,54.472
2022-03-11,7668871.0,86400.0,100.0,232.512,52.813,116.59491666666666,157.837,69.325,101.34829166666667
2022-02-05,7668983.0,86400.0,100.0,146.419,29.427,79.91083333333333,134.259,77.485,102.19504166666667
2022-03-03,7668806.0,86400.0,100.0,61.709,7.987,30.553,72.794,34.976,46.4915
2022-02-05,7668750.0,86400.0,100.0,177.094,46.291,108.47641666666667,162.317,85.632,117.29425
2022-02-12,7668772.0,86400.0,100.0,304.154,55.258,173.13558333333333,357.542,65.094,209.23725
2022-03-14,7668768.0,86400.0,100.0,104.358,12.71,46.705416666666665,93.818,47.078,64.97504166666667
2022-03-03,7668822.0,86400.0,100.0,476.179,0.0,205.681875,645.299,0.0,244.43916666666667
2022-03-15,7668811.0,82800.0,95.83333333333333,57.805,8.39,25.619217391304346,64.877,34.317,44.01786956521739
2022-02-13,7668967.0,86400.0,100.0,90.842,2.125,29.721541666666667,135.814,1.498,34.26925
2022-03-11,7668760.0,86400.0,100.0,120.627,0.0,20.421875,131.661,0.0,24.945833333333333
2022-03-03,7668985.0,86400.0,100.0,273.101,25.702,91.66225,166.65,63.738,98.12979166666666
2022-03-03,7668855.0,86400.0,100.0,236.71,3.437,77.120625,348.454,2.912,120.963125
2022-02-04,7668724.0,86400.0,100.0,303.45,27.053,134.62154166666667,211.002,75.725,129.38158333333334
2022-03-14,7668986.0,86400.0,100.0,226.464,0.0,106.92920833333334,268.326,20.589,128.60820833333332
2022-02-20,7668784.0,86400.0,100.0,154.368,37.235,93.66466666666666,151.418,81.715,109.41770833333334
2022-02-05,7668844.0,86400.0,100.0,180.006,31.501,103.8975,145.254,68.461,104.724875
2022-03-13,7668769.0,75600.0,87.5,187.802,42.125,102.59409523809524,140.915,63.45,93.51080952380953
2022-02-18,7668943.0,86400.0,100.0,41.728,0.653,11.999875,53.747,0.0,10.732375
2022-02-19,7668816.0,86400.0,100.0,278.144,54.086,170.535375,347.686,67.315,207.73533333333333
2022-03-10,7668919.0,79200.0,91.66666666666667,321.728,0.0,189.6795,393.779,0.0,229.74481818181818
2022-02-12,7668811.0,86400.0,100.0,64.333,8.768,28.823333333333334,63.11,34.912,45.672958333333334
2022-02-17,7668944.0,75600.0,87.5,59.104,7.462,25.068666666666665,78.976,0.0,35.74842857142857
2022-02-03,7668924.0,86400.0,100.0,299.034,66.432,190.34425,375.059,78.803,230.77195833333334
2022-02-03,7668786.0,86400.0,100.0,111.757,1.67,40.02795833333333,202.163,1.389,67.24058333333333
2022-03-13,7668809.0,75600.0,87.5,363.706,56.768,213.94785714285715,463.795,65.37,260.304
2022-02-03,7668938.0,86400.0,100.0,131.283,0.0,44.68216666666667,235.354,0.0,73.63308333333333
2022-02-18,7668881.0,86400.0,100.0,198.099,16.832,103.09933333333333,238.765,20.205,123.58333333333333
2022-02-17,7668890.0,75600.0,87.5,123.226,3.552,44.73604761904762,201.338,0.0,66.5274761904762
2022-02-04,7668760.0,86400.0,100.0,115.482,0.0,16.357208333333332,143.776,0.0,20.137625
2022-02-06,7668863.0,86400.0,100.0,329.389,41.971,166.94791666666666,393.677,51.366,205.18154166666667
2022-02-05,7668862.0,86400.0,100.0,171.654,33.146,97.78858333333334,129.376,59.341,90.458125
2022-02-18,7668735.0,86400.0,100.0,514.515,44.314,155.196375,377.51,54.323,187.8485
2022-03-15,7668794.0,82800.0,95.83333333333333,113.882,2.17,39.46030434782609,170.394,1.901,52.887608695652176
2022-02-12,7668955.0,86400.0,100.0,66.605,0.0,26.790875,64.032,0.0,32.10466666666667
2022-02-06,7668833.0,86400.0,100.0,55.642,9.024,28.822041666666667,62.355,34.208,44.83116666666667
2022-03-11,7668985.0,86400.0,100.0,199.251,23.661,91.996,152.384,64.23,98.33375
2022-03-07,7668805.0,82800.0,95.83333333333333,211.898,16.358,84.11178260869565,236.429,18.976,101.53673913043478
2022-02-06,7668795.0,86400.0,100.0,173.504,28.41,79.38670833333333,150.65,75.834,102.43304166666667
2022-02-20,7668757.0,86400.0,100.0,447.456,0.0,272.15625,540.986,0.0,324.9080416666667
2022-02-05,7668756.0,86400.0,100.0,251.763,51.117,152.18954166666666,189.107,89.229,139.27325
2022-02-18,7668953.0,86400.0,100.0,413.306,0.0,134.12741666666668,327.974,0.0,129.14954166666666
2022-02-11,7668776.0,86400.0,100.0,82.835,7.232,35.523625,77.12,34.099,48.944291666666665
2022-02-17,7668746.0,75600.0,87.5,128.896,3.232,44.86409523809524,207.45,0.0,65.6817619047619
2022-03-12,7668797.0,68400.0,79.16666666666667,511.718,1.574,28.263684210526314,412.422,0.998,35.14836842105263
2022-03-10,53298556.0,79200.0,91.66666666666667,452.09,62.598,254.69181818181818,496.947,72.698,303.21027272727275
2022-02-03,7668911.0,86400.0,100.0,323.309,0.0,115.48520833333333,309.101,0.0,120.283125
2022-03-06,7668730.0,79200.0,91.66666666666667,313.626,52.41,174.78272727272727,378.445,65.222,211.62186363636363
2022-02-18,7668856.0,86400.0,100.0,126.81,2.074,44.27883333333333,203.674,1.626,71.81833333333333
2022-02-06,7668811.0,86400.0,100.0,59.834,8.691,28.124291666666668,61.203,35.091,45.30041666666666
2022-02-12,7668906.0,86400.0,100.0,248.582,0.0,89.58425,429.523,0.0,91.91329166666667
2022-02-05,7668816.0,86400.0,100.0,347.763,0.0,166.286375,534.874,0.0,201.82441666666668
2022-02-13,7668986.0,86400.0,100.0,258.982,12.275,82.5605,290.592,14.464,98.68629166666666
2022-02-05,7668806.0,86400.0,100.0,55.878,9.216,29.944791666666667,240.384,34.842,46.228791666666666
2022-02-10,7668778.0,86400.0,100.0,1373.171,562.33,957.227,1089.44,412.736,739.1409166666666
2022-02-10,7668743.0,86400.0,100.0,390.016,63.27,213.57170833333333,468.442,77.587,255.74416666666667
2022-02-19,7668814.0,86400.0,100.0,44.058,0.486,12.705541666666667,68.685,0.73,12.885916666666667
2022-02-03,7668908.0,86400.0,100.0,476.621,0.0,196.14341666666667,569.549,0.0,234.63416666666666
2022-03-03,7668987.0,86400.0,100.0,304.646,64.64,186.93183333333334,241.856,118.547,179.63416666666666
2022-02-13,7668900.0,86400.0,100.0,229.523,22.752,121.60975,277.581,27.078,145.79766666666666
2022-03-06,7668824.0,79200.0,91.66666666666667,418.957,0.0,103.10377272727273,513.434,0.0,122.865
2022-02-18,7668938.0,86400.0,100.0,146.374,2.125,57.83170833333333,266.138,2.24,95.16441666666667
2022-02-12,7668895.0,86400.0,100.0,134.995,2.733,46.544333333333334,215.328,1.933,70.64445833333333
2022-02-20,7668790.0,86400.0,100.0,190.317,9.888,49.447625,82.054,35.949,55.69233333333333
2022-02-12,7668913.0,86400.0,100.0,450.931,28.416,215.762375,553.267,33.242,260.36175
2022-03-11,7668754.0,86400.0,100.0,164.755,0.0,22.31875,108.8,0.0,25.514166666666668
2022-02-17,7668819.0,75600.0,87.5,146.419,14.144,63.99771428571429,153.229,67.507,93.51280952380952
2022-02-03,7668811.0,86400.0,100.0,54.118,8.557,24.989625,60.896,34.976,43.71395833333333
2022-03-14,7668917.0,86400.0,100.0,246.342,21.562,123.12470833333333,235.654,65.434,123.788875
2022-02-04,7668731.0,86400.0,100.0,232.717,46.611,119.56454166666667,295.002,54.112,149.41341666666668
2022-02-20,7668805.0,86400.0,100.0,202.317,21.568,98.30045833333334,239.635,25.658,120.802125
2022-02-18,7668975.0,86400.0,100.0,335.821,32.448,88.9355,138.733,58.554,86.49258333333333
2022-03-14,7668982.0,86400.0,100.0,656.966,96.698,385.306875,674.061,95.315,380.8727083333333
2022-02-10,7668899.0,86400.0,100.0,48.083,6.138,23.667125,48.422,25.952,35.20583333333333
2022-02-20,7668936.0,86400.0,100.0,196.486,42.63,120.49020833333333,238.803,51.469,146.81891666666667
2022-03-13,7668862.0,75600.0,87.5,156.269,28.634,90.27590476190475,124.262,56.787,87.07061904761905
2022-03-10,7668787.0,79200.0,91.66666666666667,296.992,1.434,22.89618181818182,182.976,0.922,20.22
2022-02-03,7668739.0,86400.0,100.0,246.253,43.219,113.04983333333334,289.338,51.341,135.30029166666668
2022-02-08,7668894.0,86400.0,100.0,96.237,2.47,35.386291666666665,112.614,2.317,42.352625
2022-03-11,7668827.0,86400.0,100.0,370.886,16.845,129.343375,420.25,20.493,156.47620833333335
2022-03-14,90076168.0,86400.0,100.0,127.264,2.592,36.697875,123.469,2.592,37.9845
2022-02-20,7668900.0,86400.0,100.0,221.498,25.536,123.59629166666667,257.805,30.784,148.48391666666666
2022-03-07,7668797.0,82800.0,95.83333333333333,272.218,0.0,21.91595652173913,441.798,0.0,25.907695652173913
2022-03-13,7668728.0,75600.0,87.5,181.907,14.778,77.14980952380952,236.992,17.101,92.27371428571429
2022-02-12,7668744.0,86400.0,100.0,188.627,0.0,32.17608333333333,256.397,0.0,39.766958333333335
2022-02-05,7668724.0,86400.0,100.0,277.011,0.0,125.44458333333333,197.517,74.848,124.59016666666666
2022-02-20,7668733.0,86400.0,100.0,608.678,50.355,202.15516666666667,544.416,61.536,245.02170833333332
2022-02-18,7668940.0,86400.0,100.0,116.403,0.0,50.83045833333333,137.523,0.0,60.79266666666667
2022-03-06,7668958.0,79200.0,91.66666666666667,251.155,26.074,131.91781818181818,295.002,30.656,157.2280909090909
2022-03-14,57960775.0,86400.0,100.0,171.43,2.227,66.92166666666667,271.859,2.963,98.244125
2022-02-04,7668866.0,86400.0,100.0,150.861,17.107,80.52445833333333,178.944,20.397,94.72045833333334
2022-02-06,7668900.0,86400.0,100.0,238.541,31.078,130.39104166666667,280.723,36.454,156.44720833333332
2022-02-13,7668726.0,86400.0,100.0,64.403,1.114,22.703916666666668,85.35,1.114,29.391166666666667
2022-02-12,7668841.0,86400.0,100.0,1260.25,587.053,962.178,1000.954,432.269,743.2941666666667
2022-02-05,7668912.0,86400.0,100.0,299.283,28.538,164.750625,360.691,33.894,196.04566666666668
2022-02-04,7668746.0,86400.0,100.0,125.536,3.725,39.25395833333334,195.366,2.643,57.360166666666665
2022-03-14,7668808.0,86400.0,100.0,328.909,21.92,168.42645833333333,391.155,26.131,202.30908333333332
2022-03-03,7668873.0,86400.0,100.0,0.0,0.0,0.0,0.0,0.0,0.0
2022-02-04,7668841.0,86400.0,100.0,1285.965,565.235,971.92525,1025.811,413.862,751.6436666666667
2022-02-04,7668948.0,86400.0,100.0,246.701,14.65,117.55983333333333,229.946,10.944,119.13691666666666
2022-03-10,7668754.0,79200.0,91.66666666666667,330.861,0.0,23.621,108.614,0.0,25.61390909090909
2022-03-15,7668746.0,82800.0,95.83333333333333,107.904,2.72,37.000652173913046,175.93,0.0,55.115826086956524
2022-02-08,7668760.0,86400.0,100.0,66.221,1.178,20.36625,94.451,0.941,24.764958333333333
2022-02-03,7668843.0,86400.0,100.0,111.43,1.459,34.276583333333335,154.72,0.0,48.87629166666667
2022-03-07,7668799.0,82800.0,95.83333333333333,198.816,33.67,102.36908695652174,235.488,43.821,123.29469565217391
2022-02-10,7668810.0,86400.0,100.0,317.478,63.155,199.22175,386.701,75.808,243.65879166666667
2022-02-19,7668912.0,86400.0,100.0,412.538,0.0,138.24629166666668,470.963,0.0,164.71070833333334
2022-02-19,7668768.0,86400.0,100.0,195.514,0.0,61.98225,241.651,0.0,72.77641666666666
2022-02-11,7668826.0,86400.0,100.0,339.168,39.942,165.74375,382.778,48.896,198.13904166666666
2022-03-06,7668781.0,79200.0,91.66666666666667,1276.992,348.378,971.526909090909,1044.256,424.608,752.5010909090909
2022-02-06,7668839.0,86400.0,100.0,127.853,3.213,39.990541666666665,152.346,0.0,46.86575
2022-02-10,7668771.0,86400.0,100.0,405.811,0.0,183.79058333333333,449.498,0.0,223.63008333333335
2022-03-10,7668863.0,79200.0,91.66666666666667,388.461,38.726,160.6102272727273,396.275,46.586,197.28240909090908
2022-03-07,7668979.0,82800.0,95.83333333333333,192.224,27.514,101.12382608695653,237.178,30.419,120.34773913043479
2022-03-07,7668968.0,82800.0,95.83333333333333,69.92,1.389,23.761478260869566,109.267,1.402,29.57686956521739
2022-02-03,7668782.0,86400.0,100.0,199.424,23.904,114.550125,234.522,26.035,137.35158333333334
2022-03-12,7668969.0,68400.0,79.16666666666667,98.464,19.245,56.307315789473684,79.085,40.64,59.34221052631579
2022-03-15,7668946.0,82800.0,95.83333333333333,117.856,24.717,59.895347826086955,82.362,35.36,52.90452173913044
2022-02-11,7668760.0,86400.0,100.0,73.811,1.382,20.714166666666667,87.648,1.101,24.838625
2022-02-13,7668883.0,86400.0,100.0,0.0,0.0,0.0,0.0,0.0,0.0
2022-02-10,7668950.0,86400.0,100.0,0.0,0.0,0.0,0.0,0.0,0.0
2022-02-19,7668764.0,86400.0,100.0,117.965,20.89,57.50816666666667,100.134,51.616,70.198875
2022-02-03,7668932.0,86400.0,100.0,247.635,51.552,139.44770833333334,236.416,121.203,163.18870833333332
2022-03-13,7668857.0,75600.0,87.5,283.955,0.0,115.30590476190476,223.021,0.0,114.5267619047619
2022-02-18,7668956.0,86400.0,100.0,0.0,0.0,0.0,0.0,0.0,0.0
2022-02-04,7668753.0,86400.0,100.0,147.059,1.165,29.421583333333334,147.584,1.133,33.06783333333333
2022-03-03,7668859.0,86400.0,100.0,158.381,3.174,41.05679166666667,181.6,2.426,55.373375
2022-03-13,90076026.0,75600.0,87.5,43.424,0.32,14.216047619047618,50.374,0.32,16.481333333333332
2022-02-06,7668932.0,86400.0,100.0,221.024,41.53,125.20045833333333,218.202,113.843,155.749125
2022-02-19,7668806.0,86400.0,100.0,57.888,9.395,29.499,64.531,35.629,46.004
2022-03-13,7668812.0,75600.0,87.5,198.822,0.0,65.22757142857142,116.288,0.0,64.06871428571428
2022-03-07,7668817.0,82800.0,95.83333333333333,82.605,5.574,32.76539130434782,93.536,6.272,39.077608695652174
2022-03-10,7668770.0,79200.0,91.66666666666667,101.722,16.934,49.971318181818184,94.688,50.24,66.96295454545455
2022-02-19,7668871.0,86400.0,100.0,253.011,62.31,131.20954166666667,156.237,74.918,108.37025
2022-02-18,69903421.0,86400.0,100.0,108.096,1.152,37.62820833333333,183.686,1.152,71.23679166666666
2022-02-20,7668861.0,86400.0,100.0,259.418,33.613,141.99716666666666,297.299,41.03,169.36816666666667
2022-02-08,7668967.0,86400.0,100.0,96.384,2.131,28.297916666666666,129.581,1.453,32.44866666666667
2022-02-08,7668897.0,86400.0,100.0,143.514,27.565,82.15091666666666,143.782,76.045,102.872
2022-03-07,7668726.0,82800.0,95.83333333333333,83.277,1.267,23.56982608695652,112.365,1.242,30.490652173913045
2022-02-17,7668747.0,75600.0,87.5,218.17,0.0,129.77004761904763,195.725,0.0,117.44295238095238
2022-03-10,7668908.0,79200.0,91.66666666666667,393.254,0.0,186.5243181818182,447.174,0.0,222.10090909090908
2022-03-10,7668743.0,79200.0,91.66666666666667,394.848,52.454,213.2915909090909,491.238,64.166,255.3831818181818
2022-03-03,7668861.0,86400.0,100.0,254.675,27.539,149.66195833333333,311.072,37.926,177.39483333333334
2022-02-03,7668877.0,86400.0,100.0,152.352,26.285,77.20520833333333,134.234,55.008,80.90029166666666
2022-03-12,7668893.0,68400.0,79.16666666666667,0.0,0.0,0.0,0.0,0.0,0.0
2022-03-12,7668947.0,68400.0,79.16666666666667,119.808,20.262,65.66689473684211,125.05,51.462,73.96947368421053
2022-03-15,7668817.0,82800.0,95.83333333333333,75.52,1.85,28.11904347826087,90.534,2.074,33.52234782608696
2022-03-15,7668863.0,82800.0,95.83333333333333,307.462,28.589,147.5454347826087,388.218,35.603,181.47047826086956
2022-02-10,7668785.0,86400.0,100.0,209.965,42.541,117.96491666666667,178.739,83.59,120.22641666666667
2022-02-18,7668852.0,86400.0,100.0,135.104,29.133,76.73520833333333,136.365,75.622,100.29241666666667
2022-02-13,7668832.0,86400.0,100.0,8.614,0.32,2.0067916666666665,8.685,0.32,2.1125
2022-03-10,7668894.0,79200.0,91.66666666666667,82.611,0.0,33.78659090909091,97.837,0.0,40.47209090909091
2022-02-20,7668782.0,86400.0,100.0,193.984,23.501,104.24666666666667,235.507,0.0,125.38516666666666
2022-02-11,7668883.0,86400.0,100.0,0.0,0.0,0.0,0.0,0.0,0.0
2022-02-05,7668829.0,86400.0,100.0,344.723,0.0,116.37975,295.411,0.0,120.09554166666666
2022-02-18,7668835.0,86400.0,100.0,72.307,7.232,26.82229166666667,79.181,5.254,44.772333333333336
2022-02-03,7668842.0,86400.0,100.0,183.974,32.73,92.11658333333334,155.418,79.827,108.42158333333333
2022-03-12,7668753.0,68400.0,79.16666666666667,146.784,0.0,38.03321052631579,171.648,0.0,51.560421052631575
2022-02-19,7668985.0,86400.0,100.0,139.398,25.741,79.27141666666667,130.381,64.646,91.87204166666666
2022-03-12,7668745.0,68400.0,79.16666666666667,113.722,0.0,15.486157894736841,118.63,0.0,12.113
2022-03-11,7668878.0,86400.0,100.0,447.059,0.0,144.74483333333333,512.96,0.0,173.97833333333332
2022-02-10,7668773.0,86400.0,100.0,69.971,9.229,34.51645833333333,65.824,34.752,47.55504166666667
2022-02-08,7668822.0,86400.0,100.0,351.91,42.01,206.67766666666665,427.27,46.451,245.475
2022-02-20,7668731.0,86400.0,100.0,252.998,50.298,138.481625,307.731,62.176,173.21008333333333
2022-02-06,7668788.0,86400.0,100.0,115.942,26.285,66.90279166666667,97.606,44.768,65.32454166666666
2022-03-02,7668883.0,86400.0,100.0,0.0,0.0,0.0,0.0,0.0,0.0
2022-03-03,7668933.0,86400.0,100.0,586.579,89.242,216.1255,597.075,106.029,254.64379166666666
2022-02-05,7668937.0,86400.0,100.0,378.726,79.27,232.05741666666665,450.246,93.338,277.454875
2022-02-19,7668835.0,86400.0,100.0,134.464,0.0,29.218625,210.522,0.0,45.95495833333333
2022-03-06,7668787.0,79200.0,91.66666666666667,168.256,1.562,24.751363636363635,102.022,1.318,21.88459090909091
2022-02-05,7668733.0,86400.0,100.0,466.387,38.989,215.75858333333332,539.174,45.421,259.90908333333334
2022-02-18,7668903.0,86400.0,100.0,408.883,40.832,202.46175,464.634,47.206,243.37733333333333
2022-02-04,7668955.0,86400.0,100.0,66.291,0.0,31.403416666666665,68.71,0.0,36.279666666666664
2022-02-06,7668971.0,86400.0,100.0,102.49,9.722,57.440875,123.302,11.501,68.0255
2022-03-12,7668946.0,68400.0,79.16666666666667,125.229,22.31,65.48978947368421,97.773,34.49,55.815263157894734
2022-02-05,7668808.0,86400.0,100.0,573.03,0.0,179.27491666666666,728.154,0.0,216.81095833333333
2022-03-14,7668935.0,86400.0,100.0,486.835,13.798,203.37783333333334,576.141,17.158,244.10291666666666
2022-03-13,7668945.0,75600.0,87.5,21.645,2.24,9.241047619047619,20.032,8.576,13.057761904761906
2022-03-11,7668790.0,86400.0,100.0,127.078,17.926,67.97591666666666,107.162,50.496,75.12429166666666
2022-02-17,7668875.0,75600.0,87.5,178.381,25.12,90.96347619047619,129.12,54.957,87.10047619047619
2022-02-10,7668984.0,86400.0,100.0,214.656,37.632,117.33566666666667,256.883,46.534,140.90216666666666
2022-03-10,7668920.0,79200.0,91.66666666666667,303.11,0.0,20.474681818181818,111.283,0.0,14.920045454545454
2022-03-03,7668925.0,86400.0,100.0,293.37,40.16,174.22133333333332,363.187,51.424,211.03083333333333
2022-03-12,7668943.0,68400.0,79.16666666666667,36.582,0.96,14.161263157894737,44.768,0.666,12.816052631578948
2022-02-03,7668870.0,86400.0,100.0,195.469,47.008,114.48275,183.136,83.584,117.47075
2022-03-11,7668884.0,86400.0,100.0,203.36,45.862,113.86341666666667,195.168,85.792,119.450625
2022-03-14,7668878.0,86400.0,100.0,317.99,0.0,111.264875,355.501,0.0,132.97366666666667
2022-02-08,7668852.0,86400.0,100.0,178.618,32.07,91.82345833333333,154.509,78.816,108.005875
2022-03-03,7668738.0,86400.0,100.0,258.144,26.778,142.044125,315.68,32.358,170.804125
2022-02-10,7668845.0,86400.0,100.0,456.896,101.453,286.89633333333336,547.955,121.062,345.15479166666665
2022-03-03,7668746.0,86400.0,100.0,125.21,3.859,39.88254166666667,200.749,3.149,58.268541666666664
2022-03-14,7668958.0,86400.0,100.0,259.066,22.278,142.41158333333334,312.627,25.978,168.67266666666666
2022-02-03,7668952.0,86400.0,100.0,129.83,19.021,69.38708333333334,95.411,40.723,65.81895833333333
2022-02-03,7668819.0,86400.0,100.0,141.024,14.144,55.586666666666666,132.134,66.4,89.35658333333333
2022-02-03,7668977.0,86400.0,100.0,58.413,0.0,28.454458333333335,72.595,0.0,45.39879166666667
2022-03-10,7668810.0,79200.0,91.66666666666667,314.182,53.395,193.72354545454544,384.557,65.376,236.59977272727272
2022-03-06,7668793.0,79200.0,91.66666666666667,757.798,0.0,158.79431818181817,316.141,0.0,130.77418181818183
2022-03-14,7668735.0,86400.0,100.0,273.453,26.47,129.36408333333333,412.851,0.0,155.149875
2022-02-12,7668857.0,86400.0,100.0,234.835,62.003,148.961625,185.12,94.682,137.60520833333334
2022-03-12,7668739.0,68400.0,79.16666666666667,277.798,37.747,123.6388947368421,322.08,43.341,147.29342105263157
2022-03-07,7668898.0,82800.0,95.83333333333333,341.997,0.0,25.37095652173913,696.346,0.0,43.517782608695654
2022-03-11,7668759.0,86400.0,100.0,313.702,69.549,177.67579166666667,362.118,108.019,161.72804166666666
2022-02-06,7668775.0,86400.0,100.0,405.933,73.542,233.78345833333333,483.379,92.845,283.63029166666666
2022-03-07,7668873.0,82800.0,95.83333333333333,0.0,0.0,0.0,0.0,0.0,0.0
2022-03-14,7668821.0,86400.0,100.0,343.309,40.557,197.93366666666665,417.267,50.016,239.52058333333332
2022-02-12,7668966.0,86400.0,100.0,426.221,60.851,246.80983333333333,507.725,70.502,292.1358333333333
2022-03-07,7668752.0,82800.0,95.83333333333333,91.194,12.672,43.68404347826087,78.963,37.018,52.608391304347826
2022-03-03,7668744.0,86400.0,100.0,330.624,0.0,31.619375,320.576,0.0,38.25983333333333
2022-02-05,7668925.0,86400.0,100.0,288.832,47.744,169.66033333333334,342.438,58.579,205.38170833333334
2022-02-20,7668837.0,86400.0,100.0,156.058,32.237,91.174625,130.387,68.198,97.81895833333333
2022-03-11,7668787.0,86400.0,100.0,150.566,0.0,22.225458333333332,103.917,0.0,19.792666666666666
2022-02-19,7668921.0,86400.0,100.0,135.462,25.03,69.91458333333334,128.333,62.95,86.42191666666666
2022-02-08,7668745.0,86400.0,100.0,42.861,0.653,14.201458333333333,35.904,0.73,9.874125
2022-02-08,7668751.0,86400.0,100.0,242.714,8.518,116.45429166666666,244.928,10.944,117.60683333333333
2022-02-19,7668757.0,86400.0,100.0,424.781,85.715,261.9787083333333,507.776,97.478,311.86104166666667
2022-02-12,7668836.0,86400.0,100.0,347.52,57.478,148.70304166666668,185.946,70.886,116.89441666666667
2022-02-10,7668749.0,86400.0,100.0,99.789,5.722,44.637875,121.85,6.342,52.42341666666667
2022-02-04,7668967.0,86400.0,100.0,159.61,0.0,28.477375,208.934,0.0,33.286541666666665
2022-02-10,7668926.0,86400.0,100.0,33.293,0.32,11.180291666666667,41.606,0.32,12.973666666666666
2022-02-18,7668732.0,86400.0,100.0,218.874,0.0,90.14304166666666,166.061,0.0,87.22083333333333
2022-02-08,7668733.0,86400.0,100.0,502.502,40.499,223.03458333333333,591.539,44.774,268.71883333333335
2022-02-12,7668956.0,86400.0,100.0,0.0,0.0,0.0,0.0,0.0,0.0
2022-02-12,7668905.0,86400.0,100.0,175.296,35.008,105.54858333333334,155.418,80.384,114.57829166666667
2022-03-13,7668829.0,75600.0,87.5,186.157,32.512,102.66909523809524,153.645,78.605,113.49761904761905
2022-02-11,7668819.0,86400.0,100.0,141.005,14.144,57.83954166666667,143.546,67.904,90.5025
2022-03-13,7668843.0,75600.0,87.5,93.933,1.062,28.414761904761903,136.64,0.717,40.83561904761905
2022-02-13,7668770.0,86400.0,100.0,101.094,16.435,50.817708333333336,91.686,28.333,67.25745833333333
2022-02-08,7668857.0,86400.0,100.0,359.264,0.474,155.59804166666666,285.549,0.525,141.15141666666668
2022-02-12,7668789.0,86400.0,100.0,151.482,36.8,92.55345833333334,120.429,59.622,88.8335
2022-02-11,7668917.0,86400.0,100.0,269.523,27.347,137.846,322.534,61.997,131.03625
2022-03-15,7668976.0,82800.0,95.83333333333333,319.456,0.0,128.68004347826087,249.165,0.0,127.01365217391304
2022-02-08,7668781.0,86400.0,100.0,1294.227,569.274,984.3880416666667,1032.838,415.738,761.436
2022-02-08,7668798.0,86400.0,100.0,294.874,0.0,96.166375,201.235,0.0,107.78591666666667
2022-03-12,90076246.0,68400.0,79.16666666666667,0.0,0.0,0.0,0.0,0.0,0.0
2022-03-07,7668841.0,82800.0,95.83333333333333,2409.402,0.0,1003.0406086956522,1903.29,0.0,779.5219565217392
2022-03-10,7668799.0,79200.0,91.66666666666667,231.123,34.944,105.50545454545454,279.744,40.794,127.08722727272728
2022-02-19,7668732.0,86400.0,100.0,221.901,0.0,85.224,172.448,0.0,84.714125
2022-03-15,90076071.0,82800.0,95.83333333333333,246.752,1.357,33.88252173913043,336.294,0.0,38.179086956521736
2022-02-18,7668884.0,86400.0,100.0,273.946,0.0,112.14554166666667,187.981,87.514,118.8115
2022-02-13,7668840.0,86400.0,100.0,663.501,1.005,37.423125,193.082,1.645,48.701625
2022-02-05,7668735.0,86400.0,100.0,270.893,34.822,147.22841666666667,335.322,44.077,178.85191666666665
2022-03-15,7668910.0,82800.0,95.83333333333333,36.198,0.32,11.547347826086957,41.594,0.32,13.564478260869565
2022-03-03,7668747.0,86400.0,100.0,256.179,0.0,123.38333333333334,261.85,0.0,113.911375
2022-03-11,7668793.0,86400.0,100.0,595.283,50.477,187.48270833333333,228.051,89.933,154.81958333333333
2022-03-03,7668794.0,86400.0,100.0,199.488,0.0,41.46425,202.618,0.0,56.56679166666667
2022-02-03,7668797.0,86400.0,100.0,277.754,0.0,21.845208333333332,245.254,0.0,25.698208333333334
2022-02-06,7668726.0,86400.0,100.0,56.416,1.024,21.76625,78.989,0.96,27.223416666666665
2022-03-13,7668888.0,75600.0,87.5,401.21,35.181,161.65033333333332,477.03,41.907,193.78566666666666
2022-02-19,7668761.0,86400.0,100.0,60.186,6.483,27.546458333333334,50.432,24.051,34.90829166666666
2022-02-13,7668894.0,86400.0,100.0,80.0,0.0,30.490291666666668,93.722,0.0,36.353791666666666
2022-02-03,7668869.0,86400.0,100.0,231.034,28.07,133.635875,279.942,33.984,161.22754166666667
2022-02-20,7668749.0,86400.0,100.0,97.37,5.414,42.174875,112.422,5.741,49.29479166666667
2022-03-13,7668753.0,75600.0,87.5,199.405,2.086,33.308190476190475,210.432,1.805,44.90880952380952
2022-03-15,7668891.0,82800.0,95.83333333333333,136.666,19.718,68.39169565217391,124.512,60.538,86.06604347826087
2022-02-17,7668882.0,75600.0,87.5,1285.632,602.048,1042.9856666666667,1034.65,436.947,812.8188571428572
2022-03-03,7668867.0,86400.0,100.0,314.221,41.274,170.12345833333333,373.862,49.568,204.69191666666666
2022-02-12,7668782.0,86400.0,100.0,206.445,21.606,113.79204166666666,252.742,24.192,136.53783333333334
2022-02-18,7668725.0,86400.0,100.0,29.677,2.163,10.092458333333333,21.824,8.768,13.400041666666667
2022-02-19,29308123.0,86400.0,100.0,136.339,1.606,39.773916666666665,212.525,0.0,62.54604166666667
2022-02-06,7668825.0,86400.0,100.0,298.528,34.842,121.96045833333334,355.974,79.206,122.48108333333333
2022-03-06,7668759.0,79200.0,91.66666666666667,448.896,0.0,177.28777272727274,368.704,0.0,161.5419090909091
2022-03-10,90076008.0,79200.0,91.66666666666667,0.0,0.0,0.0,0.0,0.0,0.0
2022-02-13,7668833.0,86400.0,100.0,59.686,10.278,29.067083333333333,87.661,0.0,45.056916666666666
2022-02-20,7668825.0,86400.0,100.0,209.83,34.746,116.910375,200.762,79.526,119.96183333333333
2022-02-13,7668937.0,86400.0,100.0,442.976,76.16,232.69429166666666,523.616,90.08,278.566
2022-02-12,7668794.0,86400.0,100.0,123.494,3.366,42.23495833333333,197.638,2.214,56.701708333333336
2022-02-08,7668771.0,86400.0,100.0,406.304,0.0,185.497875,462.125,0.0,225.738375
2022-02-11,7668916.0,86400.0,100.0,67.315,1.683,22.762583333333332,97.12,1.267,28.711833333333335
2022-03-14,7668774.0,86400.0,100.0,64.941,2.784,22.825458333333334,67.917,3.232,26.547125
2022-03-06,7668982.0,79200.0,91.66666666666667,763.59,124.614,418.34113636363634,753.12,118.854,412.0825909090909
2022-03-13,69903421.0,75600.0,87.5,137.926,1.69,49.82604761904762,224.25,2.15,77.5582380952381
2022-02-18,7668758.0,86400.0,100.0,235.27,23.258,104.81229166666667,271.27,28.8,125.06320833333334
2022-03-15,7668928.0,82800.0,95.83333333333333,80.384,6.579,36.46773913043478,62.426,26.246,41.59704347826087
2022-03-03,7668772.0,86400.0,100.0,301.696,37.171,166.3675,355.981,44.23,201.34308333333334
2022-02-08,7668881.0,86400.0,100.0,225.222,22.01,106.83429166666667,284.71,26.803,128.05454166666667
2022-03-07,7668918.0,82800.0,95.83333333333333,277.907,0.0,122.82882608695652,246.285,0.0,114.36608695652174
2022-02-03,7668725.0,86400.0,100.0,25.766,2.163,10.02775,21.088,8.768,13.37075
2022-03-12,7668958.0,68400.0,79.16666666666667,250.707,34.534,159.56763157894736,295.034,42.394,189.0764210526316
2022-02-04,7668868.0,86400.0,100.0,352.48,0.0,66.58866666666667,471.36,0.0,102.0245
2022-03-15,7668977.0,82800.0,95.83333333333333,71.002,0.0,27.82504347826087,72.742,0.0,44.96691304347826
2022-03-12,7668839.0,68400.0,79.16666666666667,107.194,2.835,46.01973684210526,156.186,2.317,56.6381052631579
2022-02-12,7668912.0,86400.0,100.0,323.494,21.478,165.22333333333333,614.202,0.0,196.66208333333333
2022-02-04,7668801.0,86400.0,100.0,284.826,41.843,158.21370833333333,337.779,50.79,191.2755
2022-03-12,7668838.0,68400.0,79.16666666666667,70.266,8.384,29.042210526315788,101.402,0.0,45.086684210526315
2022-02-13,7668803.0,86400.0,100.0,168.275,16.557,85.1715,203.629,19.13,101.67329166666667
2022-02-10,7668798.0,86400.0,100.0,177.965,22.797,99.74179166666667,198.611,72.717,111.63725
2022-02-10,7668764.0,86400.0,100.0,103.712,18.029,54.01566666666667,99.027,50.95,68.38266666666667
2022-02-08,7668799.0,86400.0,100.0,190.349,33.805,106.15633333333334,236.896,38.656,127.56966666666666
2022-02-18,7668777.0,86400.0,100.0,154.182,18.829,80.486875,181.651,21.715,95.69708333333334
2022-03-15,7668969.0,82800.0,95.83333333333333,256.826,15.878,50.10552173913044,179.347,38.989,56.23434782608695
2022-03-07,7668837.0,82800.0,95.83333333333333,162.688,29.146,94.9335652173913,187.885,0.0,99.83660869565217
2022-03-11,7668890.0,86400.0,100.0,125.888,2.714,39.124875,210.003,1.658,58.67775
2022-02-13,7668933.0,86400.0,100.0,544.986,0.0,186.611875,535.827,0.0,226.725875
2022-02-17,7668926.0,75600.0,87.5,35.731,0.397,12.417904761904762,38.675,0.499,14.42142857142857
2022-02-06,7668815.0,86400.0,100.0,158.234,25.843,87.15933333333334,130.592,64.666,95.57666666666667
2022-02-06,7668836.0,86400.0,100.0,298.662,0.32,128.28633333333335,188.013,0.32,104.64258333333333
2022-03-06,7668795.0,79200.0,91.66666666666667,131.405,28.141,77.13731818181819,143.021,76.16,100.9719090909091
2022-02-05,7668783.0,86400.0,100.0,280.045,35.507,154.72795833333333,334.803,44.448,184.31483333333333
2022-03-14,7668817.0,86400.0,100.0,58.797,1.715,23.671208333333333,69.6,1.638,28.144583333333333
2022-02-05,7668780.0,86400.0,100.0,28.87,0.0,10.038375,32.55,0.0,11.246458333333333
2022-03-13,7668738.0,75600.0,87.5,327.034,28.218,135.71142857142857,365.728,0.0,162.85885714285715
2022-03-07,7668764.0,82800.0,95.83333333333333,203.584,0.0,55.33708695652174,151.245,0.0,68.24647826086957
2022-03-06,7668753.0,79200.0,91.66666666666667,108.544,0.0,36.04336363636364,134.835,0.0,46.74518181818182
2022-02-17,7668963.0,75600.0,87.5,201.037,17.843,69.25652380952381,127.302,40.128,66.53314285714286
2022-03-03,7668779.0,86400.0,100.0,561.402,0.0,125.933,357.197,0.0,150.04920833333333
2022-02-19,7668850.0,86400.0,100.0,139.475,29.248,84.120125,147.488,76.422,104.72770833333334
2022-02-20,7668933.0,86400.0,100.0,550.49,91.872,243.49683333333334,563.11,112.608,295.55970833333333
2022-02-12,7668948.0,86400.0,100.0,252.838,15.328,125.86529166666666,266.131,12.557,127.64433333333334
2022-02-05,7668950.0,86400.0,100.0,0.0,0.0,0.0,0.0,0.0,0.0
2022-02-18,7668871.0,86400.0,100.0,284.326,51.622,130.618625,184.186,68.87,107.93929166666666
2022-02-12,7668892.0,86400.0,100.0,439.059,0.0,188.12425,563.014,0.0,224.17441666666667
2022-03-13,7668963.0,75600.0,87.5,144.602,16.934,56.34180952380952,109.568,40.115,60.219904761904765
2022-03-12,7668817.0,68400.0,79.16666666666667,91.482,3.168,29.88663157894737,91.328,3.309,35.60805263157895
2022-02-12,7668837.0,86400.0,100.0,173.062,28.832,99.263375,250.202,0.0,102.09333333333333
2022-03-10,7668777.0,79200.0,91.66666666666667,160.429,17.786,73.70168181818183,172.87,20.179,86.72822727272727
2022-02-18,7668813.0,86400.0,100.0,84.96,0.0,28.772666666666666,104.435,0.0,45.464125
2022-03-15,7668808.0,82800.0,95.83333333333333,499.738,39.443,192.52026086956522,534.694,49.248,231.79178260869566
2022-03-14,7668813.0,86400.0,100.0,125.075,0.0,39.05195833333333,107.642,0.0,50.06908333333333
2022-03-03,7668860.0,86400.0,100.0,80.077,0.0,22.5575,84.608,0.0,22.886375
2022-03-03,7668957.0,86400.0,100.0,155.264,26.592,88.47954166666666,171.117,75.533,106.739625
2022-03-15,7668753.0,82800.0,95.83333333333333,150.694,0.0,20.47591304347826,185.946,0.0,26.834608695652175
2022-02-12,7668902.0,86400.0,100.0,237.85,34.611,118.14070833333334,275.078,39.43,139.78858333333332
2022-03-03,53298556.0,86400.0,100.0,415.373,54.061,241.55591666666666,494.541,65.248,289.99825
2022-02-20,7668897.0,86400.0,100.0,140.64,28.269,80.915875,146.131,75.77,102.10541666666667
2022-03-06,7668910.0,79200.0,91.66666666666667,53.094,0.32,14.252227272727273,57.722,0.32,16.84827272727273
2022-02-12,7668868.0,86400.0,100.0,247.443,5.402,75.21525,385.35,4.019,118.05604166666667
2022-03-12,7668730.0,68400.0,79.16666666666667,316.211,44.723,186.96936842105262,387.93,56.243,225.22252631578948
2022-03-13,7668742.0,75600.0,87.5,137.491,0.0,41.79795238095238,114.554,6.195,49.32785714285714
2022-02-13,7668927.0,86400.0,100.0,63.046,3.661,27.488833333333332,72.787,3.955,32.287
2022-02-04,7668918.0,86400.0,100.0,201.184,54.739,126.32133333333333,154.566,80.275,115.71225
2022-02-05,7668753.0,86400.0,100.0,127.162,0.0,29.661125,132.646,1.357,32.452
2022-03-13,7668897.0,75600.0,87.5,232.877,0.0,73.63004761904762,291.059,0.0,94.56904761904762
2022-02-19,7668820.0,86400.0,100.0,563.021,0.0,186.221875,279.578,0.0,186.22229166666668
2022-02-08,7668943.0,86400.0,100.0,43.994,0.563,12.509666666666666,52.147,0.0,11.7665
2022-03-10,7668842.0,79200.0,91.66666666666667,226.202,0.0,91.42972727272728,161.357,0.0,107.1075909090909
2022-03-10,7668827.0,79200.0,91.66666666666667,301.773,18.861,130.17045454545453,351.046,22.438,157.49872727272728
2022-03-14,7668771.0,86400.0,100.0,337.798,0.0,147.81354166666668,402.342,0.0,178.96908333333334
2022-03-06,7668814.0,79200.0,91.66666666666667,56.205,0.0,14.0065,50.291,0.0,13.353909090909092
2022-03-07,7668897.0,82800.0,95.83333333333333,141.747,28.026,78.52595652173913,149.011,75.731,101.1215652173913
2022-02-13,7668931.0,86400.0,100.0,379.507,0.0,153.24741666666668,472.704,0.0,185.91479166666667
2022-02-03,7668812.0,86400.0,100.0,117.568,25.728,66.68529166666667,90.72,44.666,65.11295833333334
2022-02-12,7668942.0,86400.0,100.0,161.037,0.461,55.555375,196.666,0.499,65.12625
2022-02-13,7668791.0,86400.0,100.0,310.24,53.734,156.62220833333333,354.509,59.744,189.91429166666666
2022-03-15,7668781.0,82800.0,95.83333333333333,1383.565,489.786,890.6028695652174,1107.744,365.434,685.506652173913
2022-03-06,7668890.0,79200.0,91.66666666666667,128.909,0.0,51.23022727272727,216.282,0.0,76.81272727272727
2022-03-15,7668893.0,82800.0,95.83333333333333,0.0,0.0,0.0,0.0,0.0,0.0
2022-03-11,7668766.0,86400.0,100.0,509.242,0.0,224.70241666666666,589.459,0.0,264.3125
2022-02-13,7668983.0,86400.0,100.0,188.858,30.483,81.617875,147.36,77.926,103.28370833333334
2022-02-12,7668909.0,86400.0,100.0,167.802,3.251,52.66616666666667,240.71,1.709,75.42866666666667
2022-03-10,7668730.0,79200.0,91.66666666666667,357.971,43.034,168.2325,413.709,19.494,203.2155
2022-02-08,7668785.0,86400.0,100.0,233.965,42.253,117.63041666666666,172.762,83.917,120.156875
2022-02-12,7668867.0,86400.0,100.0,361.299,69.03,186.32858333333334,435.085,80.896,223.510875
2022-03-14,7668841.0,86400.0,100.0,1212.435,462.803,872.6761666666666,954.592,337.197,669.9085833333334
2022-03-03,7668811.0,86400.0,100.0,58.003,11.194,28.602,62.355,36.013,45.65975
2022-03-07,7668930.0,82800.0,95.83333333333333,127.84,1.005,30.544826086956522,146.17,0.0,36.08230434782609
2022-03-06,7668725.0,79200.0,91.66666666666667,30.003,2.24,10.483863636363637,22.912,8.768,13.625227272727273
2022-03-13,7668804.0,75600.0,87.5,98.893,2.669,42.32671428571429,114.554,3.322,49.54161904761905
2022-02-04,7668942.0,86400.0,100.0,350.502,0.32,89.83120833333334,399.738,0.32,106.05504166666667
2022-03-13,7668987.0,75600.0,87.5,586.4,0.0,175.56314285714285,401.574,0.0,159.78204761904763
2022-02-17,7668921.0,75600.0,87.5,133.254,27.603,74.36128571428571,121.517,65.818,88.5987619047619
2022-02-05,7668851.0,86400.0,100.0,75.821,14.746,42.699375,108.64,48.954,62.766041666666666
2022-02-10,7668941.0,86400.0,100.0,525.344,85.978,309.94258333333335,604.71,103.558,352.33229166666666
2022-03-13,7668899.0,75600.0,87.5,51.981,7.526,24.432904761904762,50.72,26.445,35.67580952380953
2022-03-07,7668960.0,82800.0,95.83333333333333,94.746,12.454,50.309652173913044,78.432,37.146,56.441043478260866
2022-02-11,7668865.0,86400.0,100.0,100.883,5.779,43.91770833333333,121.875,7.2,51.839666666666666
2022-03-11,7668835.0,86400.0,100.0,116.531,1.6,27.606,183.955,0.0,45.168958333333336
2022-02-17,7668804.0,75600.0,87.5,77.792,4.813,37.77471428571429,90.618,6.496,44.31761904761905
2022-03-03,7668836.0,86400.0,100.0,271.334,45.894,137.38904166666666,178.682,65.818,111.243
2022-03-13,7668784.0,75600.0,87.5,158.829,27.942,88.49719047619048,150.387,76.518,106.632
2022-03-06,7668766.0,79200.0,91.66666666666667,224.141,29.722,121.43327272727272,263.782,35.757,145.67154545454545
2022-03-11,7668727.0,86400.0,100.0,158.547,27.469,80.95720833333333,180.006,74.982,102.234625
2022-03-14,7668756.0,86400.0,100.0,214.291,28.173,117.10845833333333,169.939,77.299,121.35870833333334
2022-02-03,7668874.0,86400.0,100.0,339.955,0.0,18.788125,240.858,0.0,19.865
2022-03-12,7668933.0,68400.0,79.16666666666667,380.083,75.814,199.64221052631578,457.357,92.87,241.77831578947368
2022-02-19,7668857.0,86400.0,100.0,248.416,51.642,143.304125,219.661,88.806,134.888875
2022-03-13,7668780.0,75600.0,87.5,38.323,0.538,14.48495238095238,41.536,0.32,16.532857142857143
2022-02-19,7668771.0,86400.0,100.0,407.488,53.024,180.534125,452.429,64.992,218.81591666666668
2022-03-09,7668820.0,3600.0,4.166666666666667,198.438,108.582,146.637,214.656,148.486,165.57
2022-02-17,7668728.0,75600.0,87.5,175.814,19.501,81.06571428571428,203.2,24.333,97.44633333333333
2022-03-06,7668845.0,79200.0,91.66666666666667,429.606,93.453,252.9901818181818,517.222,111.482,305.30768181818183
2022-02-03,7668983.0,86400.0,100.0,190.163,0.0,80.72420833333334,155.264,0.0,102.23420833333333
2022-03-14,7668899.0,86400.0,100.0,42.963,6.138,19.420541666666665,47.878,25.952,33.10575
2022-03-15,7668923.0,82800.0,95.83333333333333,732.742,101.069,398.72147826086956,738.88,94.381,393.2099565217391
2022-03-07,7668729.0,82800.0,95.83333333333333,202.912,14.566,93.55917391304348,243.328,16.781,112.59091304347827
2022-03-13,7668933.0,75600.0,87.5,512.621,0.0,213.8119523809524,430.784,88.109,258.74
2022-03-10,7668889.0,79200.0,91.66666666666667,104.819,5.658,35.954136363636366,66.624,18.214,34.059045454545455
2022-03-13,7668885.0,75600.0,87.5,0.0,0.0,0.0,0.0,0.0,0.0
2022-03-13,7668950.0,75600.0,87.5,468.557,22.285,93.38828571428571,520.973,28.051,112.48919047619047
2022-03-13,7668757.0,75600.0,87.5,431.277,85.632,256.59309523809526,509.99,101.491,305.45009523809523
2022-02-06,7668736.0,86400.0,100.0,145.709,24.346,77.82754166666666,118.17,53.958,80.71045833333334
2022-03-07,7668844.0,82800.0,95.83333333333333,229.504,0.0,98.562,173.939,0.0,100.11104347826087
2022-03-12,7668798.0,68400.0,79.16666666666667,189.658,0.0,112.32447368421053,169.555,0.0,117.66868421052632
2022-03-03,7668982.0,86400.0,100.0,742.95,111.744,436.08075,727.238,107.661,430.70091666666667
2022-02-05,7668868.0,86400.0,100.0,196.134,2.598,72.47125,339.418,2.925,113.782375
2022-02-19,7668962.0,86400.0,100.0,192.614,13.741,69.67283333333333,184.646,15.334,81.835125
2022-03-13,7668779.0,75600.0,87.5,249.043,3.514,123.62852380952381,278.227,0.0,147.67580952380953
2022-02-08,7668870.0,86400.0,100.0,233.677,44.525,117.87445833333334,175.162,83.238,119.08408333333334
2022-02-06,7668738.0,86400.0,100.0,264.403,30.733,135.62466666666666,328.25,39.571,164.398125
2022-03-12,7668900.0,68400.0,79.16666666666667,247.782,32.698,152.41536842105262,299.731,39.821,183.14047368421052
2022-02-03,7668788.0,86400.0,100.0,118.906,27.386,64.844125,110.33,45.421,64.2755
2022-02-10,7668930.0,86400.0,100.0,77.286,3.366,34.00275,93.798,3.526,40.759
2022-02-05,7668727.0,86400.0,100.0,159.629,28.998,83.603125,184.307,75.757,103.94145833333333
2022-02-10,7668885.0,86400.0,100.0,0.0,0.0,0.0,0.0,0.0,0.0
2022-03-15,7668848.0,82800.0,95.83333333333333,133.331,31.155,65.39704347826087,85.094,37.875,54.74591304347826
2022-02-13,7668867.0,86400.0,100.0,396.582,52.986,177.69645833333334,457.152,62.413,211.674625
2022-02-18,7668754.0,86400.0,100.0,64.102,0.73,20.428583333333332,95.117,0.653,23.101166666666668
2022-03-15,7668773.0,82800.0,95.83333333333333,77.523,9.146,37.33786956521739,75.258,34.65,48.95547826086956
2022-03-07,7668813.0,82800.0,95.83333333333333,115.206,7.309,45.090739130434784,89.818,34.112,53.56317391304348
2022-02-18,7668985.0,86400.0,100.0,139.917,24.365,81.1205,131.091,63.565,92.83645833333334
2022-02-04,7668887.0,86400.0,100.0,337.242,0.525,136.03229166666668,351.232,0.525,165.72425
2022-03-03,7668789.0,86400.0,100.0,159.872,31.501,97.15,126.093,57.178,91.44004166666667
2022-03-13,7668883.0,75600.0,87.5,0.0,0.0,0.0,0.0,0.0,0.0
2022-02-11,7668798.0,86400.0,100.0,193.402,23.565,100.569375,174.957,71.904,112.06670833333334
2022-02-11,7668850.0,86400.0,100.0,158.381,27.027,88.9625,147.565,75.219,107.18545833333333
2022-03-09,7668752.0,3600.0,4.166666666666667,60.166,25.811,41.421,67.462,43.437,51.774
2022-02-20,7668746.0,86400.0,100.0,129.587,4.058,47.38979166666667,211.597,2.381,70.40320833333334
2022-02-20,7668982.0,86400.0,100.0,627.533,115.462,379.347625,648.186,116.474,373.47858333333335
2022-02-06,7668756.0,86400.0,100.0,242.739,52.013,134.14616666666666,182.106,88.826,130.117
2022-02-04,7668902.0,86400.0,100.0,241.222,30.266,117.62091666666667,300.346,38.189,139.25129166666667
2022-03-15,90076026.0,82800.0,95.83333333333333,546.842,0.544,85.12873913043478,600.198,0.499,99.54952173913044
2022-02-12,7668870.0,86400.0,100.0,199.014,44.717,113.91983333333333,183.571,83.066,117.379375
2022-02-04,7668946.0,86400.0,100.0,142.931,16.973,62.90979166666666,96.723,33.19,54.459208333333336
2022-02-03,7668836.0,86400.0,100.0,295.091,54.138,139.6065,191.578,69.818,112.55116666666666
2022-02-19,7668956.0,86400.0,100.0,0.0,0.0,0.0,0.0,0.0,0.0
2022-03-15,7668904.0,82800.0,95.83333333333333,69.67,0.768,15.688869565217392,95.002,0.838,15.079565217391304
2022-03-13,7668910.0,75600.0,87.5,64.23,0.32,14.315190476190477,61.92,0.32,16.940952380952382
2022-02-13,7668790.0,86400.0,100.0,153.126,11.565,52.020583333333335,116.992,36.544,56.966125
2022-02-11,7668879.0,86400.0,100.0,135.008,9.37,64.81520833333333,157.05,10.765,76.69675
2022-02-06,7668968.0,86400.0,100.0,84.026,2.182,23.600791666666666,91.571,1.325,28.988125
2022-03-15,7668820.0,82800.0,95.83333333333333,320.525,54.144,165.39547826086957,250.419,120.736,175.9517391304348
2022-02-08,7668847.0,86400.0,100.0,236.115,0.0,128.205625,204.89,0.0,125.78104166666667
2022-02-12,7668790.0,86400.0,100.0,185.6,0.0,50.53925,114.694,0.0,56.27954166666667
2022-02-05,7668748.0,86400.0,100.0,77.139,0.0,37.36933333333333,71.206,0.0,41.34729166666666
2022-02-20,57960750.0,86400.0,100.0,168.16,4.557,69.84058333333333,244.538,4.358,102.42995833333333
2022-03-03,7668726.0,86400.0,100.0,68.186,0.947,22.477125,101.152,0.832,29.423
2022-02-10,7668852.0,86400.0,100.0,157.491,34.144,93.27091666666666,153.645,80.326,108.73558333333334
2022-02-08,7668922.0,86400.0,100.0,341.709,46.714,183.68629166666668,423.994,56.749,221.85725
2022-02-12,7668808.0,86400.0,100.0,316.73,41.837,176.0525,386.598,50.906,213.008875
2022-02-05,7668927.0,86400.0,100.0,125.734,3.213,49.114666666666665,148.269,3.987,57.837
2022-02-20,7668926.0,86400.0,100.0,36.454,0.32,12.215916666666667,54.912,0.32,14.236166666666668
2022-03-11,7668811.0,86400.0,100.0,59.098,9.254,28.22758333333333,62.278,35.264,45.46245833333333
2022-03-14,7668985.0,86400.0,100.0,196.845,0.0,84.465875,203.366,0.0,94.58325
2022-02-12,7668939.0,86400.0,100.0,212.474,48.934,119.97120833333334,173.011,87.174,122.80983333333333
2022-02-10,7668902.0,86400.0,100.0,211.955,34.368,118.24666666666667,252.384,42.106,140.15483333333333
2022-02-06,7668744.0,86400.0,100.0,162.336,0.653,31.924166666666668,168.877,0.653,38.390541666666664
2022-02-10,7668952.0,86400.0,100.0,127.501,16.947,64.886375,94.547,40.058,63.65983333333333
2022-02-06,7668969.0,86400.0,100.0,0.0,0.0,0.0,0.0,0.0,0.0
2022-02-13,7668857.0,86400.0,100.0,247.674,45.85,133.06491666666668,185.632,85.786,129.62933333333334
2022-02-19,7668788.0,86400.0,100.0,139.475,29.626,67.817,101.229,46.259,65.64225
2022-03-01,7668728.0,86400.0,100.0,155.014,18.982,75.26304166666667,189.459,24.576,90.390125
2022-02-05,7668873.0,86400.0,100.0,0.0,0.0,0.0,0.0,0.0,0.0
2022-03-10,7668951.0,79200.0,91.66666666666667,778.624,60.512,449.31086363636365,794.707,111.738,443.40495454545453
2022-02-05,7668751.0,86400.0,100.0,243.066,10.522,119.084625,239.661,11.827,120.76420833333333
2022-03-10,7668907.0,79200.0,91.66666666666667,266.4,36.224,139.38527272727273,331.328,44.365,170.44081818181817
2022-02-11,7668732.0,86400.0,100.0,183.283,0.0,81.454625,148.038,0.0,82.28129166666666
2022-03-15,7668745.0,82800.0,95.83333333333333,259.072,0.768,15.130565217391304,112.205,0.813,10.849565217391305
2022-03-07,7668863.0,82800.0,95.83333333333333,288.205,37.786,160.60678260869565,360.998,49.139,197.8863043478261
2022-02-03,7668872.0,86400.0,100.0,129.075,7.366,52.633208333333336,162.925,9.011,66.67204166666667
2022-02-10,7668788.0,86400.0,100.0,119.93,22.157,62.84941666666667,152.205,0.0,63.180125
2022-02-13,7668891.0,86400.0,100.0,132.685,23.258,67.371875,124.915,63.098,85.33004166666667
2022-02-06,7668846.0,86400.0,100.0,95.616,21.76,55.10554166666667,122.874,72.045,89.346875
2022-03-06,7668758.0,79200.0,91.66666666666667,230.4,0.0,105.55177272727273,408.083,0.0,125.40577272727273
2022-03-10,7668766.0,79200.0,91.66666666666667,512.243,29.555,240.619,595.475,36.224,279.8761818181818
2022-02-20,7668893.0,86400.0,100.0,0.0,0.0,0.0,0.0,0.0,0.0
2022-02-18,7668880.0,86400.0,100.0,315.302,65.805,157.27025,375.072,78.406,191.4235
2022-03-15,7668805.0,82800.0,95.83333333333333,185.018,16.307,87.95178260869565,222.918,19.552,106.92908695652174
2022-02-12,7668800.0,86400.0,100.0,256.346,13.914,125.77104166666666,255.642,15.661,127.40020833333334
2022-03-01,7668868.0,86400.0,100.0,354.227,0.0,66.83483333333334,464.128,0.0,102.71475
2022-03-15,7668844.0,82800.0,95.83333333333333,175.104,33.03,99.48726086956522,145.44,68.941,102.27595652173913
2022-02-04,7668919.0,86400.0,100.0,515.04,0.0,188.28720833333333,550.298,0.0,227.40516666666667
2022-02-11,7668951.0,86400.0,100.0,675.424,111.341,418.82895833333333,664.928,101.44,414.074
2022-03-14,7668760.0,86400.0,100.0,60.71,1.248,19.26325,92.57,0.89,23.942666666666668
2022-03-15,53298556.0,82800.0,95.83333333333333,433.523,64.16,222.6948695652174,461.453,78.246,265.724
2022-03-15,7668894.0,82800.0,95.83333333333333,90.355,0.0,29.676739130434783,101.562,0.0,35.39917391304348
2022-02-08,7668963.0,86400.0,100.0,171.693,16.595,61.398041666666664,108.851,40.109,62.672041666666665
2022-03-10,7668898.0,79200.0,91.66666666666667,128.48,0.0,24.607272727272726,457.818,0.0,42.50063636363636
2022-02-13,7668759.0,86400.0,100.0,346.611,67.725,177.325125,318.131,107.93,161.125875
2022-02-18,7668821.0,86400.0,100.0,467.546,76.07,227.65783333333334,554.234,92.813,277.2515
2022-03-13,7668764.0,75600.0,87.5,163.296,0.0,28.47061904761905,114.336,0.0,34.92142857142857
2022-02-10,7668910.0,86400.0,100.0,36.262,0.538,14.670958333333333,43.891,0.576,17.381416666666667
2022-03-10,7668813.0,79200.0,91.66666666666667,108.557,0.0,37.62345454545454,84.102,0.0,40.967045454545456
2022-02-05,7668737.0,86400.0,100.0,298.074,0.0,113.915125,237.792,0.0,119.86658333333334
2022-02-06,7668831.0,86400.0,100.0,66.048,7.462,27.50433333333333,55.731,26.957,37.07183333333333
2022-03-10,7668897.0,79200.0,91.66666666666667,178.093,27.43,83.62254545454546,198.099,39.712,103.60009090909091
2022-03-07,7668748.0,82800.0,95.83333333333333,74.554,6.099,37.371434782608695,72.653,6.4,40.81439130434783
2022-02-04,7668880.0,86400.0,100.0,294.573,0.0,168.41804166666665,344.986,0.0,203.97575
2022-02-04,7668947.0,86400.0,100.0,107.648,17.83,59.029875,111.84,49.997,70.755875
2022-03-11,7668832.0,86400.0,100.0,18.086,0.32,3.36525,20.339,0.32,3.7054583333333335
2022-03-14,7668818.0,86400.0,100.0,86.323,0.0,28.873291666666667,92.467,0.0,34.05970833333333
2022-03-10,7668873.0,79200.0,91.66666666666667,0.0,0.0,0.0,0.0,0.0,0.0
2022-02-10,7668921.0,86400.0,100.0,120.544,25.67,69.57729166666667,122.976,65.082,86.18479166666667
2022-02-11,7668941.0,86400.0,100.0,507.622,78.912,307.467625,594.298,97.248,347.21495833333336
2022-02-12,53298556.0,75600.0,87.5,534.336,0.0,134.96838095238095,602.49,0.0,143.49961904761903
2022-02-05,7668834.0,86400.0,100.0,236.378,0.0,54.208958333333335,379.29,0.0,88.79091666666666
2022-03-13,7668759.0,75600.0,87.5,269.613,67.341,172.6837619047619,352.966,106.95,159.36119047619047
2022-02-13,7668969.0,86400.0,100.0,0.0,0.0,0.0,0.0,0.0,0.0
2022-02-11,7668931.0,86400.0,100.0,345.882,0.0,138.422625,419.622,0.0,168.780125
2022-02-18,7668737.0,86400.0,100.0,202.752,43.75,116.92820833333333,204.525,84.493,121.63579166666666
2022-03-10,7668955.0,79200.0,91.66666666666667,62.598,0.0,32.60609090909091,62.528,0.0,36.13854545454546
2022-03-13,7668984.0,75600.0,87.5,271.354,0.0,112.675,341.222,0.0,135.46447619047618
2022-03-14,7668815.0,86400.0,100.0,197.184,22.605,89.21291666666667,150.464,63.341,97.04241666666667
2022-02-11,7668840.0,86400.0,100.0,723.622,1.67,35.87520833333333,213.184,1.043,45.717
2022-03-13,7668929.0,75600.0,87.5,95.738,0.0,28.978285714285715,77.562,0.0,23.83866666666667
2022-03-03,7668888.0,86400.0,100.0,293.747,40.947,165.875,354.304,51.469,199.93625
2022-02-17,7668881.0,75600.0,87.5,285.542,21.28,121.62557142857143,351.117,23.795,146.35828571428573
2022-02-06,7668906.0,86400.0,100.0,158.56,39.181,96.98479166666667,154.848,72.602,101.24141666666667
2022-02-17,7668912.0,75600.0,87.5,512.787,0.0,177.9537619047619,354.125,31.514,211.65047619047618
2022-03-14,7668831.0,86400.0,100.0,61.779,6.81,27.232291666666665,53.011,26.509,36.857791666666664
2022-02-20,7668860.0,86400.0,100.0,193.843,0.0,17.049166666666668,191.174,0.0,17.830458333333333
2022-02-20,7668898.0,86400.0,100.0,60.749,8.115,25.705458333333333,66.317,34.688,44.18825
2022-02-13,7668864.0,86400.0,100.0,793.338,111.334,380.36608333333334,786.176,107.539,374.73133333333334
2022-02-05,7668846.0,86400.0,100.0,120.787,22.291,55.462666666666664,125.869,72.525,89.51629166666666
2022-02-10,7668752.0,86400.0,100.0,118.88,0.0,32.384375,84.787,0.0,40.614625
2022-03-03,7668894.0,86400.0,100.0,116.294,0.0,33.410041666666665,131.29,0.0,40.01408333333333
2022-02-11,7668949.0,86400.0,100.0,73.683,12.954,37.05920833333333,58.906,29.914,42.41920833333333
2022-03-06,7668960.0,79200.0,91.66666666666667,88.864,13.888,49.71090909090909,75.091,37.965,56.14231818181818
2022-02-17,7668862.0,75600.0,87.5,196.333,36.301,104.05290476190476,171.75,60.538,93.82133333333333
2022-03-15,7668884.0,82800.0,95.83333333333333,204.666,0.0,93.74582608695653,545.651,0.0,107.58730434782609
2022-03-15,7668757.0,82800.0,95.83333333333333,438.515,66.285,241.05734782608695,530.054,78.566,285.9129130434783
2022-03-15,7668748.0,82800.0,95.83333333333333,67.36,3.603,36.58308695652174,72.922,3.821,40.64565217391304
2022-03-11,7668786.0,86400.0,100.0,100.102,1.325,37.3815,181.926,1.338,61.53754166666667
2022-03-13,7668839.0,75600.0,87.5,109.728,2.554,40.72052380952381,229.728,0.0,49.99661904761905
2022-03-11,7668857.0,86400.0,100.0,235.155,44.218,138.97625,181.894,85.024,132.5215
2022-03-07,7668760.0,82800.0,95.83333333333333,97.709,0.0,20.056782608695652,92.499,0.0,24.73791304347826
2022-03-11,7668739.0,86400.0,100.0,257.414,26.445,109.01483333333333,325.344,30.95,129.77533333333332
