begintime,sk_object,duration,integrity,50332573,50332574,50342574,50342575,50342635,50342636
2022-03-14,863515.0,82800.0,95.83333333333333,1024.0,45.46778260869565,0.0,137.5,0.0,0.0
2022-02-04,889354.0,86400.0,100.0,1024.0,102.13529166666666,10.5,248.5,0.0,0.0
2022-02-18,889205.0,86400.0,100.0,1024.0,147.63254166666667,32.0,354.5,0.0,0.0
2022-03-06,889202.0,75600.0,87.5,1024.0,256.07738095238096,0.0,729.5,0.0,0.0
2022-02-05,889259.0,86400.0,100.0,1024.0,175.81958333333333,42.0,367.0,0.0,0.0
2022-02-05,889390.0,86400.0,100.0,1024.0,33.42366666666667,0.5,106.0,0.0,0.0
2022-02-19,889125.0,86400.0,100.0,1024.0,154.95654166666668,0.0,452.0,0.0,0.0
2022-02-13,889117.0,86400.0,100.0,1024.0,136.67954166666667,13.0,337.5,0.0,0.0
2022-02-08,839270.0,86400.0,100.0,512.0,22.962,1.5,89.0,0.0,0.0
2022-02-03,889406.0,86400.0,100.0,512.0,124.16783333333333,13.5,277.5,0.0,0.0
2022-02-20,889373.0,86400.0,100.0,512.0,92.613875,13.5,209.0,0.0,0.0
2022-03-11,889487.0,86400.0,100.0,512.0,27.836625,3.5,97.5,0.0,0.0
2022-03-03,889448.0,86400.0,100.0,1024.0,209.06691666666666,34.5,577.0,0.0,0.0
2022-03-14,889223.0,86400.0,100.0,512.0,21.220666666666666,0.0,87.5,0.0,0.0
2022-02-04,889279.0,86400.0,100.0,512.0,83.08083333333333,13.0,229.0,0.0,0.0
2022-02-11,889245.0,86400.0,100.0,1024.0,76.915375,12.0,180.0,0.0,0.0
2022-03-07,889217.0,86400.0,100.0,1024.0,102.93808333333334,8.5,269.0,0.0,0.0
2022-02-12,889115.0,86400.0,100.0,256.0,28.516416666666668,0.0,102.5,0.0,0.0
2022-03-13,889211.0,75600.0,87.5,1024.0,238.44666666666666,15.5,549.5,0.0,0.0
2022-02-11,889310.0,86400.0,100.0,256.0,12.401166666666667,0.0,57.5,0.0,0.0
2022-02-12,889197.0,86400.0,100.0,512.0,85.16570833333333,22.0,205.5,0.0,0.0
2022-02-10,889273.0,86400.0,100.0,512.0,36.178125,3.0,108.5,0.0,0.0
2022-02-19,889469.0,86400.0,100.0,1024.0,92.93175,17.5,230.5,0.0,0.0
2022-02-13,889354.0,86400.0,100.0,1024.0,109.67704166666667,20.5,241.5,0.0,0.0
2022-02-13,889420.0,86400.0,100.0,512.0,91.30783333333333,23.0,181.0,0.0,0.0
2022-03-07,889147.0,86400.0,100.0,1024.0,127.5145,24.0,311.5,0.0,0.0
2022-02-19,889139.0,86400.0,100.0,1024.0,101.27066666666667,0.0,311.0,0.0,0.0
2022-03-11,889191.0,86400.0,100.0,512.0,76.52208333333333,9.0,212.0,0.0,0.0
2022-03-13,793979.0,72000.0,83.33333333333333,512.0,117.128,0.0,268.0,0.0,0.0
2022-03-06,889323.0,79200.0,91.66666666666667,1024.0,118.69372727272727,0.0,279.5,0.0,0.0
2022-02-11,889498.0,86400.0,100.0,512.0,29.122291666666666,8.5,85.5,0.0,0.0
2022-03-12,889509.0,68400.0,79.16666666666667,1024.0,200.116,63.5,455.0,0.0,0.0
2022-03-03,889238.0,86400.0,100.0,512.0,58.64145833333333,0.0,166.5,0.0,0.0
2022-02-10,889142.0,86400.0,100.0,512.0,56.28808333333333,14.5,135.5,0.0,0.0
2022-03-13,889339.0,75600.0,87.5,256.0,27.922285714285714,1.0,114.5,0.0,0.0
2022-02-13,889463.0,86400.0,100.0,1024.0,28.421375,1.0,101.0,0.0,0.0
2022-02-03,889501.0,86400.0,100.0,256.0,0.7961666666666667,0.0,11.5,0.0,0.0
2022-03-03,90151450.0,86400.0,100.0,512.0,20.561458333333334,0.5,121.5,0.0,0.0
2022-02-17,889395.0,75600.0,87.5,256.0,149.41142857142856,31.5,257.0,0.0,0.0
2022-03-10,794244.0,82800.0,95.83333333333333,1024.0,110.36152173913044,21.0,217.5,0.0,0.0
2022-02-08,889302.0,86400.0,100.0,512.0,94.37091666666667,16.0,202.5,0.0,0.0
2022-03-13,842681.0,75600.0,87.5,1024.0,108.00133333333333,30.5,214.5,8.87,20.0
2022-03-11,842681.0,86400.0,100.0,1024.0,108.87570833333334,30.0,233.5,9.527916666666666,22.0
2022-03-14,889425.0,75600.0,87.5,512.0,50.684619047619044,0.0,145.5,0.0,0.0
2022-02-06,889503.0,86400.0,100.0,1024.0,65.173625,5.5,195.5,0.0,0.0
2022-02-17,873337.0,75600.0,87.5,1024.0,81.58980952380952,14.0,282.5,0.0,0.0
2022-03-10,889165.0,82800.0,95.83333333333333,1024.0,170.49334782608696,0.0,435.5,0.0,0.0
2022-02-13,889243.0,86400.0,100.0,1024.0,182.75183333333334,43.0,386.5,0.0,0.0
2022-02-05,889453.0,86400.0,100.0,512.0,49.98683333333334,5.5,142.0,0.0,0.0
2022-03-12,889342.0,68400.0,79.16666666666667,1024.0,59.33268421052632,3.0,169.5,0.0,0.0
2022-03-13,852605.0,75600.0,87.5,1024.0,42.197857142857146,3.0,186.5,0.0,0.0
2022-03-13,889521.0,75600.0,87.5,1024.0,61.01166666666666,0.0,161.0,0.0,0.0
2022-02-20,889283.0,82800.0,95.83333333333333,1024.0,141.12804347826088,49.0,301.0,0.0,0.0
2022-02-12,889502.0,86400.0,100.0,512.0,65.94675,0.0,168.0,0.0,0.0
2022-02-04,790895.0,86400.0,100.0,1024.0,37.348375,3.0,102.0,0.0,0.0
2022-03-11,889405.0,86400.0,100.0,512.0,20.252083333333335,0.0,96.0,0.0,0.0
2022-03-11,889534.0,86400.0,100.0,1024.0,112.65816666666667,20.5,310.0,0.0,0.0
2022-03-15,889509.0,86400.0,100.0,1024.0,147.43308333333334,28.0,433.0,0.0,0.0
2022-02-18,889250.0,86400.0,100.0,1024.0,64.24641666666666,0.0,211.0,0.0,0.0
2022-02-12,889463.0,86400.0,100.0,1024.0,27.77525,0.0,98.0,0.0,0.0
2022-02-06,889521.0,86400.0,100.0,1024.0,68.91029166666667,16.5,156.0,0.0,0.0
2022-03-10,889367.0,82800.0,95.83333333333333,256.0,46.46630434782609,0.5,155.5,0.0,0.0
2022-02-08,889350.0,86400.0,100.0,512.0,14.790458333333333,0.0,81.5,0.0,0.0
2022-02-19,889231.0,86400.0,100.0,1024.0,43.141,1.5,144.5,0.0,0.0
2022-03-07,889323.0,86400.0,100.0,1024.0,118.641375,0.0,299.5,0.0,0.0
2022-02-17,889115.0,75600.0,87.5,256.0,32.95742857142857,7.0,124.5,0.0,0.0
2022-02-13,889343.0,86400.0,100.0,1024.0,177.93841666666665,32.5,430.0,0.0,0.0
2022-02-19,889429.0,86400.0,100.0,512.0,76.08345833333334,11.0,209.5,0.0,0.0
2022-02-11,889473.0,86400.0,100.0,512.0,37.31970833333333,2.0,108.0,0.0,0.0
2022-02-03,889299.0,82800.0,95.83333333333333,512.0,3.8755652173913044,0.0,45.5,0.0,0.0
2022-02-18,889220.0,86400.0,100.0,512.0,85.58104166666666,23.0,203.5,0.0,0.0
2022-02-20,889437.0,86400.0,100.0,512.0,53.901125,8.0,155.5,0.0,0.0
2022-02-13,873337.0,86400.0,100.0,1024.0,78.10991666666666,10.5,233.0,0.0,0.0
2022-02-19,792987.0,86400.0,100.0,256.0,105.59575,21.0,242.5,0.0,0.0
2022-03-11,889199.0,86400.0,100.0,1024.0,51.34770833333334,1.5,140.0,0.0,0.0
2022-02-04,889539.0,86400.0,100.0,1024.0,131.32695833333332,34.5,287.5,0.0,0.0
2022-03-11,889324.0,86400.0,100.0,512.0,30.72475,1.0,100.5,0.0,0.0
2022-03-12,889513.0,68400.0,79.16666666666667,1024.0,180.30068421052633,37.0,302.5,0.0,0.0
2022-02-11,832758.0,86400.0,100.0,512.0,33.942708333333336,0.0,143.0,0.0,0.0
2022-02-18,889404.0,86400.0,100.0,512.0,38.21783333333333,0.5,146.0,0.0,0.0
2022-03-15,889310.0,82800.0,95.83333333333333,256.0,11.679521739130434,0.0,63.5,0.0,0.0
2022-03-07,889335.0,86400.0,100.0,512.0,37.49433333333333,4.0,122.5,0.0,0.0
2022-02-04,889465.0,86400.0,100.0,256.0,38.885125,0.0,156.5,0.0,0.0
2022-03-11,889233.0,86400.0,100.0,1024.0,156.23204166666667,30.5,362.0,0.0,0.0
2022-02-18,889163.0,86400.0,100.0,512.0,45.67341666666667,7.5,110.0,0.0,0.0
2022-03-13,889353.0,75600.0,87.5,512.0,57.93309523809524,8.0,136.0,0.0,0.0
2022-03-11,889414.0,72000.0,83.33333333333333,1024.0,98.2133,13.5,318.5,0.0,0.0
2022-03-03,830082.0,86400.0,100.0,512.0,23.164041666666666,0.0,84.5,0.0,0.0
2022-02-06,832758.0,86400.0,100.0,512.0,32.19070833333333,0.0,125.5,0.0,0.0
2022-02-19,889267.0,86400.0,100.0,512.0,86.64483333333334,7.0,238.0,0.0,0.0
2022-03-14,889168.0,86400.0,100.0,512.0,69.91391666666667,13.5,209.0,0.0,0.0
2022-03-11,889257.0,72000.0,83.33333333333333,1024.0,122.1298,32.0,350.5,0.0,0.0
2022-02-06,889276.0,86400.0,100.0,512.0,139.76175,16.5,419.0,0.0,0.0
2022-02-04,889509.0,86400.0,100.0,1024.0,174.51795833333333,68.5,392.5,0.0,0.0
2022-03-15,860974.0,86400.0,100.0,512.0,37.00241666666667,2.0,108.0,0.0,0.0
2022-02-11,889144.0,86400.0,100.0,1024.0,83.371875,19.5,171.0,0.0,0.0
2022-03-10,889163.0,82800.0,95.83333333333333,512.0,53.394,8.5,148.0,0.0,0.0
2022-03-12,889212.0,68400.0,79.16666666666667,1024.0,47.77536842105263,1.5,103.0,0.0,0.0
2022-02-18,889129.0,86400.0,100.0,512.0,55.643208333333334,0.0,144.5,0.0,0.0
2022-02-06,889522.0,86400.0,100.0,1024.0,180.78783333333334,56.0,390.5,0.0,0.0
2022-03-11,889294.0,86400.0,100.0,1024.0,169.97029166666667,68.0,313.5,0.0,0.0
2022-02-04,33383.0,82800.0,95.83333333333333,1024.0,134.3618260869565,38.5,260.5,0.0,0.0
2022-03-15,889263.0,86400.0,100.0,512.0,31.246291666666668,5.0,114.5,0.0,0.0
2022-03-11,889181.0,86400.0,100.0,512.0,57.760875,15.0,134.5,0.0,0.0
2022-03-15,889129.0,79200.0,91.66666666666667,512.0,58.23468181818182,0.0,144.0,0.0,0.0
2022-02-08,889456.0,86400.0,100.0,1024.0,157.43804166666666,40.5,324.5,0.0,0.0
2022-03-14,889176.0,86400.0,100.0,1024.0,145.729125,29.0,338.5,0.0,0.0
2022-02-12,889346.0,86400.0,100.0,1024.0,220.84375,39.5,510.0,0.0,0.0
2022-03-13,889271.0,75600.0,87.5,512.0,66.45571428571428,12.0,145.5,0.0,0.0
2022-03-11,889433.0,86400.0,100.0,512.0,3.67775,0.0,95.5,0.0,0.0
2022-03-13,889201.0,75600.0,87.5,1024.0,11.623,0.0,60.5,0.0,0.0
2022-03-07,889366.0,86400.0,100.0,256.0,63.937083333333334,0.0,192.5,0.0,0.0
2022-03-13,889236.0,75600.0,87.5,1024.0,7.339047619047619,0.0,46.5,0.0,0.0
2022-02-06,889259.0,86400.0,100.0,1024.0,163.99066666666667,33.0,358.5,0.0,0.0
2022-03-10,889396.0,82800.0,95.83333333333333,512.0,50.143565217391306,0.0,175.0,0.0,0.0
2022-03-12,889421.0,68400.0,79.16666666666667,256.0,35.96321052631579,0.0,103.5,0.0,0.0
2022-03-06,889162.0,79200.0,91.66666666666667,512.0,22.325818181818182,1.0,75.0,0.0,0.0
2022-02-10,889356.0,86400.0,100.0,1024.0,57.1125,3.5,198.0,0.0,0.0
2022-03-12,90151768.0,68400.0,79.16666666666667,512.0,43.19342105263158,1.0,137.0,0.0,0.0
2022-03-06,889412.0,79200.0,91.66666666666667,1024.0,169.85745454545454,34.0,357.0,0.0,0.0
2022-03-13,889433.0,57600.0,66.66666666666667,512.0,0.6223125,0.0,10.5,0.0,0.0
2022-02-18,837639.0,86400.0,100.0,512.0,29.33825,2.5,111.0,0.0,0.0
2022-02-13,889371.0,86400.0,100.0,1024.0,173.93775,43.0,337.0,0.0,0.0
2022-02-03,889367.0,86400.0,100.0,256.0,60.01679166666667,3.5,242.5,0.0,0.0
2022-03-15,889261.0,86400.0,100.0,1024.0,64.063,6.0,421.0,0.0,0.0
2022-02-11,889448.0,86400.0,100.0,1024.0,239.44770833333334,45.5,510.5,0.0,0.0
2022-02-04,889312.0,86400.0,100.0,512.0,72.98683333333334,0.0,184.5,0.0,0.0
2022-03-15,889369.0,79200.0,91.66666666666667,1024.0,84.93086363636364,8.5,282.5,0.0,0.0
2022-02-12,889415.0,86400.0,100.0,512.0,57.746125,0.0,172.5,0.0,0.0
2022-02-11,793327.0,86400.0,100.0,512.0,100.4025,26.5,229.0,0.0,0.0
2022-02-08,889476.0,86400.0,100.0,1024.0,157.931875,34.5,390.5,0.0,0.0
2022-03-10,889138.0,82800.0,95.83333333333333,1024.0,127.00791304347825,19.5,254.5,0.0,0.0
2022-03-11,889334.0,86400.0,100.0,512.0,30.760291666666667,0.5,105.5,0.0,0.0
2022-03-12,889173.0,68400.0,79.16666666666667,1024.0,38.80621052631579,2.0,127.0,0.0,0.0
2022-03-12,889164.0,68400.0,79.16666666666667,1024.0,69.559,0.0,165.0,0.0,0.0
2022-02-18,34298.0,86400.0,100.0,512.0,95.92791666666666,15.5,214.5,0.0,0.0
2022-02-05,889399.0,86400.0,100.0,1024.0,109.05775,15.5,281.5,0.0,0.0
2022-03-15,889223.0,72000.0,83.33333333333333,512.0,20.1408,0.0,89.0,0.0,0.0
2022-02-05,889277.0,86400.0,100.0,512.0,95.50725,0.0,271.0,0.0,0.0
2022-02-18,889304.0,86400.0,100.0,512.0,17.139958333333333,0.0,88.5,0.0,0.0
2022-02-11,889215.0,86400.0,100.0,1024.0,118.916375,24.0,280.0,0.0,0.0
2022-02-20,889521.0,86400.0,100.0,1024.0,67.55845833333333,12.5,164.5,0.0,0.0
2022-02-17,889472.0,75600.0,87.5,256.0,51.016285714285715,0.0,256.0,0.0,0.0
2022-02-17,889290.0,75600.0,87.5,1024.0,170.54780952380952,15.0,370.0,0.0,0.0
2022-02-19,889424.0,86400.0,100.0,1024.0,200.179375,46.0,383.5,9.684541666666666,24.0
2022-03-15,889425.0,79200.0,91.66666666666667,512.0,53.01627272727273,8.0,154.0,0.0,0.0
2022-03-10,889417.0,82800.0,95.83333333333333,1024.0,18.57191304347826,0.0,94.0,0.0,0.0
2022-02-20,889122.0,86400.0,100.0,1024.0,144.78779166666666,0.0,337.5,0.0,0.0
2022-03-07,889451.0,86400.0,100.0,1024.0,201.88345833333332,58.0,434.0,0.0,0.0
2022-02-11,889198.0,86400.0,100.0,1024.0,30.817625,2.5,102.0,0.0,0.0
2022-03-07,889503.0,86400.0,100.0,1024.0,70.59745833333334,10.0,233.0,0.0,0.0
2022-03-10,889502.0,82800.0,95.83333333333333,512.0,76.64543478260869,15.5,180.5,0.0,0.0
2022-02-13,889402.0,86400.0,100.0,512.0,73.031875,12.5,186.5,0.0,0.0
2022-02-18,889452.0,86400.0,100.0,512.0,49.71729166666667,5.5,150.0,0.0,0.0
2022-03-14,889536.0,86400.0,100.0,512.0,68.97858333333333,5.5,205.0,0.0,0.0
2022-02-06,889384.0,86400.0,100.0,1024.0,176.911625,11.5,482.5,0.0,0.0
2022-02-19,889254.0,86400.0,100.0,512.0,74.75645833333333,15.5,201.5,0.0,0.0
2022-03-07,889378.0,86400.0,100.0,1024.0,142.83704166666666,40.0,278.0,0.0,0.0
2022-02-03,889293.0,86400.0,100.0,1024.0,118.24933333333334,5.0,317.5,0.0,0.0
2022-03-15,889249.0,86400.0,100.0,1024.0,153.88679166666665,0.0,401.0,0.0,0.0
2022-02-13,889384.0,86400.0,100.0,1024.0,190.73133333333334,4.5,631.0,0.0,0.0
2022-02-06,889292.0,86400.0,100.0,256.0,49.01475,5.5,125.5,0.0,0.0
2022-03-10,889538.0,82800.0,95.83333333333333,512.0,51.41413043478261,10.5,142.0,0.0,0.0
2022-03-06,889165.0,79200.0,91.66666666666667,1024.0,181.91704545454544,27.0,525.5,0.0,0.0
2022-03-12,832758.0,68400.0,79.16666666666667,512.0,29.79905263157895,4.5,92.0,0.0,0.0
2022-03-12,90151479.0,68400.0,79.16666666666667,512.0,32.25352631578947,0.5,105.5,0.0,0.0
2022-03-06,90151732.0,79200.0,91.66666666666667,512.0,28.025045454545456,2.5,106.0,0.0,0.0
2022-02-06,889251.0,86400.0,100.0,512.0,49.192458333333335,5.0,131.5,0.0,0.0
2022-03-14,889476.0,86400.0,100.0,1024.0,120.429375,23.5,349.5,0.0,0.0
2022-02-12,889235.0,86400.0,100.0,1024.0,260.8425,21.0,588.5,0.0,0.0
2022-02-19,889202.0,86400.0,100.0,1024.0,247.55320833333334,49.0,609.5,0.0,0.0
2022-02-05,889439.0,86400.0,100.0,1024.0,76.70091666666667,16.0,212.5,0.0,0.0
2022-02-10,889279.0,86400.0,100.0,512.0,81.97704166666666,7.5,245.0,0.0,0.0
2022-02-05,889150.0,86400.0,100.0,1024.0,81.53254166666666,0.0,284.5,0.0,0.0
2022-02-06,830652.0,86400.0,100.0,512.0,99.81383333333333,20.0,258.5,0.0,0.0
2022-02-20,850291.0,86400.0,100.0,1024.0,174.163625,34.5,412.5,0.0,0.0
2022-03-12,889330.0,68400.0,79.16666666666667,1024.0,135.75515789473684,28.5,228.0,0.0,0.0
2022-02-17,889361.0,75600.0,87.5,512.0,24.930904761904763,0.0,92.5,0.0,0.0
2022-02-12,810456.0,86400.0,100.0,512.0,13.740208333333333,0.5,65.0,0.0,0.0
2022-02-12,889351.0,86400.0,100.0,512.0,32.42004166666667,1.0,107.0,0.0,0.0
2022-02-19,889516.0,86400.0,100.0,512.0,29.24395833333333,5.5,91.0,0.0,0.0
2022-02-05,889125.0,86400.0,100.0,1024.0,136.04329166666668,0.0,373.5,0.0,0.0
2022-03-03,889241.0,86400.0,100.0,512.0,40.79925,4.5,132.5,0.0,0.0
2022-02-11,889170.0,86400.0,100.0,1024.0,115.24154166666666,0.0,317.0,0.0,0.0
2022-02-06,889518.0,86400.0,100.0,1024.0,185.45991666666666,51.5,413.5,0.0,0.0
2022-03-03,889360.0,86400.0,100.0,1024.0,60.15804166666667,2.5,220.0,0.0,0.0
2022-02-03,889466.0,86400.0,100.0,512.0,18.826458333333335,0.0,70.0,0.0,0.0
2022-03-13,889526.0,75600.0,87.5,1024.0,156.16519047619047,28.0,299.0,0.0,0.0
2022-03-03,889237.0,86400.0,100.0,1024.0,150.69829166666668,28.0,319.0,0.0,0.0
2022-02-17,889295.0,75600.0,87.5,1024.0,96.35814285714285,0.0,221.0,0.0,0.0
2022-03-12,889447.0,68400.0,79.16666666666667,1024.0,199.62763157894736,19.5,380.0,0.0,0.0
2022-02-04,889351.0,86400.0,100.0,512.0,28.746041666666667,1.0,98.5,0.0,0.0
2022-02-18,889371.0,86400.0,100.0,1024.0,170.40920833333334,42.0,340.5,0.0,0.0
2022-03-11,889703.0,86400.0,100.0,1024.0,148.46075,32.0,380.0,0.0,0.0
2022-02-18,893255.0,86400.0,100.0,512.0,74.56016666666666,0.0,179.0,0.0,0.0
2022-02-20,889142.0,86400.0,100.0,512.0,67.514875,19.0,163.0,0.0,0.0
2022-03-13,889418.0,75600.0,87.5,1024.0,16.763238095238094,0.5,49.5,0.0,0.0
2022-02-04,889411.0,86400.0,100.0,512.0,56.05741666666667,7.0,155.5,0.0,0.0
2022-02-03,889153.0,86400.0,100.0,512.0,21.609583333333333,0.0,99.0,0.0,0.0
2022-02-11,889237.0,86400.0,100.0,1024.0,173.26404166666666,37.0,383.5,0.0,0.0
2022-02-19,889513.0,86400.0,100.0,1024.0,194.44066666666666,41.0,425.0,0.0,0.0
2022-03-03,90151473.0,86400.0,100.0,512.0,12.6885,1.0,77.5,0.0,0.0
2022-03-11,90151479.0,86400.0,100.0,512.0,29.017666666666667,0.5,131.0,0.0,0.0
2022-03-12,793979.0,68400.0,79.16666666666667,512.0,119.93736842105262,35.0,254.0,0.0,0.0
2022-02-18,889403.0,86400.0,100.0,512.0,61.995416666666664,10.0,168.5,0.0,0.0
2022-02-17,889492.0,75600.0,87.5,1024.0,34.551,0.0,98.0,0.0,0.0
2022-02-10,889161.0,86400.0,100.0,1024.0,192.007375,41.0,479.0,0.0,0.0
2022-03-11,889337.0,86400.0,100.0,1024.0,77.64291666666666,19.0,222.0,0.0,0.0
2022-02-11,889380.0,86400.0,100.0,256.0,9.71925,0.0,62.5,0.0,0.0
2022-02-12,889421.0,86400.0,100.0,256.0,26.506125,1.5,94.5,0.0,0.0
2022-02-05,889120.0,86400.0,100.0,1024.0,14.754875,0.0,78.5,0.0,0.0
2022-02-04,889502.0,86400.0,100.0,512.0,77.842375,9.0,165.0,0.0,0.0
2022-03-14,889374.0,86400.0,100.0,1024.0,122.97341666666667,14.0,362.0,0.0,0.0
2022-03-12,889215.0,68400.0,79.16666666666667,1024.0,126.31947368421052,26.5,264.5,0.0,0.0
2022-02-17,889291.0,75600.0,87.5,512.0,74.42428571428572,18.5,163.0,0.0,0.0
2022-03-11,889121.0,86400.0,100.0,512.0,41.529041666666664,6.0,130.5,0.0,0.0
2022-02-17,889273.0,75600.0,87.5,512.0,39.242666666666665,2.0,135.5,0.0,0.0
2022-03-12,889225.0,68400.0,79.16666666666667,512.0,39.14215789473684,2.5,107.0,0.0,0.0
2022-03-12,889315.0,68400.0,79.16666666666667,1024.0,141.78915789473683,34.0,268.5,0.0,0.0
2022-02-06,889157.0,86400.0,100.0,1024.0,107.167875,25.5,209.0,0.0,0.0
2022-02-17,889179.0,75600.0,87.5,1024.0,25.77204761904762,0.5,88.0,0.0,0.0
2022-02-11,889319.0,86400.0,100.0,512.0,13.305875,0.0,59.5,0.0,0.0
2022-02-11,889216.0,82800.0,95.83333333333333,1024.0,120.83704347826087,0.0,271.0,0.0,0.0
2022-02-08,889361.0,86400.0,100.0,512.0,26.91225,0.0,81.0,0.0,0.0
2022-03-03,82661560.0,86400.0,100.0,1024.0,83.47383333333333,9.5,213.5,0.0,0.0
2022-03-06,889141.0,79200.0,91.66666666666667,512.0,59.32122727272727,9.0,140.5,0.0,0.0
2022-03-15,889159.0,68400.0,79.16666666666667,1024.0,92.20536842105263,12.0,227.0,0.0,0.0
2022-02-03,889158.0,86400.0,100.0,1024.0,153.707375,61.5,306.5,0.0,0.0
2022-03-12,889434.0,68400.0,79.16666666666667,1024.0,50.40636842105263,4.0,146.0,0.0,0.0
2022-03-14,889274.0,86400.0,100.0,1024.0,132.91058333333334,23.0,412.0,0.0,0.0
2022-02-11,889376.0,86400.0,100.0,512.0,76.81779166666666,4.0,202.0,0.0,0.0
2022-03-15,889243.0,86400.0,100.0,1024.0,160.02966666666666,34.0,344.0,0.0,0.0
2022-03-14,889527.0,86400.0,100.0,512.0,51.216833333333334,9.0,126.5,0.0,0.0
2022-03-14,889314.0,86400.0,100.0,1024.0,194.86408333333333,47.5,431.0,0.0,0.0
2022-03-03,873337.0,86400.0,100.0,1024.0,77.06666666666666,15.5,178.5,0.0,0.0
2022-03-15,830642.0,79200.0,91.66666666666667,768.0,85.49813636363636,0.0,196.0,0.0,0.0
2022-02-20,889305.0,86400.0,100.0,1024.0,56.10370833333333,10.0,145.0,0.0,0.0
2022-02-17,889493.0,75600.0,87.5,1024.0,214.02985714285714,37.5,434.5,0.0,0.0
2022-02-06,889152.0,86400.0,100.0,1024.0,218.10495833333334,55.0,517.5,0.0,0.0
2022-02-05,889336.0,86400.0,100.0,1024.0,140.12916666666666,26.5,335.5,0.0,0.0
2022-03-06,889334.0,79200.0,91.66666666666667,512.0,34.73886363636364,0.0,108.0,0.0,0.0
2022-03-09,889511.0,3600.0,4.166666666666667,512.0,112.296,72.0,166.5,0.0,0.0
2022-03-03,889443.0,86400.0,100.0,512.0,76.068375,28.0,186.0,0.0,0.0
2022-02-06,889319.0,86400.0,100.0,512.0,9.578166666666666,0.0,40.5,0.0,0.0
2022-03-13,889178.0,75600.0,87.5,256.0,14.65352380952381,0.0,62.5,0.0,0.0
2022-03-07,832031.0,86400.0,100.0,1024.0,153.27770833333332,24.0,423.0,0.0,0.0
2022-02-19,889413.0,86400.0,100.0,1024.0,50.876041666666666,5.0,190.0,0.0,0.0
2022-02-13,889349.0,79200.0,91.66666666666667,1024.0,153.0189090909091,0.0,395.0,0.0,0.0
2022-03-11,889128.0,86400.0,100.0,512.0,68.96404166666667,3.0,181.5,0.0,0.0
2022-02-19,889393.0,86400.0,100.0,512.0,68.83875,11.5,188.0,0.0,0.0
2022-03-14,889164.0,86400.0,100.0,1024.0,62.197208333333336,11.0,177.5,0.0,0.0
2022-03-14,859422.0,86400.0,100.0,512.0,100.644625,1.5,246.0,0.0,0.0
2022-02-04,889225.0,86400.0,100.0,512.0,27.817166666666665,0.0,115.0,0.0,0.0
2022-02-12,889365.0,86400.0,100.0,512.0,67.73095833333333,17.0,159.5,0.0,0.0
2022-03-14,830321.0,86400.0,100.0,512.0,16.86175,0.0,72.0,0.0,0.0
2022-02-08,889193.0,86400.0,100.0,1024.0,58.13183333333333,0.0,185.5,0.0,0.0
2022-03-14,889453.0,75600.0,87.5,512.0,36.48538095238095,0.0,141.0,0.0,0.0
2022-03-07,889314.0,86400.0,100.0,1024.0,178.70891666666665,28.5,800.0,0.0,0.0
2022-03-11,889195.0,86400.0,100.0,256.0,32.62075,2.0,100.5,0.0,0.0
2022-02-06,889440.0,86400.0,100.0,512.0,21.654625,0.0,167.0,0.0,0.0
2022-02-13,889192.0,86400.0,100.0,512.0,48.75470833333333,0.0,151.0,0.0,0.0
2022-02-17,889210.0,75600.0,87.5,512.0,31.40438095238095,0.0,105.5,0.0,0.0
2022-02-12,889426.0,86400.0,100.0,1024.0,111.06279166666667,0.0,260.5,0.0,0.0
2022-03-11,889260.0,86400.0,100.0,1024.0,76.50008333333334,0.0,198.5,0.0,0.0
2022-02-17,889443.0,75600.0,87.5,512.0,72.68057142857143,18.0,173.5,0.0,0.0
2022-03-09,889165.0,3600.0,4.166666666666667,1024.0,176.171,104.5,239.0,0.0,0.0
2022-03-06,889159.0,79200.0,91.66666666666667,1024.0,105.09522727272727,19.5,217.0,0.0,0.0
2022-03-11,889397.0,86400.0,100.0,1024.0,204.09845833333333,38.5,438.0,0.0,0.0
2022-02-08,889199.0,86400.0,100.0,1024.0,41.37045833333333,1.0,146.0,0.0,0.0
2022-02-18,889133.0,86400.0,100.0,1024.0,102.90604166666667,0.0,255.5,0.0,0.0
2022-02-10,889380.0,86400.0,100.0,256.0,11.917,0.0,68.0,0.0,0.0
2022-02-13,889459.0,86400.0,100.0,512.0,32.886833333333335,0.0,107.5,0.0,0.0
2022-02-06,889120.0,86400.0,100.0,1024.0,16.153333333333332,0.0,88.0,0.0,0.0
2022-02-10,889258.0,86400.0,100.0,512.0,40.58075,4.0,132.0,0.0,0.0
2022-03-11,889159.0,86400.0,100.0,1024.0,97.14545833333334,23.0,249.5,0.0,0.0
2022-02-08,889500.0,86400.0,100.0,512.0,43.806375,6.0,128.5,0.0,0.0
2022-02-17,863515.0,75600.0,87.5,1024.0,57.492714285714285,9.0,166.5,0.0,0.0
2022-03-07,889484.0,86400.0,100.0,1024.0,123.43366666666667,0.0,313.0,0.0,0.0
2022-03-12,889363.0,61200.0,70.83333333333333,512.0,46.96588235294118,0.0,124.0,0.0,0.0
2022-02-13,889162.0,86400.0,100.0,512.0,18.299583333333334,0.5,72.5,0.0,0.0
2022-02-11,889476.0,86400.0,100.0,1024.0,171.00729166666667,28.0,433.0,0.0,0.0
2022-02-03,889176.0,86400.0,100.0,1024.0,162.48404166666666,52.5,342.0,0.0,0.0
2022-02-20,889520.0,86400.0,100.0,512.0,80.39270833333333,20.5,182.5,0.0,0.0
2022-02-03,889272.0,86400.0,100.0,512.0,90.03816666666667,0.0,224.0,0.0,0.0
2022-02-10,889209.0,86400.0,100.0,1024.0,109.48179166666667,19.5,303.5,0.0,0.0
2022-02-20,793979.0,86400.0,100.0,512.0,117.118125,23.0,257.0,0.0,0.0
2022-02-19,889191.0,86400.0,100.0,512.0,79.785875,10.0,231.0,0.0,0.0
2022-03-03,889244.0,86400.0,100.0,1024.0,95.69029166666667,19.0,225.0,0.0,0.0
2022-02-20,889274.0,86400.0,100.0,1024.0,157.51883333333333,23.0,454.0,0.0,0.0
2022-02-04,889212.0,86400.0,100.0,1024.0,34.24545833333333,3.5,100.0,0.0,0.0
2022-02-20,889306.0,86400.0,100.0,1024.0,15.918416666666667,0.0,70.5,0.0,0.0
2022-02-11,889399.0,86400.0,100.0,1024.0,103.23179166666667,17.5,288.0,0.0,0.0
2022-02-11,889196.0,86400.0,100.0,512.0,67.05633333333333,2.0,182.5,0.0,0.0
2022-03-14,889383.0,82800.0,95.83333333333333,1024.0,106.23621739130435,17.0,264.5,0.0,0.0
2022-02-20,889393.0,86400.0,100.0,512.0,62.68620833333333,0.0,178.0,0.0,0.0
2022-02-05,889258.0,86400.0,100.0,512.0,46.07566666666666,2.0,145.5,0.0,0.0
2022-02-12,889310.0,86400.0,100.0,256.0,13.847208333333333,0.0,54.5,0.0,0.0
2022-02-18,889423.0,86400.0,100.0,1024.0,175.38604166666667,45.5,433.0,0.0,0.0
2022-02-06,827243.0,86400.0,100.0,1024.0,80.25329166666667,0.0,200.0,0.0,0.0
2022-03-15,889236.0,86400.0,100.0,1024.0,8.46625,0.0,48.5,0.0,0.0
2022-02-17,830642.0,75600.0,87.5,768.0,121.71042857142857,23.5,283.5,0.0,0.0
2022-02-08,889451.0,86400.0,100.0,1024.0,205.44229166666668,77.0,447.0,0.0,0.0
2022-03-14,889327.0,86400.0,100.0,512.0,20.736291666666666,0.0,88.5,0.0,0.0
2022-02-20,889129.0,86400.0,100.0,512.0,52.12495833333333,11.5,145.0,0.0,0.0
2022-02-18,889258.0,86400.0,100.0,512.0,42.9575,2.5,147.5,0.0,0.0
2022-02-05,889193.0,86400.0,100.0,1024.0,56.54675,3.0,199.5,0.0,0.0
2022-03-14,889307.0,86400.0,100.0,1024.0,13.718583333333333,0.0,67.0,0.0,0.0
2022-02-20,889489.0,86400.0,100.0,512.0,73.49495833333333,20.0,156.5,0.0,0.0
2022-03-10,830321.0,82800.0,95.83333333333333,512.0,20.26817391304348,0.0,80.0,0.0,0.0
2022-02-17,889294.0,75600.0,87.5,1024.0,182.15780952380953,63.5,360.5,0.0,0.0
2022-02-12,889531.0,86400.0,100.0,512.0,61.14545833333333,12.0,139.0,0.0,0.0
2022-03-07,889295.0,86400.0,100.0,1024.0,84.91458333333334,17.0,224.5,0.0,0.0
2022-02-08,889168.0,86400.0,100.0,512.0,77.10958333333333,19.5,197.0,0.0,0.0
2022-03-11,889310.0,86400.0,100.0,256.0,11.538083333333333,0.0,69.0,0.0,0.0
2022-02-08,889118.0,86400.0,100.0,512.0,18.413833333333333,0.0,74.5,0.0,0.0
2022-02-18,830652.0,86400.0,100.0,512.0,117.874875,25.0,284.0,0.0,0.0
2022-02-08,889487.0,86400.0,100.0,512.0,40.17366666666667,8.0,119.0,0.0,0.0
2022-02-06,889255.0,86400.0,100.0,512.0,51.060583333333334,5.0,171.5,0.0,0.0
2022-02-13,889486.0,86400.0,100.0,512.0,63.444291666666665,12.0,144.0,0.0,0.0
2022-03-06,889205.0,75600.0,87.5,1024.0,107.61471428571429,0.0,266.5,0.0,0.0
2022-02-19,889169.0,86400.0,100.0,512.0,53.76833333333333,5.5,171.5,0.0,0.0
2022-02-05,889144.0,86400.0,100.0,1024.0,80.36670833333334,18.0,193.5,0.0,0.0
2022-02-10,889338.0,86400.0,100.0,1024.0,177.16258333333334,37.5,392.0,0.0,0.0
2022-02-17,889203.0,75600.0,87.5,1024.0,173.96285714285713,36.0,400.0,0.0,0.0
2022-02-04,889446.0,86400.0,100.0,512.0,19.950916666666668,1.0,94.5,0.0,0.0
2022-03-13,889204.0,75600.0,87.5,512.0,97.69138095238095,15.5,271.5,0.0,0.0
2022-03-03,889144.0,86400.0,100.0,1024.0,84.39508333333333,20.5,182.5,0.0,0.0
2022-03-07,889213.0,86400.0,100.0,1024.0,140.50491666666667,33.5,352.0,0.0,0.0
2022-03-03,889429.0,86400.0,100.0,512.0,72.023125,11.0,217.5,0.0,0.0
2022-02-04,889325.0,82800.0,95.83333333333333,1024.0,114.29073913043479,19.5,313.5,0.0,0.0
2022-03-13,889262.0,75600.0,87.5,1024.0,133.66585714285713,0.0,341.0,0.0,0.0
2022-02-06,889497.0,86400.0,100.0,1024.0,189.68891666666667,41.0,494.5,0.0,0.0
2022-02-20,889490.0,86400.0,100.0,1024.0,215.66104166666668,48.0,455.5,0.0,0.0
2022-03-12,889468.0,68400.0,79.16666666666667,1024.0,89.58557894736842,11.5,209.0,0.0,0.0
2022-03-12,889408.0,68400.0,79.16666666666667,1024.0,18.941894736842105,1.5,76.0,0.0,0.0
2022-03-13,889532.0,75600.0,87.5,1024.0,132.23714285714286,34.0,265.5,0.0,0.0
2022-02-11,889318.0,86400.0,100.0,768.0,110.89316666666667,26.5,533.5,0.0,0.0
2022-02-20,889190.0,86400.0,100.0,1024.0,155.57770833333333,44.0,347.0,0.0,0.0
2022-02-12,889474.0,86400.0,100.0,512.0,52.97170833333333,6.0,158.5,0.0,0.0
2022-02-03,829680.0,86400.0,100.0,1024.0,229.34516666666667,54.5,444.5,0.0,0.0
2022-02-19,889328.0,86400.0,100.0,1024.0,131.13795833333333,34.5,258.0,0.0,0.0
2022-03-06,889447.0,79200.0,91.66666666666667,1024.0,122.85795454545455,8.5,318.5,0.0,0.0
2022-03-12,889160.0,68400.0,79.16666666666667,512.0,43.15352631578947,1.5,126.5,0.0,0.0
2022-03-06,889197.0,79200.0,91.66666666666667,512.0,85.55822727272728,0.0,228.5,0.0,0.0
2022-03-12,82661560.0,68400.0,79.16666666666667,1024.0,98.68821052631579,14.0,194.5,0.0,0.0
2022-02-19,889238.0,86400.0,100.0,512.0,59.382416666666664,9.0,183.5,0.0,0.0
2022-02-03,889284.0,86400.0,100.0,256.0,25.846208333333333,2.0,102.0,0.0,0.0
2022-02-11,889117.0,86400.0,100.0,1024.0,137.3955,16.0,347.5,0.0,0.0
2022-03-10,889222.0,82800.0,95.83333333333333,512.0,41.16682608695652,0.0,131.0,0.0,0.0
2022-03-10,889196.0,82800.0,95.83333333333333,512.0,73.62095652173913,2.5,202.0,0.0,0.0
2022-02-11,889501.0,86400.0,100.0,256.0,0.9157916666666667,0.0,12.0,0.0,0.0
2022-03-11,889254.0,86400.0,100.0,512.0,59.88458333333333,9.0,170.5,0.0,0.0
2022-02-08,889308.0,86400.0,100.0,1024.0,69.347125,11.0,158.0,0.0,0.0
2022-02-04,867269.0,86400.0,100.0,1024.0,127.13020833333333,14.5,330.0,0.0,0.0
2022-02-20,889199.0,86400.0,100.0,1024.0,25.186541666666667,1.0,86.0,0.0,0.0
2022-03-10,34410.0,82800.0,95.83333333333333,256.0,88.63647826086957,19.0,257.5,0.0,0.0
2022-02-05,889447.0,86400.0,100.0,1024.0,164.45066666666668,24.0,366.5,0.0,0.0
2022-03-07,889412.0,82800.0,95.83333333333333,1024.0,159.74673913043478,0.0,414.0,0.0,0.0
2022-02-04,889315.0,86400.0,100.0,1024.0,133.54079166666668,35.5,274.5,0.0,0.0
2022-02-04,889139.0,86400.0,100.0,1024.0,101.17754166666667,2.0,290.0,0.0,0.0
2022-02-18,889398.0,86400.0,100.0,512.0,70.344125,7.0,194.5,0.0,0.0
2022-02-18,889221.0,86400.0,100.0,512.0,56.87920833333333,8.0,157.0,0.0,0.0
2022-03-12,889286.0,68400.0,79.16666666666667,1024.0,97.90594736842105,17.5,239.0,0.0,0.0
2022-02-11,33496.0,86400.0,100.0,512.0,115.68204166666666,23.5,241.0,0.0,0.0
2022-03-01,890240.0,86400.0,100.0,1024.0,28.387791666666665,0.0,121.0,0.0,0.0
2022-02-19,889318.0,86400.0,100.0,768.0,132.335875,27.0,316.5,0.0,0.0
2022-02-05,889194.0,86400.0,100.0,1024.0,104.69120833333334,13.0,254.5,0.0,0.0
2022-03-03,889427.0,86400.0,100.0,1024.0,90.817875,17.5,219.0,0.0,0.0
2022-03-10,889134.0,82800.0,95.83333333333333,1024.0,127.63526086956522,13.5,326.5,0.0,0.0
2022-02-03,889525.0,86400.0,100.0,1024.0,155.47345833333333,22.5,432.0,0.0,0.0
2022-02-10,889312.0,86400.0,100.0,512.0,68.532,14.0,147.0,0.0,0.0
2022-03-11,889209.0,86400.0,100.0,1024.0,111.02804166666667,21.0,218.0,0.0,0.0
2022-03-07,889122.0,86400.0,100.0,1024.0,140.271875,0.0,357.0,0.0,0.0
2022-02-11,889355.0,86400.0,100.0,1024.0,187.88291666666666,38.5,392.5,0.0,0.0
2022-02-13,889454.0,86400.0,100.0,768.0,54.480916666666666,2.5,151.0,0.0,0.0
2022-03-06,889217.0,79200.0,91.66666666666667,1024.0,45.37654545454546,7.5,121.0,0.0,0.0
2022-02-19,889271.0,86400.0,100.0,512.0,72.50279166666667,21.0,173.0,0.0,0.0
2022-03-14,840463.0,86400.0,100.0,512.0,71.88754166666666,2.5,187.5,0.0,0.0
2022-02-18,889461.0,86400.0,100.0,512.0,55.58016666666666,14.5,175.0,0.0,0.0
2022-03-09,889319.0,3600.0,4.166666666666667,512.0,5.496,0.5,12.0,0.0,0.0
2022-03-14,34410.0,86400.0,100.0,256.0,61.375166666666665,22.5,142.5,0.0,0.0
2022-02-05,889473.0,86400.0,100.0,512.0,25.561375,1.5,100.0,0.0,0.0
2022-03-15,842681.0,79200.0,91.66666666666667,1024.0,96.95259090909092,17.0,198.0,9.194454545454546,24.0
2022-02-05,889366.0,86400.0,100.0,256.0,58.1105,0.0,183.0,0.0,0.0
2022-02-06,874100.0,86400.0,100.0,512.0,20.926625,0.0,83.5,0.0,0.0
2022-02-04,889495.0,86400.0,100.0,256.0,27.422166666666666,0.0,96.5,0.0,0.0
2022-03-14,889495.0,86400.0,100.0,256.0,27.095375,4.0,79.5,0.0,0.0
2022-02-05,889228.0,86400.0,100.0,1024.0,115.97379166666667,18.5,295.0,0.0,0.0
2022-03-13,810456.0,75600.0,87.5,512.0,12.96952380952381,0.0,61.0,0.0,0.0
2022-02-13,889469.0,86400.0,100.0,1024.0,112.99366666666667,22.0,239.0,0.0,0.0
2022-02-05,889524.0,86400.0,100.0,1024.0,221.93370833333333,41.0,477.0,0.0,0.0
2022-02-08,889478.0,86400.0,100.0,512.0,15.307791666666667,0.0,70.0,0.0,0.0
2022-02-05,889200.0,86400.0,100.0,512.0,55.81379166666667,5.0,171.5,0.0,0.0
2022-03-06,889535.0,79200.0,91.66666666666667,1024.0,58.98259090909091,8.0,158.0,0.0,0.0
2022-02-08,889288.0,86400.0,100.0,512.0,31.007791666666666,0.0,110.5,0.0,0.0
2022-03-07,889168.0,86400.0,100.0,512.0,73.74733333333333,15.5,179.5,0.0,0.0
2022-03-07,889175.0,82800.0,95.83333333333333,1024.0,156.71295652173913,0.0,480.5,0.0,0.0
2022-02-18,889348.0,86400.0,100.0,1024.0,189.19683333333333,41.0,392.5,0.0,0.0
2022-02-18,889113.0,86400.0,100.0,1024.0,52.392583333333334,9.5,169.0,0.0,0.0
2022-02-04,889360.0,86400.0,100.0,256.0,45.138333333333335,1.5,166.5,0.0,0.0
2022-03-13,889240.0,64800.0,75.0,1024.0,149.46983333333333,0.0,356.5,0.0,0.0
2022-03-12,889323.0,68400.0,79.16666666666667,1024.0,110.51152631578947,0.0,269.5,0.0,0.0
2022-03-07,889236.0,86400.0,100.0,1024.0,8.13875,0.0,45.5,0.0,0.0
2022-02-11,889505.0,86400.0,100.0,512.0,22.485291666666665,0.0,89.5,0.0,0.0
2022-02-20,889517.0,86400.0,100.0,256.0,3.97925,0.0,47.0,0.0,0.0
2022-02-10,889222.0,86400.0,100.0,512.0,44.336125,4.5,141.5,0.0,0.0
2022-02-08,889192.0,82800.0,95.83333333333333,512.0,44.43113043478261,0.0,133.0,0.0,0.0
2022-02-13,889297.0,86400.0,100.0,1024.0,71.75766666666667,14.5,235.0,0.0,0.0
2022-02-12,889375.0,86400.0,100.0,1024.0,120.87233333333333,28.5,286.0,0.0,0.0
2022-02-08,889152.0,86400.0,100.0,1024.0,199.76808333333332,43.0,534.0,0.0,0.0
2022-02-17,889256.0,75600.0,87.5,256.0,17.91952380952381,0.5,66.0,0.0,0.0
2022-02-13,889372.0,86400.0,100.0,256.0,20.082166666666666,1.0,108.5,0.0,0.0
2022-02-04,889476.0,86400.0,100.0,1024.0,184.25583333333333,48.0,425.0,0.0,0.0
2022-02-12,889492.0,86400.0,100.0,1024.0,36.54,3.5,110.5,0.0,0.0
2022-02-04,889202.0,86400.0,100.0,1024.0,296.8349166666667,0.0,674.5,0.0,0.0
2022-03-15,863515.0,86400.0,100.0,1024.0,50.77258333333333,12.5,139.0,0.0,0.0
2022-02-19,889387.0,86400.0,100.0,1024.0,125.95504166666667,34.5,265.0,0.0,0.0
2022-02-05,889208.0,86400.0,100.0,1024.0,112.27695833333334,36.5,215.5,11.979166666666666,25.5
2022-02-04,889348.0,86400.0,100.0,1024.0,188.14275,37.5,404.5,0.0,0.0
2022-02-05,889462.0,86400.0,100.0,1024.0,44.40629166666667,0.5,131.5,0.0,0.0
2022-02-03,889122.0,86400.0,100.0,1024.0,141.437125,28.0,319.0,0.0,0.0
2022-02-12,889396.0,86400.0,100.0,512.0,57.82120833333333,3.5,188.0,0.0,0.0
2022-02-18,889260.0,86400.0,100.0,512.0,57.75329166666667,10.5,169.5,0.0,0.0
2022-03-06,889463.0,79200.0,91.66666666666667,1024.0,33.587227272727276,2.0,121.5,0.0,0.0
2022-03-13,889246.0,75600.0,87.5,1024.0,174.11347619047618,34.5,356.0,0.0,0.0
2022-02-05,889442.0,86400.0,100.0,1024.0,144.60708333333332,31.5,300.5,0.0,0.0
2022-03-11,889296.0,86400.0,100.0,512.0,36.50154166666667,1.0,125.5,0.0,0.0
2022-02-10,889123.0,86400.0,100.0,512.0,79.24479166666667,0.0,233.5,0.0,0.0
2022-03-07,889463.0,86400.0,100.0,1024.0,26.496291666666668,1.0,115.0,0.0,0.0
2022-03-11,889269.0,86400.0,100.0,1024.0,230.1565,51.5,581.5,0.0,0.0
2022-02-20,889196.0,86400.0,100.0,512.0,29.04575,0.5,92.5,0.0,0.0
2022-03-11,82355733.0,86400.0,100.0,512.0,81.888125,11.5,227.5,0.0,0.0
2022-02-12,889264.0,86400.0,100.0,1024.0,115.86108333333334,17.5,307.5,0.0,0.0
2022-03-15,829680.0,82800.0,95.83333333333333,1024.0,184.52960869565217,39.0,348.5,0.0,0.0
2022-02-19,889259.0,86400.0,100.0,1024.0,142.083875,40.5,306.0,0.0,0.0
2022-02-04,889246.0,86400.0,100.0,1024.0,158.95258333333334,58.5,367.5,0.0,0.0
2022-03-13,889254.0,75600.0,87.5,512.0,62.59285714285714,10.0,180.5,0.0,0.0
2022-03-14,889443.0,86400.0,100.0,512.0,49.753708333333336,8.0,155.5,0.0,0.0
2022-03-12,889145.0,68400.0,79.16666666666667,1024.0,60.78331578947368,7.0,207.0,0.0,0.0
2022-02-05,787708.0,82800.0,95.83333333333333,1024.0,14.597695652173913,0.0,83.5,0.0,0.0
2022-03-14,889135.0,86400.0,100.0,1024.0,84.4395,20.5,199.5,0.0,0.0
2022-02-11,889185.0,86400.0,100.0,2048.0,113.6035,26.0,262.0,0.0,0.0
2022-02-18,889472.0,86400.0,100.0,256.0,44.909375,0.0,172.0,0.0,0.0
2022-02-17,889461.0,75600.0,87.5,512.0,60.37147619047619,10.5,196.0,0.0,0.0
2022-02-10,889308.0,86400.0,100.0,1024.0,72.07258333333333,15.0,191.0,0.0,0.0
2022-02-17,889502.0,72000.0,83.33333333333333,512.0,80.37485,0.0,175.0,0.0,0.0
2022-03-10,812038.0,82800.0,95.83333333333333,512.0,54.35886956521739,3.0,149.5,0.0,0.0
2022-02-06,889364.0,86400.0,100.0,1024.0,4.450291666666667,0.0,46.0,0.0,0.0
2022-02-03,889152.0,86400.0,100.0,1024.0,223.20666666666668,55.0,545.0,0.0,0.0
2022-02-06,34410.0,86400.0,100.0,256.0,83.449375,21.0,201.5,0.0,0.0
2022-03-07,889146.0,86400.0,100.0,512.0,23.84775,0.0,104.0,0.0,0.0
2022-02-17,889505.0,75600.0,87.5,512.0,23.744857142857143,0.0,79.5,0.0,0.0
2022-03-03,889414.0,86400.0,100.0,1024.0,139.39754166666665,27.5,309.0,0.0,0.0
2022-02-19,889276.0,86400.0,100.0,512.0,138.311625,25.0,478.0,0.0,0.0
2022-02-13,889394.0,86400.0,100.0,1024.0,101.31041666666667,23.0,237.0,0.0,0.0
2022-03-13,889146.0,75600.0,87.5,512.0,27.25990476190476,3.0,83.5,0.0,0.0
2022-02-04,889138.0,86400.0,100.0,1024.0,126.165375,30.0,281.5,0.0,0.0
2022-03-13,889340.0,75600.0,87.5,512.0,2.036095238095238,0.0,25.0,0.0,0.0
2022-03-06,90151603.0,79200.0,91.66666666666667,512.0,15.268818181818181,0.0,101.5,0.0,0.0
2022-03-13,821163.0,75600.0,87.5,512.0,60.516714285714286,7.5,168.5,0.0,0.0
2022-02-03,889486.0,86400.0,100.0,512.0,71.95345833333333,11.5,182.0,0.0,0.0
2022-02-12,889537.0,86400.0,100.0,256.0,33.46695833333333,6.0,112.5,0.0,0.0
2022-02-11,889278.0,86400.0,100.0,1024.0,216.58270833333333,0.0,530.0,0.0,0.0
2022-02-19,889364.0,86400.0,100.0,1024.0,3.359583333333333,0.0,48.5,0.0,0.0
2022-02-08,889531.0,86400.0,100.0,512.0,47.70291666666667,5.5,137.0,0.0,0.0
2022-02-08,830058.0,82800.0,95.83333333333333,512.0,50.19308695652174,0.0,151.5,0.0,0.0
2022-03-03,889138.0,86400.0,100.0,1024.0,123.74179166666667,20.0,263.0,0.0,0.0
2022-02-04,889504.0,86400.0,100.0,1024.0,82.05258333333333,5.0,305.0,0.0,0.0
2022-03-15,850291.0,86400.0,100.0,1024.0,148.81391666666667,25.5,407.5,0.0,0.0
2022-02-10,787708.0,86400.0,100.0,1024.0,24.846916666666665,0.0,95.5,0.0,0.0
2022-03-10,859422.0,82800.0,95.83333333333333,512.0,121.75308695652174,14.5,279.0,0.0,0.0
2022-02-05,889459.0,86400.0,100.0,512.0,34.716375,0.0,108.0,0.0,0.0
2022-03-10,889132.0,82800.0,95.83333333333333,512.0,30.78913043478261,3.5,84.0,0.0,0.0
2022-03-07,830652.0,86400.0,100.0,512.0,106.32216666666666,16.0,280.0,0.0,0.0
2022-03-12,839270.0,68400.0,79.16666666666667,512.0,28.86694736842105,3.0,97.0,0.0,0.0
2022-02-13,889360.0,86400.0,100.0,256.0,46.62558333333333,3.0,177.5,0.0,0.0
2022-02-19,889302.0,86400.0,100.0,512.0,84.943375,15.0,205.0,0.0,0.0
2022-03-14,889470.0,86400.0,100.0,512.0,81.81775,7.0,220.0,0.0,0.0
2022-03-06,889120.0,79200.0,91.66666666666667,1024.0,18.56609090909091,0.0,74.0,0.0,0.0
2022-02-03,889256.0,86400.0,100.0,256.0,19.471125,0.0,74.5,0.0,0.0
2022-02-05,873483.0,86400.0,100.0,512.0,96.23566666666666,18.5,304.5,0.0,0.0
2022-03-03,889377.0,86400.0,100.0,384.0,39.878,15.0,91.0,0.0,0.0
2022-02-04,889236.0,86400.0,100.0,1024.0,7.097041666666667,0.0,48.5,0.0,0.0
2022-03-06,889425.0,79200.0,91.66666666666667,512.0,65.13127272727273,13.0,177.5,0.0,0.0
2022-02-18,889486.0,86400.0,100.0,512.0,68.862,12.0,164.5,0.0,0.0
2022-03-10,889204.0,82800.0,95.83333333333333,512.0,91.51739130434783,15.0,283.0,0.0,0.0
2022-02-18,889360.0,86400.0,100.0,256.0,39.732416666666666,0.0,149.0,0.0,0.0
2022-02-08,889138.0,86400.0,100.0,1024.0,128.899625,27.0,285.0,0.0,0.0
2022-03-13,889401.0,75600.0,87.5,1024.0,136.45595238095237,25.0,310.0,0.0,0.0
2022-02-20,889406.0,86400.0,100.0,512.0,74.31916666666666,10.0,189.5,0.0,0.0
2022-02-20,889387.0,86400.0,100.0,1024.0,129.30925,20.5,261.5,0.0,0.0
2022-02-10,889283.0,86400.0,100.0,1024.0,137.02104166666666,36.5,320.0,0.0,0.0
2022-02-18,889302.0,86400.0,100.0,512.0,86.831375,21.5,194.5,0.0,0.0
2022-02-06,889413.0,86400.0,100.0,512.0,29.402958333333334,0.0,104.5,0.0,0.0
2022-02-08,810695.0,86400.0,100.0,512.0,67.46295833333333,6.5,218.0,0.0,0.0
2022-02-04,889157.0,86400.0,100.0,1024.0,93.51208333333334,26.0,212.0,0.0,0.0
2022-03-11,889505.0,82800.0,95.83333333333333,512.0,22.271652173913044,0.0,79.5,0.0,0.0
2022-02-08,889254.0,86400.0,100.0,512.0,58.25579166666667,9.0,180.0,0.0,0.0
2022-02-04,889233.0,86400.0,100.0,1024.0,153.32154166666666,32.0,501.5,0.0,0.0
2022-02-11,889412.0,86400.0,100.0,1024.0,162.62333333333333,33.0,439.0,0.0,0.0
2022-03-12,889178.0,68400.0,79.16666666666667,256.0,17.66863157894737,1.5,58.0,0.0,0.0
2022-02-11,889337.0,86400.0,100.0,1024.0,68.86441666666667,13.5,231.5,0.0,0.0
2022-03-03,889346.0,86400.0,100.0,1024.0,197.88829166666667,43.0,462.5,0.0,0.0
2022-03-15,889374.0,86400.0,100.0,1024.0,130.42929166666667,0.0,399.0,0.0,0.0
2022-03-14,810695.0,86400.0,100.0,512.0,53.124,4.0,161.0,0.0,0.0
2022-02-11,889195.0,86400.0,100.0,256.0,29.652416666666667,4.5,103.5,0.0,0.0
2022-02-05,889472.0,86400.0,100.0,256.0,49.54266666666667,5.5,169.5,0.0,0.0
2022-03-14,889535.0,86400.0,100.0,1024.0,55.795541666666665,7.0,171.5,0.0,0.0
2022-03-10,889147.0,82800.0,95.83333333333333,1024.0,133.08504347826087,19.0,259.0,0.0,0.0
2022-02-12,889503.0,86400.0,100.0,1024.0,67.53433333333334,7.5,247.5,0.0,0.0
2022-03-12,889476.0,68400.0,79.16666666666667,1024.0,175.62436842105262,48.5,407.5,0.0,0.0
2022-02-18,889211.0,86400.0,100.0,1024.0,279.33054166666665,74.0,663.0,0.0,0.0
2022-02-04,889205.0,86400.0,100.0,1024.0,151.2905,0.0,404.0,0.0,0.0
2022-03-15,889431.0,86400.0,100.0,1024.0,34.21391666666667,2.0,99.0,0.0,0.0
2022-02-03,889169.0,86400.0,100.0,512.0,50.956291666666665,2.0,156.5,0.0,0.0
2022-03-07,889413.0,86400.0,100.0,1024.0,39.034958333333336,2.0,145.5,0.0,0.0
2022-02-03,889133.0,86400.0,100.0,1024.0,108.628,29.0,277.0,0.0,0.0
2022-02-13,889391.0,86400.0,100.0,512.0,95.148625,18.0,255.5,0.0,0.0
2022-03-06,889124.0,79200.0,91.66666666666667,512.0,39.1555,1.5,111.5,0.0,0.0
2022-02-13,889421.0,86400.0,100.0,256.0,23.919958333333334,2.0,96.0,0.0,0.0
2022-02-04,889316.0,86400.0,100.0,1024.0,95.52233333333334,19.5,240.0,0.0,0.0
2022-03-10,889459.0,82800.0,95.83333333333333,512.0,34.06721739130435,0.0,115.5,0.0,0.0
2022-03-10,829680.0,82800.0,95.83333333333333,1024.0,220.06191304347826,50.5,491.5,0.0,0.0
2022-02-06,873337.0,86400.0,100.0,1024.0,82.19983333333333,14.5,221.5,0.0,0.0
2022-02-18,889233.0,86400.0,100.0,1024.0,162.14695833333334,0.0,589.5,0.0,0.0
2022-02-13,889317.0,86400.0,100.0,1024.0,75.71425,5.5,224.0,0.0,0.0
2022-03-13,889131.0,75600.0,87.5,512.0,36.57709523809524,4.0,116.0,0.0,0.0
2022-02-05,842681.0,86400.0,100.0,1024.0,119.01620833333334,26.0,233.5,10.6425,25.5
2022-03-13,873483.0,75600.0,87.5,512.0,89.40661904761905,9.5,263.0,0.0,0.0
2022-02-08,889422.0,86400.0,100.0,512.0,65.38454166666666,13.0,140.5,0.0,0.0
2022-02-05,827243.0,86400.0,100.0,1024.0,104.33070833333333,16.0,250.0,0.0,0.0
2022-02-05,889189.0,86400.0,100.0,1024.0,2.6489166666666666,0.0,47.5,0.0,0.0
2022-02-11,889420.0,86400.0,100.0,512.0,86.61433333333333,8.5,188.5,0.0,0.0
2022-02-04,889374.0,86400.0,100.0,1024.0,133.24425,29.0,336.5,0.0,0.0
2022-02-18,889346.0,86400.0,100.0,1024.0,213.59904166666666,44.0,509.5,0.0,0.0
2022-03-15,889188.0,86400.0,100.0,1024.0,19.084458333333334,0.0,78.5,0.0,0.0
2022-02-10,889366.0,86400.0,100.0,256.0,60.374,0.0,167.5,0.0,0.0
2022-02-05,889116.0,86400.0,100.0,1024.0,92.617375,24.0,252.5,0.0,0.0
2022-03-11,889370.0,86400.0,100.0,1024.0,17.561708333333332,1.5,68.5,0.0,0.0
2022-02-18,889281.0,86400.0,100.0,1024.0,83.13104166666666,12.0,252.5,0.0,0.0
2022-02-20,889131.0,86400.0,100.0,512.0,38.246583333333334,0.0,101.5,0.0,0.0
2022-02-12,889232.0,86400.0,100.0,256.0,16.076791666666665,1.5,76.0,0.0,0.0
2022-03-13,889432.0,75600.0,87.5,1024.0,136.45357142857142,32.0,341.5,0.0,0.0
2022-03-03,889475.0,86400.0,100.0,1024.0,46.39983333333333,1.5,141.5,0.0,0.0
2022-02-08,889395.0,86400.0,100.0,256.0,143.787875,35.0,257.0,0.0,0.0
2022-03-12,889210.0,68400.0,79.16666666666667,512.0,19.990052631578948,0.0,73.0,0.0,0.0
2022-02-20,793327.0,86400.0,100.0,512.0,99.53433333333334,25.5,216.5,0.0,0.0
2022-02-06,832306.0,86400.0,100.0,1024.0,110.426625,14.0,273.0,0.0,0.0
2022-02-12,889372.0,86400.0,100.0,256.0,23.77316666666667,0.5,110.5,0.0,0.0
2022-02-11,889474.0,86400.0,100.0,512.0,52.91225,7.5,143.5,0.0,0.0
2022-02-05,889361.0,86400.0,100.0,512.0,26.349708333333332,1.0,100.0,0.0,0.0
2022-02-03,889332.0,86400.0,100.0,1024.0,63.393166666666666,9.5,142.5,0.0,0.0
2022-02-05,889279.0,86400.0,100.0,512.0,82.01233333333333,11.0,196.0,0.0,0.0
2022-02-11,889419.0,86400.0,100.0,1024.0,55.42933333333333,4.5,186.5,0.0,0.0
2022-02-05,889421.0,86400.0,100.0,256.0,24.939625,0.0,93.5,0.0,0.0
2022-02-19,889197.0,86400.0,100.0,512.0,87.467875,22.5,213.5,0.0,0.0
2022-02-11,889138.0,86400.0,100.0,1024.0,125.33241666666666,29.0,242.0,0.0,0.0
2022-03-10,889161.0,82800.0,95.83333333333333,1024.0,151.17552173913043,10.5,349.0,0.0,0.0
2022-03-10,827243.0,82800.0,95.83333333333333,1024.0,92.75673913043478,0.0,256.5,0.0,0.0
2022-02-18,889241.0,86400.0,100.0,512.0,51.01620833333333,6.5,136.5,0.0,0.0
2022-02-10,889479.0,86400.0,100.0,512.0,46.61325,5.0,130.0,0.0,0.0
2022-02-10,889355.0,86400.0,100.0,1024.0,193.87975,52.5,406.5,0.0,0.0
2022-02-19,889206.0,86400.0,100.0,1024.0,82.74966666666667,0.0,281.0,0.0,0.0
2022-02-12,889298.0,86400.0,100.0,512.0,56.553041666666665,10.5,138.0,0.0,0.0
2022-02-12,889448.0,86400.0,100.0,1024.0,279.82325,30.5,599.5,0.0,0.0
2022-03-11,889193.0,86400.0,100.0,1024.0,44.369125,1.5,159.5,0.0,0.0
2022-03-06,889277.0,79200.0,91.66666666666667,512.0,107.97968181818182,0.0,271.0,0.0,0.0
2022-02-05,889287.0,86400.0,100.0,1024.0,173.28654166666666,31.5,423.5,0.0,0.0
2022-02-03,889135.0,86400.0,100.0,1024.0,97.59825,28.0,213.5,0.0,0.0
2022-02-05,889251.0,86400.0,100.0,512.0,61.079,8.5,169.0,0.0,0.0
2022-03-11,818103.0,86400.0,100.0,1024.0,111.13266666666667,22.0,234.5,0.0,0.0
2022-02-04,889483.0,86400.0,100.0,1024.0,115.606625,23.0,329.5,0.0,0.0
2022-03-13,889222.0,75600.0,87.5,512.0,38.33695238095238,0.5,118.5,0.0,0.0
2022-02-03,863612.0,86400.0,100.0,512.0,41.807916666666664,1.5,131.5,0.0,0.0
2022-03-13,889334.0,75600.0,87.5,512.0,32.01614285714286,1.5,150.0,0.0,0.0
2022-02-08,889386.0,86400.0,100.0,1024.0,28.404708333333332,0.0,96.0,0.0,0.0
2022-02-13,889315.0,86400.0,100.0,1024.0,118.99925,31.0,249.0,0.0,0.0
2022-03-10,842681.0,79200.0,91.66666666666667,1024.0,104.33445454545455,20.5,213.5,9.403318181818182,21.5
2022-02-04,889136.0,86400.0,100.0,512.0,50.358333333333334,0.0,152.0,0.0,0.0
2022-02-13,42078.0,86400.0,100.0,512.0,65.07691666666666,3.0,165.5,0.0,0.0
2022-02-13,889244.0,86400.0,100.0,1024.0,101.27633333333333,17.5,267.5,0.0,0.0
2022-02-06,889422.0,86400.0,100.0,512.0,66.31520833333333,11.5,168.5,0.0,0.0
2022-03-14,889139.0,86400.0,100.0,1024.0,102.48833333333333,10.0,300.5,0.0,0.0
2022-03-06,889116.0,79200.0,91.66666666666667,1024.0,100.19272727272727,0.0,321.0,0.0,0.0
2022-02-04,889260.0,86400.0,100.0,512.0,55.418875,1.0,139.5,0.0,0.0
2022-03-11,889123.0,86400.0,100.0,512.0,74.42708333333333,11.5,235.0,0.0,0.0
2022-03-03,889151.0,86400.0,100.0,1024.0,82.761875,12.5,218.5,0.0,0.0
2022-02-12,889446.0,86400.0,100.0,512.0,21.112208333333335,0.0,86.5,0.0,0.0
2022-02-08,889249.0,86400.0,100.0,1024.0,150.43054166666667,25.5,420.5,0.0,0.0
2022-02-11,889187.0,86400.0,100.0,1024.0,161.39795833333332,0.0,389.0,0.0,0.0
2022-02-12,889475.0,86400.0,100.0,1024.0,48.37354166666667,2.0,118.5,0.0,0.0
2022-02-05,889381.0,86400.0,100.0,1024.0,32.8275,0.0,106.0,0.0,0.0
2022-02-05,889249.0,86400.0,100.0,1024.0,154.18708333333333,15.0,369.0,0.0,0.0
2022-02-11,889277.0,86400.0,100.0,512.0,98.22975,17.5,282.0,0.0,0.0
2022-03-13,889460.0,75600.0,87.5,1024.0,201.17609523809523,47.0,378.0,0.0,0.0
2022-02-08,889216.0,82800.0,95.83333333333333,1024.0,93.58656521739131,0.0,283.0,0.0,0.0
2022-03-03,889248.0,86400.0,100.0,512.0,26.850666666666665,1.0,77.5,0.0,0.0
2022-03-03,889438.0,86400.0,100.0,1024.0,9.518666666666666,0.0,59.0,0.0,0.0
2022-02-05,889478.0,86400.0,100.0,512.0,15.48575,0.0,81.0,0.0,0.0
2022-03-06,874100.0,79200.0,91.66666666666667,512.0,32.90113636363636,1.0,113.0,0.0,0.0
2022-02-12,889309.0,86400.0,100.0,512.0,67.43504166666666,7.5,175.5,0.0,0.0
2022-02-18,889157.0,86400.0,100.0,1024.0,98.11908333333334,19.0,203.0,0.0,0.0
2022-03-14,22167.0,86400.0,100.0,512.0,26.24175,0.5,111.5,0.0,0.0
2022-02-18,817396.0,86400.0,100.0,256.0,41.001666666666665,0.0,151.0,0.0,0.0
2022-02-10,889275.0,86400.0,100.0,1024.0,96.714625,0.0,267.0,0.0,0.0
2022-02-17,889504.0,75600.0,87.5,1024.0,98.91304761904762,0.0,257.0,0.0,0.0
2022-02-03,856314.0,86400.0,100.0,512.0,55.784875,11.5,145.0,0.0,0.0
2022-02-20,889473.0,86400.0,100.0,512.0,26.95425,1.0,85.5,0.0,0.0
2022-02-04,889464.0,86400.0,100.0,1024.0,98.26808333333334,24.5,220.5,0.0,0.0
2022-02-17,889345.0,75600.0,87.5,256.0,2.9897142857142858,0.0,50.0,0.0,0.0
2022-02-19,889339.0,86400.0,100.0,256.0,24.571041666666666,1.5,80.0,0.0,0.0
2022-02-12,889510.0,86400.0,100.0,512.0,67.10345833333334,20.5,165.5,0.0,0.0
2022-03-15,889279.0,86400.0,100.0,512.0,88.17829166666667,12.0,217.0,0.0,0.0
2022-03-11,889415.0,86400.0,100.0,512.0,103.077875,20.0,233.5,0.0,0.0
2022-03-10,889451.0,82800.0,95.83333333333333,1024.0,208.63704347826086,52.5,428.0,0.0,0.0
2022-03-06,889359.0,79200.0,91.66666666666667,1024.0,223.56595454545456,0.0,558.5,0.0,0.0
2022-02-20,889439.0,86400.0,100.0,1024.0,78.37683333333334,15.0,173.5,0.0,0.0
2022-03-13,790895.0,75600.0,87.5,1024.0,38.07852380952381,1.5,126.5,0.0,0.0
2022-03-11,821005.0,86400.0,100.0,1024.0,46.597541666666665,2.5,145.0,0.0,0.0
2022-02-03,889233.0,86400.0,100.0,1024.0,152.914875,26.5,302.0,0.0,0.0
2022-03-02,889233.0,86400.0,100.0,1024.0,176.94166666666666,0.0,562.0,0.0,0.0
2022-02-05,889221.0,86400.0,100.0,512.0,55.00929166666667,9.0,145.0,0.0,0.0
2022-02-19,889184.0,86400.0,100.0,256.0,39.06304166666666,8.5,121.5,0.0,0.0
2022-03-14,889405.0,86400.0,100.0,512.0,21.375,0.0,79.0,0.0,0.0
2022-03-10,889495.0,82800.0,95.83333333333333,256.0,27.476,0.0,95.5,0.0,0.0
2022-02-06,889253.0,86400.0,100.0,1024.0,152.4075,30.0,452.0,0.0,0.0
2022-02-04,27472.0,86400.0,100.0,512.0,21.060625,2.0,75.5,0.0,0.0
2022-02-18,889473.0,86400.0,100.0,512.0,26.609375,2.0,83.5,0.0,0.0
2022-02-17,889488.0,75600.0,87.5,512.0,50.21952380952381,0.0,133.0,0.0,0.0
2022-02-11,821163.0,86400.0,100.0,512.0,55.743375,4.0,182.0,0.0,0.0
2022-03-15,889292.0,86400.0,100.0,256.0,48.66008333333333,0.0,135.0,0.0,0.0
2022-02-10,889183.0,82800.0,95.83333333333333,1024.0,34.54704347826087,0.0,97.0,0.0,0.0
2022-03-15,90151732.0,86400.0,100.0,512.0,24.765416666666667,0.0,92.5,0.0,0.0
2022-02-19,42078.0,86400.0,100.0,512.0,66.95091666666667,6.5,166.0,0.0,0.0
2022-02-10,889478.0,86400.0,100.0,512.0,16.526541666666667,0.0,65.5,0.0,0.0
2022-03-12,889238.0,68400.0,79.16666666666667,512.0,68.53647368421052,0.0,203.5,0.0,0.0
2022-03-07,889286.0,86400.0,100.0,1024.0,89.823875,0.0,245.5,0.0,0.0
2022-02-13,889119.0,86400.0,100.0,1024.0,74.469125,3.0,236.0,0.0,0.0
2022-02-03,889127.0,86400.0,100.0,1024.0,127.86708333333333,10.0,341.0,0.0,0.0
2022-02-04,889356.0,86400.0,100.0,1024.0,55.91945833333333,3.5,192.5,0.0,0.0
2022-02-05,889508.0,86400.0,100.0,512.0,51.442375,11.0,128.0,0.0,0.0
2022-02-08,889371.0,86400.0,100.0,1024.0,155.06254166666668,39.5,348.5,0.0,0.0
2022-03-12,889400.0,68400.0,79.16666666666667,1024.0,133.1262105263158,36.5,248.5,0.0,0.0
2022-03-07,889354.0,82800.0,95.83333333333333,1024.0,100.31182608695651,20.5,222.5,0.0,0.0
2022-03-06,889251.0,79200.0,91.66666666666667,512.0,45.652272727272724,8.0,114.5,0.0,0.0
2022-02-04,889344.0,86400.0,100.0,1024.0,29.882291666666667,5.5,102.5,0.0,0.0
2022-02-06,889449.0,86400.0,100.0,1024.0,87.21704166666666,12.0,205.5,0.0,0.0
2022-02-12,889425.0,86400.0,100.0,512.0,61.63041666666667,11.5,156.5,0.0,0.0
2022-03-03,889534.0,86400.0,100.0,1024.0,117.20033333333333,21.5,365.5,0.0,0.0
2022-02-05,889161.0,82800.0,95.83333333333333,1024.0,180.59895652173913,0.0,401.0,0.0,0.0
2022-02-12,889142.0,86400.0,100.0,512.0,58.64308333333334,16.5,166.5,0.0,0.0
2022-02-19,889397.0,86400.0,100.0,1024.0,221.34733333333332,0.0,659.0,0.0,0.0
2022-02-12,889183.0,86400.0,100.0,1024.0,36.41608333333333,0.0,100.0,0.0,0.0
2022-02-08,889514.0,86400.0,100.0,1024.0,187.11829166666666,58.0,425.0,0.0,0.0
2022-02-17,889352.0,75600.0,87.5,1024.0,140.57961904761905,32.5,304.0,0.0,0.0
2022-02-08,889167.0,86400.0,100.0,1024.0,161.21116666666666,34.5,373.0,0.0,0.0
2022-02-04,889425.0,86400.0,100.0,512.0,64.17829166666667,8.5,167.0,0.0,0.0
2022-03-14,852667.0,86400.0,100.0,512.0,11.395708333333333,0.0,64.5,0.0,0.0
2022-02-06,889417.0,86400.0,100.0,1024.0,19.048291666666668,2.5,77.5,0.0,0.0
2022-02-20,889405.0,86400.0,100.0,512.0,20.231791666666666,0.0,97.0,0.0,0.0
2022-02-08,893255.0,86400.0,100.0,512.0,88.23254166666666,0.0,203.5,0.0,0.0
2022-02-05,889272.0,86400.0,100.0,512.0,84.695875,12.5,180.5,0.0,0.0
2022-03-15,889318.0,86400.0,100.0,768.0,124.23329166666667,25.5,518.5,0.0,0.0
2022-02-10,812038.0,86400.0,100.0,512.0,60.75333333333333,7.5,171.0,0.0,0.0
2022-02-06,889280.0,86400.0,100.0,1024.0,91.996,2.5,236.0,0.0,0.0
2022-02-10,889357.0,79200.0,91.66666666666667,512.0,57.22531818181818,17.0,146.5,0.0,0.0
2022-02-18,889284.0,86400.0,100.0,256.0,25.337333333333333,1.5,119.5,0.0,0.0
2022-03-14,889178.0,86400.0,100.0,256.0,15.43,0.0,72.5,0.0,0.0
2022-02-04,889402.0,86400.0,100.0,512.0,76.47729166666667,14.0,197.0,0.0,0.0
2022-02-18,889115.0,86400.0,100.0,256.0,30.33275,2.0,117.5,0.0,0.0
2022-03-11,889248.0,86400.0,100.0,512.0,26.406291666666668,1.0,105.5,0.0,0.0
2022-02-10,889297.0,86400.0,100.0,1024.0,72.40758333333333,17.5,200.0,0.0,0.0
2022-02-04,889498.0,86400.0,100.0,512.0,35.98775,10.0,113.0,0.0,0.0
2022-02-19,889486.0,86400.0,100.0,512.0,67.473,12.5,161.5,0.0,0.0
2022-02-10,889215.0,86400.0,100.0,1024.0,121.489125,23.0,283.0,0.0,0.0
2022-02-12,889177.0,86400.0,100.0,1024.0,172.94383333333334,53.5,318.5,0.0,0.0
2022-03-06,889533.0,79200.0,91.66666666666667,1024.0,27.062363636363635,1.5,80.5,0.0,0.0
2022-03-15,889276.0,86400.0,100.0,512.0,132.24879166666668,20.5,383.0,0.0,0.0
2022-02-19,889156.0,86400.0,100.0,1024.0,91.73904166666667,13.0,221.5,0.0,0.0
2022-02-19,830082.0,86400.0,100.0,512.0,20.638041666666666,0.0,81.0,0.0,0.0
2022-03-11,90151450.0,86400.0,100.0,512.0,20.704833333333333,0.0,109.0,0.0,0.0
2022-02-13,889361.0,86400.0,100.0,512.0,25.290916666666668,1.5,96.5,0.0,0.0
2022-03-14,889491.0,86400.0,100.0,1024.0,116.27779166666667,25.5,297.0,0.0,0.0
2022-02-03,889417.0,86400.0,100.0,1024.0,18.551291666666668,0.0,77.5,0.0,0.0
2022-03-07,889416.0,82800.0,95.83333333333333,1024.0,74.37473913043478,0.0,210.0,0.0,0.0
2022-02-20,889161.0,86400.0,100.0,1024.0,201.09645833333335,38.5,406.0,0.0,0.0
2022-02-06,889434.0,86400.0,100.0,1024.0,40.471833333333336,0.0,121.5,0.0,0.0
2022-02-18,862192.0,86400.0,100.0,1024.0,113.58658333333334,19.5,265.0,0.0,0.0
2022-02-12,787708.0,86400.0,100.0,1024.0,18.367041666666665,0.0,80.0,0.0,0.0
2022-03-07,889510.0,86400.0,100.0,512.0,71.94225,14.0,265.0,0.0,0.0
2022-02-13,889431.0,86400.0,100.0,1024.0,35.5525,3.0,110.5,0.0,0.0
2022-02-10,889475.0,86400.0,100.0,1024.0,48.107166666666664,3.5,135.5,0.0,0.0
2022-03-14,889243.0,86400.0,100.0,1024.0,153.74479166666666,26.5,318.0,0.0,0.0
2022-03-03,832306.0,86400.0,100.0,1024.0,122.339,0.0,308.0,0.0,0.0
2022-03-07,889518.0,82800.0,95.83333333333333,1024.0,159.25517391304348,0.0,409.5,0.0,0.0
2022-03-06,889294.0,79200.0,91.66666666666667,1024.0,190.4276818181818,58.5,397.5,0.0,0.0
2022-02-08,889384.0,86400.0,100.0,1024.0,167.34758333333335,0.0,595.5,0.0,0.0
2022-02-11,889411.0,86400.0,100.0,512.0,57.104625,0.0,149.0,0.0,0.0
2022-03-15,889309.0,72000.0,83.33333333333333,512.0,104.34355,0.0,281.0,0.0,0.0
2022-03-13,889491.0,75600.0,87.5,1024.0,120.49809523809523,27.0,255.0,0.0,0.0
2022-03-13,889165.0,75600.0,87.5,1024.0,175.44385714285715,35.5,380.5,0.0,0.0
2022-02-17,889245.0,75600.0,87.5,1024.0,83.21152380952381,11.5,196.0,0.0,0.0
2022-02-20,889492.0,86400.0,100.0,1024.0,40.793083333333335,0.0,122.0,0.0,0.0
2022-03-13,840463.0,75600.0,87.5,512.0,52.54442857142857,4.5,147.5,0.0,0.0
2022-02-10,889198.0,86400.0,100.0,1024.0,31.76475,2.0,105.0,0.0,0.0
2022-02-10,889505.0,86400.0,100.0,512.0,16.958,0.0,87.5,0.0,0.0
2022-03-06,889455.0,79200.0,91.66666666666667,1024.0,19.062363636363635,0.0,114.0,0.0,0.0
2022-02-04,889474.0,86400.0,100.0,512.0,53.50491666666667,7.5,145.5,0.0,0.0
2022-03-06,889473.0,79200.0,91.66666666666667,512.0,27.93631818181818,3.5,83.0,0.0,0.0
2022-02-20,889206.0,86400.0,100.0,1024.0,75.77029166666667,0.0,220.0,0.0,0.0
2022-02-05,889523.0,86400.0,100.0,1024.0,163.46920833333334,25.5,358.5,0.0,0.0
2022-02-08,889209.0,86400.0,100.0,1024.0,109.36354166666666,21.0,211.5,0.0,0.0
2022-02-13,889400.0,86400.0,100.0,1024.0,137.35583333333332,37.5,310.0,0.0,0.0
2022-02-11,859488.0,86400.0,100.0,256.0,17.513125,0.0,79.0,0.0,0.0
2022-03-11,889488.0,86400.0,100.0,512.0,46.26954166666667,2.0,128.0,0.0,0.0
2022-02-08,889128.0,86400.0,100.0,512.0,67.23504166666666,3.0,211.5,0.0,0.0
2022-03-10,889246.0,82800.0,95.83333333333333,1024.0,156.81021739130435,47.5,365.5,0.0,0.0
2022-03-06,839270.0,79200.0,91.66666666666667,512.0,25.83209090909091,1.0,96.0,0.0,0.0
2022-03-12,889510.0,68400.0,79.16666666666667,512.0,90.45573684210527,20.0,336.0,0.0,0.0
2022-02-19,889367.0,86400.0,100.0,256.0,57.788875,4.5,218.5,0.0,0.0
2022-02-20,889515.0,86400.0,100.0,512.0,9.9555,0.0,59.5,0.0,0.0
2022-02-03,889369.0,86400.0,100.0,1024.0,112.36091666666667,26.0,253.0,0.0,0.0
2022-03-14,889132.0,86400.0,100.0,512.0,28.164708333333333,2.0,101.5,0.0,0.0
2022-02-11,889441.0,86400.0,100.0,512.0,36.806625,5.5,110.0,0.0,0.0
2022-03-07,889205.0,86400.0,100.0,1024.0,71.82720833333333,0.0,420.5,0.0,0.0
2022-03-03,889277.0,86400.0,100.0,512.0,99.57220833333334,13.0,306.0,0.0,0.0
2022-02-05,889183.0,86400.0,100.0,1024.0,34.8945,0.0,98.0,0.0,0.0
2022-03-14,889134.0,86400.0,100.0,1024.0,117.583375,0.0,349.5,0.0,0.0
2022-03-13,889385.0,75600.0,87.5,1024.0,146.3194761904762,29.5,322.5,0.0,0.0
2022-03-14,889291.0,86400.0,100.0,512.0,57.14420833333333,5.0,178.0,0.0,0.0
2022-03-10,889375.0,82800.0,95.83333333333333,1024.0,119.88760869565218,0.0,262.5,0.0,0.0
2022-02-08,889184.0,86400.0,100.0,256.0,38.22625,8.5,116.5,0.0,0.0
2022-03-11,889285.0,86400.0,100.0,512.0,90.67995833333333,20.5,218.0,0.0,0.0
2022-03-10,889213.0,82800.0,95.83333333333333,1024.0,121.01360869565218,26.5,311.5,0.0,0.0
2022-02-10,889132.0,79200.0,91.66666666666667,512.0,9.125863636363636,0.0,66.0,0.0,0.0
2022-02-17,889258.0,75600.0,87.5,512.0,40.43109523809524,0.5,108.5,0.0,0.0
2022-03-06,889504.0,79200.0,91.66666666666667,1024.0,66.54827272727273,1.0,254.5,0.0,0.0
2022-02-19,889476.0,86400.0,100.0,1024.0,186.062125,46.0,389.0,0.0,0.0
2022-03-13,889420.0,75600.0,87.5,512.0,79.8445238095238,0.0,176.5,0.0,0.0
2022-02-08,889535.0,86400.0,100.0,1024.0,47.46908333333333,5.0,173.5,0.0,0.0
2022-03-14,830429.0,86400.0,100.0,1024.0,146.91166666666666,25.5,298.0,0.0,0.0
2022-02-11,889398.0,86400.0,100.0,512.0,69.98220833333333,0.0,171.5,0.0,0.0
2022-03-06,859422.0,79200.0,91.66666666666667,512.0,78.50309090909091,12.0,192.5,0.0,0.0
2022-02-17,792987.0,75600.0,87.5,256.0,134.28957142857143,26.0,257.0,0.0,0.0
2022-02-19,810456.0,86400.0,100.0,512.0,12.990375,0.0,59.0,0.0,0.0
2022-02-17,889246.0,75600.0,87.5,1024.0,171.51052380952382,48.5,410.0,0.0,0.0
2022-03-12,889271.0,68400.0,79.16666666666667,512.0,69.73731578947368,0.0,167.0,0.0,0.0
2022-02-17,889207.0,75600.0,87.5,512.0,55.34128571428572,0.0,152.5,0.0,0.0
2022-02-18,889264.0,86400.0,100.0,1024.0,99.116,18.0,245.0,0.0,0.0
2022-03-14,889530.0,86400.0,100.0,1024.0,103.65129166666667,15.5,261.5,0.0,0.0
2022-02-08,889179.0,86400.0,100.0,1024.0,24.236791666666665,0.0,101.5,0.0,0.0
2022-02-13,889479.0,86400.0,100.0,512.0,47.25116666666667,8.0,156.5,0.0,0.0
2022-03-07,842681.0,86400.0,100.0,1024.0,109.83491666666667,27.0,269.0,9.633625,24.0
2022-03-14,889183.0,86400.0,100.0,1024.0,40.566916666666664,0.0,101.5,0.0,0.0
2022-02-03,889453.0,86400.0,100.0,512.0,49.65195833333333,4.5,167.5,0.0,0.0
2022-02-06,889241.0,86400.0,100.0,512.0,46.350208333333335,4.0,150.0,0.0,0.0
2022-02-04,889163.0,86400.0,100.0,512.0,44.727,5.5,133.5,0.0,0.0
2022-02-10,889399.0,86400.0,100.0,1024.0,117.656125,32.5,311.0,0.0,0.0
2022-02-08,889516.0,82800.0,95.83333333333333,512.0,17.452782608695653,0.0,89.5,0.0,0.0
2022-02-17,889267.0,75600.0,87.5,512.0,93.87590476190476,6.0,217.5,0.0,0.0
2022-02-04,889521.0,86400.0,100.0,1024.0,72.4465,15.5,163.0,0.0,0.0
2022-02-12,889207.0,86400.0,100.0,512.0,40.46525,0.0,146.0,0.0,0.0
2022-03-06,889255.0,79200.0,91.66666666666667,512.0,48.05745454545455,7.0,142.0,0.0,0.0
2022-02-06,889119.0,86400.0,100.0,1024.0,69.25491666666667,1.0,230.0,0.0,0.0
2022-03-10,889452.0,82800.0,95.83333333333333,512.0,47.91504347826087,0.0,145.5,0.0,0.0
2022-02-03,832758.0,86400.0,100.0,512.0,33.210708333333336,1.5,113.0,0.0,0.0
2022-03-06,889373.0,79200.0,91.66666666666667,512.0,95.35736363636363,25.0,204.0,0.0,0.0
2022-03-03,889296.0,86400.0,100.0,512.0,36.12404166666666,3.0,130.5,0.0,0.0
2022-02-03,11634.0,82800.0,95.83333333333333,512.0,83.26665217391304,0.0,192.5,0.0,0.0
2022-02-03,889432.0,86400.0,100.0,1024.0,143.06670833333334,46.0,324.0,0.0,0.0
2022-02-04,889122.0,86400.0,100.0,1024.0,154.98766666666666,18.0,354.5,0.0,0.0
2022-02-08,889376.0,86400.0,100.0,512.0,75.340625,3.0,196.5,0.0,0.0
2022-03-12,889296.0,68400.0,79.16666666666667,512.0,43.435736842105264,1.5,136.0,0.0,0.0
2022-03-07,889534.0,86400.0,100.0,1024.0,111.04795833333333,19.0,328.5,0.0,0.0
2022-02-05,889117.0,86400.0,100.0,1024.0,139.97241666666667,21.0,384.5,0.0,0.0
2022-03-12,889224.0,68400.0,79.16666666666667,1024.0,52.66115789473684,4.0,148.5,0.0,0.0
2022-02-11,889276.0,86400.0,100.0,512.0,142.21304166666667,17.0,512.5,0.0,0.0
2022-02-04,889288.0,86400.0,100.0,512.0,32.494166666666665,0.0,138.0,0.0,0.0
2022-02-18,889428.0,86400.0,100.0,256.0,3.476125,0.0,25.5,0.0,0.0
2022-02-04,889489.0,86400.0,100.0,512.0,67.45608333333334,17.5,172.5,0.0,0.0
2022-02-08,889225.0,86400.0,100.0,512.0,26.747375,1.0,113.5,0.0,0.0
2022-02-11,889496.0,86400.0,100.0,1024.0,24.299041666666668,0.0,123.5,0.0,0.0
2022-03-06,889303.0,79200.0,91.66666666666667,1024.0,167.4386818181818,0.0,452.5,0.0,0.0
2022-02-11,889534.0,86400.0,100.0,1024.0,114.25845833333334,21.5,338.0,0.0,0.0
2022-02-13,889251.0,86400.0,100.0,512.0,47.011125,9.5,124.5,0.0,0.0
2022-02-08,889444.0,86400.0,100.0,256.0,12.582041666666667,0.0,63.0,0.0,0.0
2022-03-11,794244.0,86400.0,100.0,1024.0,110.63395833333334,23.0,248.5,0.0,0.0
2022-02-20,889278.0,86400.0,100.0,1024.0,178.0215,60.0,338.5,0.0,0.0
2022-02-19,889181.0,82800.0,95.83333333333333,512.0,58.37156521739131,16.0,127.0,0.0,0.0
2022-03-03,889231.0,86400.0,100.0,1024.0,38.51475,3.5,129.5,0.0,0.0
2022-03-10,889269.0,82800.0,95.83333333333333,1024.0,234.18604347826087,53.0,572.5,0.0,0.0
2022-02-06,889343.0,86400.0,100.0,1024.0,168.30570833333334,31.0,409.5,0.0,0.0
2022-02-11,889539.0,75600.0,87.5,1024.0,116.41028571428572,33.0,275.0,0.0,0.0
2022-02-12,889333.0,86400.0,100.0,512.0,63.34733333333333,0.0,140.0,0.0,0.0
2022-03-14,889384.0,86400.0,100.0,1024.0,60.436625,3.5,192.5,0.0,0.0
2022-02-05,889375.0,86400.0,100.0,1024.0,116.989375,25.0,281.5,0.0,0.0
2022-03-14,42078.0,86400.0,100.0,512.0,55.548791666666666,4.5,176.0,0.0,0.0
2022-02-10,889437.0,86400.0,100.0,512.0,59.53641666666667,6.0,167.0,0.0,0.0
2022-02-03,889436.0,86400.0,100.0,512.0,57.82145833333333,6.5,168.0,0.0,0.0
2022-02-18,889505.0,86400.0,100.0,512.0,21.702291666666667,0.0,83.5,0.0,0.0
2022-02-06,863515.0,86400.0,100.0,1024.0,58.502,9.0,173.5,0.0,0.0
2022-02-05,28998.0,86400.0,100.0,512.0,34.491416666666666,2.5,132.5,0.0,0.0
2022-03-07,889352.0,86400.0,100.0,1024.0,135.45083333333332,40.0,347.5,0.0,0.0
2022-03-09,889352.0,3600.0,4.166666666666667,1024.0,156.596,119.0,254.0,0.0,0.0
2022-02-13,889348.0,86400.0,100.0,1024.0,176.12720833333333,32.0,387.0,0.0,0.0
2022-02-20,889217.0,86400.0,100.0,1024.0,46.34404166666667,8.5,122.0,0.0,0.0
2022-02-10,889181.0,86400.0,100.0,512.0,59.178625,14.5,131.0,0.0,0.0
2022-02-10,889453.0,86400.0,100.0,512.0,47.7135,0.0,169.0,0.0,0.0
2022-02-18,889189.0,86400.0,100.0,1024.0,1.6985,0.0,31.5,0.0,0.0
2022-02-20,889475.0,86400.0,100.0,1024.0,53.061125,7.0,120.5,0.0,0.0
2022-02-08,889189.0,86400.0,100.0,1024.0,1.526625,0.0,29.0,0.0,0.0
2022-02-04,889531.0,86400.0,100.0,512.0,51.55833333333333,1.0,127.5,0.0,0.0
2022-02-06,889213.0,86400.0,100.0,1024.0,160.69208333333333,23.5,319.5,0.0,0.0
2022-03-10,889327.0,79200.0,91.66666666666667,512.0,27.19531818181818,0.0,96.0,0.0,0.0
2022-02-20,889404.0,86400.0,100.0,512.0,39.312125,4.0,140.0,0.0,0.0
2022-03-14,889298.0,75600.0,87.5,512.0,45.22542857142857,0.0,138.5,0.0,0.0
2022-02-04,889129.0,86400.0,100.0,512.0,55.730916666666666,7.0,171.0,0.0,0.0
2022-02-10,889319.0,86400.0,100.0,512.0,13.780375,0.0,87.0,0.0,0.0
2022-03-12,889259.0,68400.0,79.16666666666667,1024.0,169.99315789473684,32.5,334.0,0.0,0.0
2022-03-13,889163.0,75600.0,87.5,512.0,46.48495238095238,5.5,126.5,0.0,0.0
2022-02-06,33496.0,86400.0,100.0,512.0,105.469875,28.0,240.5,0.0,0.0
2022-02-19,832031.0,86400.0,100.0,1024.0,141.15833333333333,24.0,398.0,0.0,0.0
2022-02-05,889377.0,86400.0,100.0,384.0,36.24829166666667,0.0,90.0,0.0,0.0
2022-02-12,889359.0,86400.0,100.0,1024.0,197.23270833333333,50.5,522.5,0.0,0.0
2022-03-10,889236.0,82800.0,95.83333333333333,1024.0,6.959260869565218,0.0,48.0,0.0,0.0
2022-02-04,42078.0,86400.0,100.0,512.0,59.35975,0.0,159.0,0.0,0.0
2022-02-18,889286.0,86400.0,100.0,1024.0,52.921166666666664,0.0,199.0,0.0,0.0
2022-03-06,889292.0,79200.0,91.66666666666667,256.0,56.54018181818182,0.0,136.0,0.0,0.0
2022-03-13,889417.0,75600.0,87.5,1024.0,17.825619047619046,0.5,74.0,0.0,0.0
2022-02-11,889361.0,86400.0,100.0,512.0,24.295291666666667,1.0,82.0,0.0,0.0
2022-03-06,889476.0,79200.0,91.66666666666667,1024.0,194.5009090909091,50.5,433.0,0.0,0.0
2022-03-07,889429.0,86400.0,100.0,512.0,72.236375,9.0,217.5,0.0,0.0
2022-02-12,889247.0,86400.0,100.0,1024.0,43.816,0.0,143.5,0.0,0.0
2022-02-08,863612.0,86400.0,100.0,512.0,44.044333333333334,0.5,136.0,0.0,0.0
2022-02-12,889480.0,86400.0,100.0,256.0,12.835583333333334,0.0,60.0,0.0,0.0
2022-02-05,889160.0,86400.0,100.0,512.0,41.27229166666667,3.0,146.5,0.0,0.0
2022-02-06,889340.0,86400.0,100.0,512.0,2.4480416666666667,0.0,38.5,0.0,0.0
2022-02-06,889234.0,79200.0,91.66666666666667,512.0,31.30018181818182,0.0,98.0,0.0,0.0
2022-03-07,889373.0,86400.0,100.0,512.0,107.01566666666666,23.5,230.5,0.0,0.0
2022-02-04,889395.0,86400.0,100.0,256.0,147.88833333333332,35.0,256.5,0.0,0.0
2022-02-05,889360.0,86400.0,100.0,256.0,46.01283333333333,5.0,151.0,0.0,0.0
2022-02-03,889315.0,86400.0,100.0,1024.0,136.32395833333334,33.0,271.0,0.0,0.0
2022-03-11,889332.0,86400.0,100.0,1024.0,61.292875,10.0,146.0,0.0,0.0
2022-02-13,889535.0,86400.0,100.0,1024.0,60.456583333333334,13.0,160.0,0.0,0.0
2022-02-19,856314.0,86400.0,100.0,512.0,52.139041666666664,7.5,120.5,0.0,0.0
2022-03-10,889497.0,82800.0,95.83333333333333,1024.0,212.50013043478262,36.0,785.0,0.0,0.0
2022-03-07,889167.0,86400.0,100.0,1024.0,142.331125,37.0,328.0,0.0,0.0
2022-02-17,889417.0,75600.0,87.5,1024.0,29.631809523809522,2.0,89.5,0.0,0.0
2022-02-12,842681.0,86400.0,100.0,1024.0,118.84245833333334,34.0,243.5,10.074458333333334,22.5
2022-03-11,889459.0,86400.0,100.0,512.0,34.06883333333333,1.5,125.0,0.0,0.0
2022-02-05,889534.0,86400.0,100.0,1024.0,118.02991666666667,16.5,319.0,0.0,0.0
2022-02-03,889269.0,86400.0,100.0,1024.0,257.082875,67.5,569.0,0.0,0.0
2022-02-05,889158.0,86400.0,100.0,1024.0,148.75295833333334,45.5,316.5,0.0,0.0
2022-03-13,832758.0,75600.0,87.5,512.0,32.19833333333333,0.0,119.0,0.0,0.0
2022-02-19,840463.0,86400.0,100.0,512.0,88.9365,9.5,187.0,0.0,0.0
2022-02-03,889326.0,86400.0,100.0,512.0,59.17066666666667,0.0,157.0,0.0,0.0
2022-02-18,889297.0,86400.0,100.0,1024.0,78.18541666666667,22.0,198.0,0.0,0.0
2022-03-14,889521.0,86400.0,100.0,1024.0,70.07566666666666,12.5,179.5,0.0,0.0
2022-03-13,889499.0,72000.0,83.33333333333333,512.0,74.01715,0.0,198.0,0.0,0.0
2022-03-07,889300.0,86400.0,100.0,512.0,78.25241666666666,16.0,208.0,0.0,0.0
2022-03-10,82661560.0,82800.0,95.83333333333333,1024.0,88.38991304347826,0.0,214.0,0.0,0.0
2022-02-17,889229.0,75600.0,87.5,1024.0,5.201619047619047,0.0,61.0,0.0,0.0
2022-03-10,889384.0,82800.0,95.83333333333333,1024.0,60.17913043478261,3.0,180.5,0.0,0.0
2022-02-04,889379.0,86400.0,100.0,512.0,35.412625,0.0,148.5,0.0,0.0
2022-03-14,889389.0,86400.0,100.0,1024.0,150.82929166666668,21.0,438.5,0.0,0.0
2022-02-05,889119.0,86400.0,100.0,1024.0,70.876125,0.0,272.0,0.0,0.0
2022-03-06,889143.0,79200.0,91.66666666666667,512.0,8.678636363636363,0.0,57.0,0.0,0.0
2022-03-12,889445.0,68400.0,79.16666666666667,512.0,85.44068421052631,4.0,199.5,0.0,0.0
2022-03-07,827243.0,86400.0,100.0,1024.0,91.005125,14.5,246.5,0.0,0.0
2022-02-06,889174.0,86400.0,100.0,512.0,84.61033333333333,9.5,290.5,0.0,0.0
2022-02-20,889459.0,86400.0,100.0,512.0,32.36533333333333,0.0,113.5,0.0,0.0
2022-03-12,889184.0,68400.0,79.16666666666667,256.0,49.28052631578947,6.0,185.0,0.0,0.0
2022-03-06,889140.0,79200.0,91.66666666666667,1024.0,211.0909090909091,36.0,478.0,0.0,0.0
2022-02-05,889308.0,86400.0,100.0,1024.0,68.75491666666667,11.0,151.5,0.0,0.0
2022-02-03,889188.0,86400.0,100.0,1024.0,14.814875,0.0,78.0,0.0,0.0
2022-03-15,889396.0,86400.0,100.0,512.0,50.124625,3.5,172.0,0.0,0.0
2022-02-04,889178.0,86400.0,100.0,256.0,16.855375,0.0,78.5,0.0,0.0
2022-02-03,889242.0,86400.0,100.0,1024.0,194.01975,60.0,451.5,0.0,0.0
2022-03-10,889314.0,82800.0,95.83333333333333,1024.0,190.38108695652173,0.0,427.5,0.0,0.0
2022-03-06,889182.0,79200.0,91.66666666666667,1024.0,8.832045454545455,0.0,49.5,0.0,0.0
2022-03-15,889248.0,82800.0,95.83333333333333,512.0,26.916695652173914,0.5,95.5,0.0,0.0
2022-03-07,889417.0,86400.0,100.0,1024.0,18.68525,0.0,77.5,0.0,0.0
2022-02-18,889214.0,86400.0,100.0,1024.0,116.85191666666667,45.5,247.0,11.053875,23.5
2022-03-07,889235.0,86400.0,100.0,1024.0,195.35083333333333,0.0,457.0,0.0,0.0
2022-02-13,889131.0,86400.0,100.0,512.0,37.860791666666664,5.0,125.5,0.0,0.0
2022-02-13,889116.0,86400.0,100.0,1024.0,92.347125,26.0,249.0,0.0,0.0
2022-03-07,889293.0,86400.0,100.0,1024.0,127.13954166666667,18.5,284.5,0.0,0.0
2022-03-15,889335.0,86400.0,100.0,512.0,38.180708333333335,4.5,114.0,0.0,0.0
2022-02-05,889155.0,86400.0,100.0,1024.0,101.40975,29.0,213.0,4.785541666666667,13.5
2022-02-05,889255.0,86400.0,100.0,512.0,65.04833333333333,7.5,180.0,0.0,0.0
2022-02-17,889520.0,75600.0,87.5,512.0,73.89038095238095,22.5,178.5,0.0,0.0
2022-02-13,889224.0,86400.0,100.0,1024.0,53.25691666666667,10.0,147.5,0.0,0.0
2022-02-19,889128.0,86400.0,100.0,512.0,104.68733333333333,9.5,271.5,0.0,0.0
2022-03-10,889318.0,82800.0,95.83333333333333,768.0,127.2141304347826,23.5,300.0,0.0,0.0
2022-03-15,889262.0,86400.0,100.0,1024.0,126.64575,0.0,284.0,0.0,0.0
2022-02-11,817396.0,86400.0,100.0,256.0,50.782375,5.5,185.0,0.0,0.0
2022-03-14,790895.0,86400.0,100.0,1024.0,35.3305,4.0,125.0,0.0,0.0
2022-03-06,810456.0,79200.0,91.66666666666667,512.0,12.595181818181818,0.5,62.5,0.0,0.0
2022-02-03,889506.0,86400.0,100.0,1024.0,216.62275,58.5,424.5,0.0,0.0
2022-03-10,889357.0,82800.0,95.83333333333333,512.0,66.20960869565218,21.0,156.0,0.0,0.0
2022-03-13,889261.0,75600.0,87.5,1024.0,57.250142857142855,5.5,165.5,0.0,0.0
2022-02-03,889411.0,86400.0,100.0,512.0,55.50870833333333,9.5,140.0,0.0,0.0
2022-02-19,889290.0,86400.0,100.0,1024.0,142.242625,14.5,345.5,0.0,0.0
2022-03-03,792987.0,86400.0,100.0,256.0,54.89808333333333,5.5,167.5,0.0,0.0
2022-02-06,889282.0,86400.0,100.0,1024.0,23.590166666666665,0.0,90.0,0.0,0.0
2022-02-10,889344.0,86400.0,100.0,1024.0,29.0145,3.0,106.0,0.0,0.0
2022-02-18,889344.0,86400.0,100.0,1024.0,30.791875,2.5,113.5,0.0,0.0
2022-02-12,889402.0,86400.0,100.0,512.0,73.241875,15.5,230.0,0.0,0.0
2022-02-12,832306.0,86400.0,100.0,1024.0,112.37308333333333,0.0,296.5,0.0,0.0
2022-02-04,829680.0,64800.0,75.0,1024.0,228.41255555555554,71.0,452.5,0.0,0.0
2022-02-10,889313.0,86400.0,100.0,256.0,17.875416666666666,0.0,86.5,0.0,0.0
2022-03-11,889446.0,86400.0,100.0,512.0,22.903416666666665,2.0,88.5,0.0,0.0
2022-02-11,889209.0,86400.0,100.0,1024.0,107.53258333333333,24.0,235.0,0.0,0.0
2022-02-20,889113.0,86400.0,100.0,1024.0,48.699125,7.0,151.5,0.0,0.0
2022-02-18,889293.0,86400.0,100.0,1024.0,138.646625,31.0,278.5,0.0,0.0
2022-03-11,889516.0,86400.0,100.0,512.0,32.34620833333334,4.0,110.5,0.0,0.0
2022-02-05,863515.0,86400.0,100.0,1024.0,57.948458333333335,12.0,141.5,0.0,0.0
2022-02-19,889260.0,86400.0,100.0,1024.0,65.41341666666666,0.0,178.5,0.0,0.0
2022-02-10,889185.0,86400.0,100.0,2048.0,110.8985,0.0,343.5,0.0,0.0
2022-03-13,889400.0,75600.0,87.5,1024.0,128.48928571428573,26.5,261.5,0.0,0.0
2022-02-05,889316.0,86400.0,100.0,1024.0,103.62291666666667,23.5,339.0,0.0,0.0
2022-02-11,889309.0,86400.0,100.0,512.0,92.23483333333333,10.0,231.0,0.0,0.0
2022-02-04,889349.0,86400.0,100.0,1024.0,143.04233333333335,25.0,336.0,0.0,0.0
2022-03-12,889407.0,68400.0,79.16666666666667,1024.0,251.815,67.0,470.0,0.0,0.0
2022-02-18,889273.0,86400.0,100.0,512.0,33.93983333333333,2.5,148.0,0.0,0.0
2022-02-11,889455.0,86400.0,100.0,1024.0,23.767333333333333,0.0,107.5,0.0,0.0
2022-03-07,889212.0,86400.0,100.0,1024.0,31.722041666666666,3.5,101.0,0.0,0.0
2022-02-10,889280.0,86400.0,100.0,1024.0,136.90645833333335,13.5,299.0,0.0,0.0
2022-02-18,889481.0,86400.0,100.0,512.0,9.689125,0.0,53.0,0.0,0.0
2022-02-18,889130.0,86400.0,100.0,1024.0,118.17033333333333,16.0,338.0,0.0,0.0
2022-03-07,889333.0,86400.0,100.0,512.0,67.54204166666666,0.0,151.0,0.0,0.0
2022-02-04,889346.0,86400.0,100.0,1024.0,214.57116666666667,48.0,488.5,0.0,0.0
2022-03-06,889222.0,79200.0,91.66666666666667,512.0,42.291909090909094,0.0,132.5,0.0,0.0
2022-03-07,889237.0,86400.0,100.0,1024.0,152.800375,26.5,325.5,0.0,0.0
2022-02-08,889513.0,86400.0,100.0,1024.0,175.591625,38.5,424.0,0.0,0.0
2022-02-03,889426.0,86400.0,100.0,1024.0,111.10420833333333,25.0,255.5,0.0,0.0
2022-02-04,889235.0,86400.0,100.0,1024.0,203.00191666666666,23.5,448.0,0.0,0.0
2022-03-11,889251.0,82800.0,95.83333333333333,512.0,85.84421739130435,7.0,231.5,0.0,0.0
2022-02-13,889285.0,86400.0,100.0,512.0,93.06808333333333,23.0,283.5,0.0,0.0
2022-03-13,889155.0,75600.0,87.5,1024.0,96.48385714285715,19.0,207.0,4.696142857142857,13.5
2022-02-20,889468.0,86400.0,100.0,1024.0,91.49466666666666,17.0,217.0,0.0,0.0
2022-03-12,889376.0,68400.0,79.16666666666667,512.0,108.68257894736843,7.5,285.5,0.0,0.0
2022-02-03,889178.0,86400.0,100.0,256.0,19.771,0.0,98.5,0.0,0.0
2022-02-17,821005.0,75600.0,87.5,1024.0,49.33957142857143,0.0,140.0,0.0,0.0
2022-02-05,889234.0,86400.0,100.0,512.0,35.22725,0.0,116.5,0.0,0.0
2022-03-07,889200.0,86400.0,100.0,512.0,55.821083333333334,2.0,148.0,0.0,0.0
2022-02-08,889117.0,86400.0,100.0,1024.0,134.33966666666666,13.0,343.5,0.0,0.0
2022-02-18,889259.0,86400.0,100.0,1024.0,157.70116666666667,35.0,341.5,0.0,0.0
2022-03-13,889375.0,75600.0,87.5,1024.0,117.40909523809523,0.0,242.0,0.0,0.0
2022-02-10,889367.0,86400.0,100.0,256.0,56.04454166666667,2.0,220.0,0.0,0.0
2022-03-07,889332.0,86400.0,100.0,1024.0,61.21025,8.5,168.5,0.0,0.0
2022-02-08,889307.0,86400.0,100.0,1024.0,18.683333333333334,0.0,92.5,0.0,0.0
2022-02-12,889431.0,86400.0,100.0,1024.0,34.35433333333334,0.0,125.0,0.0,0.0
2022-03-12,889113.0,68400.0,79.16666666666667,1024.0,47.24947368421053,2.5,115.5,0.0,0.0
2022-02-05,889405.0,86400.0,100.0,512.0,19.459375,0.0,88.5,0.0,0.0
2022-03-13,860974.0,75600.0,87.5,512.0,37.66352380952381,3.5,118.0,0.0,0.0
2022-03-14,889140.0,86400.0,100.0,1024.0,155.56983333333332,24.5,695.5,0.0,0.0
2022-02-11,889161.0,86400.0,100.0,1024.0,183.31275,39.5,454.5,0.0,0.0
2022-03-10,889394.0,82800.0,95.83333333333333,1024.0,119.32743478260869,16.5,234.5,0.0,0.0
2022-02-19,889251.0,86400.0,100.0,512.0,65.45141666666666,10.0,142.0,0.0,0.0
2022-02-13,889178.0,86400.0,100.0,256.0,14.133041666666667,0.0,66.0,0.0,0.0
2022-02-04,889243.0,86400.0,100.0,1024.0,190.74329166666666,51.5,390.5,0.0,0.0
2022-03-10,889534.0,82800.0,95.83333333333333,1024.0,128.0005652173913,36.5,298.5,0.0,0.0
2022-02-05,889136.0,86400.0,100.0,512.0,51.09133333333333,0.0,149.0,0.0,0.0
2022-02-17,863612.0,75600.0,87.5,512.0,47.12409523809524,2.0,136.5,0.0,0.0
2022-03-11,889413.0,86400.0,100.0,1024.0,41.347,4.0,140.5,0.0,0.0
2022-02-08,889408.0,86400.0,100.0,1024.0,20.44125,2.5,74.0,0.0,0.0
2022-02-05,889332.0,86400.0,100.0,1024.0,61.85154166666667,10.5,152.5,0.0,0.0
2022-03-14,889369.0,86400.0,100.0,1024.0,86.90833333333333,20.5,258.5,0.0,0.0
2022-02-04,889155.0,86400.0,100.0,1024.0,103.10841666666667,25.0,207.0,4.764541666666666,14.0
2022-03-13,889205.0,75600.0,87.5,1024.0,151.10733333333334,0.0,344.0,0.0,0.0
2022-02-12,889211.0,86400.0,100.0,1024.0,263.8400833333333,0.0,893.0,0.0,0.0
2022-02-08,889533.0,86400.0,100.0,1024.0,73.56420833333334,0.0,219.0,0.0,0.0
2022-02-10,889390.0,86400.0,100.0,1024.0,30.971916666666665,0.5,105.0,0.0,0.0
2022-02-20,889145.0,86400.0,100.0,1024.0,61.54383333333333,4.5,191.5,0.0,0.0
2022-02-06,889359.0,86400.0,100.0,1024.0,200.26929166666667,18.5,418.0,0.0,0.0
2022-02-17,889270.0,75600.0,87.5,1024.0,90.01085714285715,6.5,235.0,0.0,0.0
2022-03-03,889247.0,86400.0,100.0,1024.0,14.529,0.0,72.0,0.0,0.0
2022-02-20,889416.0,86400.0,100.0,1024.0,78.431,9.5,230.5,0.0,0.0
2022-02-10,42078.0,86400.0,100.0,512.0,59.971333333333334,2.5,171.5,0.0,0.0
2022-02-13,889153.0,86400.0,100.0,512.0,3.4155,0.0,59.5,0.0,0.0
2022-02-11,889193.0,86400.0,100.0,1024.0,61.095625,1.5,180.5,0.0,0.0
2022-02-04,852667.0,86400.0,100.0,512.0,20.079916666666666,0.5,99.0,0.0,0.0
2022-02-05,889154.0,86400.0,100.0,1024.0,39.148375,3.0,115.0,0.0,0.0
2022-03-06,889364.0,79200.0,91.66666666666667,1024.0,4.169045454545454,0.0,52.0,0.0,0.0
2022-02-03,889352.0,86400.0,100.0,1024.0,131.940125,36.5,276.0,0.0,0.0
2022-02-06,889535.0,86400.0,100.0,1024.0,46.050041666666665,0.0,134.0,0.0,0.0
2022-02-20,889536.0,86400.0,100.0,512.0,88.08316666666667,18.5,180.0,0.0,0.0
2022-02-17,889404.0,75600.0,87.5,512.0,37.217666666666666,3.5,112.0,0.0,0.0
2022-03-11,53028.0,86400.0,100.0,1024.0,77.21283333333334,10.5,175.0,0.0,0.0
2022-02-10,889155.0,86400.0,100.0,1024.0,103.24220833333334,26.5,213.0,4.750166666666667,14.0
2022-02-03,889476.0,86400.0,100.0,1024.0,194.34016666666668,46.0,399.5,0.0,0.0
2022-03-14,889433.0,75600.0,87.5,512.0,4.432714285714286,0.0,62.5,0.0,0.0
2022-03-12,889249.0,68400.0,79.16666666666667,1024.0,172.72110526315788,27.5,375.5,0.0,0.0
2022-02-04,889194.0,86400.0,100.0,1024.0,98.20745833333334,0.0,285.0,0.0,0.0
2022-02-06,889519.0,86400.0,100.0,1024.0,7.861458333333333,0.0,65.5,0.0,0.0
2022-03-07,889164.0,86400.0,100.0,1024.0,58.79225,0.0,189.5,0.0,0.0
2022-02-10,889204.0,86400.0,100.0,512.0,89.23554166666666,0.0,285.0,0.0,0.0
2022-03-12,889277.0,68400.0,79.16666666666667,512.0,103.8482105263158,13.5,260.5,0.0,0.0
2022-03-10,889527.0,82800.0,95.83333333333333,512.0,60.543695652173916,10.0,140.0,0.0,0.0
