begintime,sk_object,duration,integrity,M8009C2,M8009C0,M8009C1,M8009C3,M8009C4,M8009C5,M8009C6,M8009C7,M8009C8,M8009C9,M8009C10,M8009C11,M8009C14,M8009C15,M8009C16,M8009C17,M8009C18,M8009C19,M8009C20,M8009C21,M8009C22,M8009C23,M8009C24,M8009C25,M8009C26,M8009C27
2022-03-12,710.0,10.0,0.6944444444444444,67.0,6.0,69.0,0.0,,0.0,67.0,67.0,0.0,,,,0.0,0.0,0.0,0.0,0.0,0.0,0.0,0.0,0.0,0.0,,,,
2022-03-19,86803.0,4.0,0.2777777777777778,2.0,0.0,2.0,0.0,,0.0,2.0,2.0,0.0,,,,0.0,0.0,0.0,0.0,0.0,0.0,0.0,0.0,0.0,0.0,,,,
2022-03-19,715.0,14.0,0.9722222222222222,64.0,21.0,96.0,0.0,,0.0,64.0,63.0,1.0,,,,0.0,0.0,0.0,0.0,0.0,0.0,0.0,0.0,0.0,0.0,,,,
2022-03-12,717.0,5.0,0.3472222222222222,3.0,0.0,3.0,0.0,,0.0,3.0,3.0,0.0,,,,0.0,0.0,0.0,0.0,0.0,0.0,0.0,0.0,0.0,0.0,,,,
2022-03-12,727.0,10.0,0.6944444444444444,20.0,1.0,20.0,0.0,,0.0,20.0,19.0,1.0,,,,0.0,0.0,0.0,0.0,0.0,0.0,0.0,0.0,0.0,0.0,,,,
2022-03-17,703.0,6.0,0.4166666666666667,12.0,0.0,12.0,0.0,,0.0,12.0,12.0,0.0,,,,0.0,0.0,0.0,0.0,0.0,0.0,0.0,0.0,0.0,0.0,,,,
2022-03-17,717.0,6.0,0.4166666666666667,3.0,0.0,3.0,0.0,,0.0,3.0,3.0,0.0,,,,0.0,0.0,0.0,0.0,0.0,0.0,0.0,0.0,0.0,0.0,,,,
2022-03-17,712.0,6.0,0.4166666666666667,0.0,0.0,0.0,0.0,,0.0,0.0,0.0,0.0,,,,0.0,0.0,0.0,0.0,0.0,0.0,0.0,0.0,0.0,0.0,,,,
2022-03-17,725.0,6.0,0.4166666666666667,1.0,0.0,1.0,0.0,,0.0,1.0,1.0,0.0,,,,0.0,0.0,0.0,0.0,0.0,0.0,0.0,0.0,0.0,0.0,,,,
2022-03-12,721.0,10.0,0.6944444444444444,20.0,7.0,29.0,0.0,,0.0,20.0,20.0,0.0,,,,0.0,0.0,0.0,0.0,0.0,0.0,0.0,0.0,0.0,0.0,,,,
2022-03-17,735.0,7.0,0.4861111111111111,2.0,0.0,2.0,0.0,,0.0,2.0,2.0,0.0,,,,0.0,0.0,0.0,0.0,0.0,0.0,0.0,0.0,0.0,0.0,,,,
2022-03-15,727.0,2.0,0.1388888888888889,1.0,0.0,1.0,0.0,,0.0,1.0,1.0,0.0,,,,0.0,0.0,0.0,0.0,0.0,0.0,0.0,0.0,0.0,0.0,,,,
2022-03-17,733.0,5.0,0.3472222222222222,4.0,0.0,6.0,0.0,,0.0,4.0,4.0,0.0,,,,0.0,0.0,0.0,0.0,0.0,0.0,0.0,0.0,0.0,0.0,,,,
2022-03-17,718.0,6.0,0.4166666666666667,9.0,1.0,10.0,0.0,,0.0,9.0,9.0,0.0,,,,0.0,0.0,0.0,0.0,0.0,0.0,0.0,0.0,0.0,0.0,,,,
2022-03-11,715.0,13.0,0.9027777777777778,107.0,1192.0,153.0,2.0,,0.0,105.0,104.0,1.0,,,,0.0,0.0,0.0,0.0,0.0,0.0,0.0,0.0,0.0,0.0,,,,
2022-03-12,730.0,10.0,0.6944444444444444,18.0,15.0,98.0,0.0,,0.0,18.0,18.0,0.0,,,,0.0,0.0,0.0,0.0,0.0,0.0,0.0,0.0,0.0,0.0,,,,
2022-03-17,709.0,6.0,0.4166666666666667,0.0,0.0,0.0,0.0,,0.0,0.0,0.0,0.0,,,,0.0,0.0,0.0,0.0,0.0,0.0,0.0,0.0,0.0,0.0,,,,
2022-03-15,739.0,2.0,0.1388888888888889,38.0,160.0,49.0,0.0,,0.0,38.0,38.0,0.0,,,,0.0,0.0,0.0,0.0,0.0,0.0,0.0,0.0,0.0,0.0,,,,
2022-03-17,724.0,6.0,0.4166666666666667,0.0,0.0,0.0,0.0,,0.0,0.0,0.0,0.0,,,,0.0,0.0,0.0,0.0,0.0,0.0,0.0,0.0,0.0,0.0,,,,
2022-03-17,737.0,6.0,0.4166666666666667,0.0,7.0,69.0,0.0,,0.0,0.0,0.0,0.0,,,,0.0,0.0,0.0,0.0,0.0,0.0,0.0,0.0,0.0,0.0,,,,
2022-03-17,736.0,5.0,0.3472222222222222,2.0,0.0,3.0,0.0,,0.0,2.0,2.0,0.0,,,,0.0,0.0,0.0,0.0,0.0,0.0,0.0,0.0,0.0,0.0,,,,
2022-03-17,700.0,6.0,0.4166666666666667,1.0,1.0,6.0,0.0,,0.0,1.0,1.0,0.0,,,,0.0,0.0,0.0,0.0,0.0,0.0,0.0,0.0,0.0,0.0,,,,
2022-03-17,740.0,7.0,0.4861111111111111,0.0,2.0,5.0,0.0,,0.0,0.0,0.0,0.0,,,,0.0,0.0,0.0,0.0,0.0,0.0,0.0,0.0,0.0,0.0,,,,
2022-03-15,730.0,2.0,0.1388888888888889,5.0,0.0,15.0,0.0,,0.0,5.0,5.0,0.0,,,,0.0,0.0,0.0,0.0,0.0,0.0,0.0,0.0,0.0,0.0,,,,
2022-03-17,705.0,5.0,0.3472222222222222,4.0,0.0,5.0,0.0,,0.0,4.0,4.0,0.0,,,,0.0,0.0,0.0,0.0,0.0,0.0,0.0,0.0,0.0,0.0,,,,
2022-03-15,715.0,2.0,0.1388888888888889,2.0,0.0,3.0,0.0,,0.0,2.0,2.0,0.0,,,,0.0,0.0,0.0,0.0,0.0,0.0,0.0,0.0,0.0,0.0,,,,
2022-03-17,728.0,7.0,0.4861111111111111,5.0,0.0,7.0,0.0,,0.0,5.0,5.0,0.0,,,,0.0,0.0,0.0,0.0,0.0,0.0,0.0,0.0,0.0,0.0,,,,
2022-03-17,723.0,6.0,0.4166666666666667,0.0,0.0,0.0,0.0,,0.0,0.0,0.0,0.0,,,,0.0,0.0,0.0,0.0,0.0,0.0,0.0,0.0,0.0,0.0,,,,
2022-03-12,719.0,5.0,0.3472222222222222,1.0,19.0,80.0,0.0,,0.0,1.0,1.0,0.0,,,,0.0,0.0,0.0,0.0,0.0,0.0,0.0,0.0,0.0,0.0,,,,
2022-03-17,732.0,5.0,0.3472222222222222,0.0,0.0,1.0,0.0,,0.0,0.0,0.0,0.0,,,,0.0,0.0,0.0,0.0,0.0,0.0,0.0,0.0,0.0,0.0,,,,
2022-03-17,713.0,7.0,0.4861111111111111,0.0,3.0,10.0,0.0,,0.0,0.0,0.0,0.0,,,,0.0,0.0,0.0,0.0,0.0,0.0,0.0,0.0,0.0,0.0,,,,
2022-03-12,739.0,10.0,0.6944444444444444,111.0,882.0,177.0,0.0,,0.0,111.0,110.0,0.0,,,,0.0,0.0,0.0,0.0,0.0,0.0,0.0,0.0,0.0,0.0,,,,
2022-03-17,704.0,7.0,0.4861111111111111,4.0,0.0,4.0,0.0,,0.0,4.0,4.0,0.0,,,,0.0,0.0,0.0,0.0,0.0,0.0,0.0,0.0,0.0,0.0,,,,
2022-03-12,700.0,5.0,0.3472222222222222,7.0,12.0,159.0,0.0,,0.0,7.0,7.0,0.0,,,,0.0,0.0,0.0,0.0,0.0,0.0,0.0,0.0,0.0,0.0,,,,
2022-03-17,707.0,6.0,0.4166666666666667,0.0,0.0,0.0,0.0,,0.0,0.0,0.0,0.0,,,,0.0,0.0,0.0,0.0,0.0,0.0,0.0,0.0,0.0,0.0,,,,
2022-03-15,721.0,2.0,0.1388888888888889,30.0,12.0,33.0,0.0,,0.0,30.0,30.0,0.0,,,,0.0,0.0,0.0,0.0,0.0,0.0,0.0,0.0,0.0,0.0,,,,
2022-03-11,721.0,13.0,0.9027777777777778,282.0,4606.0,362.0,0.0,,0.0,282.0,280.0,0.0,,,,0.0,0.0,0.0,0.0,0.0,0.0,0.0,0.0,0.0,0.0,,,,
2022-03-17,734.0,6.0,0.4166666666666667,3.0,0.0,3.0,0.0,,0.0,3.0,3.0,0.0,,,,0.0,0.0,0.0,0.0,0.0,0.0,0.0,0.0,0.0,0.0,,,,
2022-03-17,714.0,6.0,0.4166666666666667,19.0,2.0,19.0,0.0,,0.0,19.0,19.0,0.0,,,,0.0,0.0,0.0,0.0,0.0,0.0,0.0,0.0,0.0,0.0,,,,
2022-03-19,86808.0,4.0,0.2777777777777778,5.0,4.0,67.0,0.0,,0.0,5.0,5.0,0.0,,,,0.0,0.0,0.0,0.0,0.0,0.0,0.0,0.0,0.0,0.0,,,,
2022-03-17,726.0,6.0,0.4166666666666667,0.0,0.0,0.0,0.0,,0.0,0.0,0.0,0.0,,,,0.0,0.0,0.0,0.0,0.0,0.0,0.0,0.0,0.0,0.0,,,,
2022-03-19,721.0,14.0,0.9722222222222222,121.0,1082.0,178.0,0.0,,0.0,121.0,121.0,0.0,,,,0.0,0.0,0.0,0.0,0.0,0.0,0.0,0.0,0.0,0.0,,,,
2022-03-19,730.0,16.0,1.1111111111111112,64.0,783.0,843.0,0.0,,0.0,64.0,63.0,1.0,,,,0.0,0.0,0.0,0.0,0.0,0.0,0.0,0.0,0.0,0.0,,,,
2022-03-19,710.0,16.0,1.1111111111111112,225.0,58.0,251.0,0.0,,0.0,225.0,225.0,0.0,,,,0.0,0.0,0.0,0.0,0.0,0.0,0.0,0.0,0.0,0.0,,,,
2022-03-17,720.0,6.0,0.4166666666666667,1.0,0.0,2.0,0.0,,0.0,1.0,1.0,0.0,,,,0.0,0.0,0.0,0.0,0.0,0.0,0.0,0.0,0.0,0.0,,,,
2022-03-19,727.0,16.0,1.1111111111111112,59.0,18.0,69.0,0.0,,0.0,59.0,59.0,0.0,,,,0.0,0.0,0.0,0.0,0.0,0.0,0.0,0.0,0.0,0.0,,,,
2022-03-17,706.0,6.0,0.4166666666666667,0.0,0.0,0.0,0.0,,0.0,0.0,0.0,0.0,,,,0.0,0.0,0.0,0.0,0.0,0.0,0.0,0.0,0.0,0.0,,,,
2022-03-17,722.0,6.0,0.4166666666666667,0.0,0.0,0.0,0.0,,0.0,0.0,0.0,0.0,,,,0.0,0.0,0.0,0.0,0.0,0.0,0.0,0.0,0.0,0.0,,,,
2022-03-17,699.0,6.0,0.4166666666666667,4.0,0.0,7.0,0.0,,0.0,4.0,4.0,0.0,,,,0.0,0.0,0.0,0.0,0.0,0.0,0.0,0.0,0.0,0.0,,,,
2022-03-17,701.0,6.0,0.4166666666666667,0.0,0.0,0.0,0.0,,0.0,0.0,0.0,0.0,,,,0.0,0.0,0.0,0.0,0.0,0.0,0.0,0.0,0.0,0.0,,,,
2022-03-12,718.0,5.0,0.3472222222222222,18.0,50.0,137.0,0.0,,0.0,18.0,18.0,0.0,,,,0.0,0.0,0.0,0.0,0.0,0.0,0.0,0.0,0.0,0.0,,,,
2022-03-11,730.0,13.0,0.9027777777777778,128.0,323.0,420.0,0.0,,0.0,128.0,127.0,0.0,,,,0.0,0.0,0.0,0.0,0.0,0.0,0.0,0.0,0.0,0.0,,,,
2022-03-19,86807.0,4.0,0.2777777777777778,3.0,32.0,10.0,0.0,,0.0,3.0,3.0,0.0,,,,0.0,0.0,0.0,0.0,0.0,0.0,0.0,0.0,0.0,0.0,,,,
2022-03-15,710.0,2.0,0.1388888888888889,23.0,0.0,23.0,0.0,,0.0,23.0,23.0,0.0,,,,0.0,0.0,0.0,0.0,0.0,0.0,0.0,0.0,0.0,0.0,,,,
2022-03-19,739.0,14.0,0.9722222222222222,284.0,2457.0,504.0,0.0,,0.0,284.0,283.0,0.0,,,,0.0,0.0,0.0,0.0,0.0,0.0,0.0,0.0,0.0,0.0,,,,
2022-03-17,711.0,6.0,0.4166666666666667,8.0,0.0,8.0,0.0,,0.0,8.0,8.0,0.0,,,,0.0,0.0,0.0,0.0,0.0,0.0,0.0,0.0,0.0,0.0,,,,
2022-03-19,86810.0,4.0,0.2777777777777778,1.0,2.0,14.0,0.0,,0.0,1.0,1.0,0.0,,,,0.0,0.0,0.0,0.0,0.0,0.0,0.0,0.0,0.0,0.0,,,,
2022-03-11,739.0,13.0,0.9027777777777778,393.0,4003.0,683.0,8.0,,0.0,385.0,385.0,0.0,,,,0.0,0.0,0.0,0.0,0.0,0.0,0.0,0.0,0.0,0.0,,,,
2022-03-12,738.0,5.0,0.3472222222222222,13.0,80.0,37.0,0.0,,0.0,13.0,13.0,0.0,,,,0.0,0.0,0.0,0.0,0.0,0.0,0.0,0.0,0.0,0.0,,,,
2022-03-17,738.0,6.0,0.4166666666666667,5.0,0.0,8.0,0.0,,0.0,5.0,5.0,0.0,,,,0.0,0.0,0.0,0.0,0.0,0.0,0.0,0.0,0.0,0.0,,,,
2022-03-17,731.0,6.0,0.4166666666666667,2.0,1.0,2.0,0.0,,0.0,2.0,2.0,0.0,,,,0.0,0.0,0.0,0.0,0.0,0.0,0.0,0.0,0.0,0.0,,,,
2022-03-19,86799.0,4.0,0.2777777777777778,9.0,4.0,25.0,0.0,,0.0,9.0,9.0,0.0,,,,0.0,0.0,0.0,0.0,0.0,0.0,0.0,0.0,0.0,0.0,,,,
2022-03-17,729.0,6.0,0.4166666666666667,4.0,1.0,9.0,0.0,,0.0,4.0,4.0,0.0,,,,0.0,0.0,0.0,0.0,0.0,0.0,0.0,0.0,0.0,0.0,,,,
2022-03-17,702.0,7.0,0.4861111111111111,0.0,13.0,29.0,0.0,,0.0,0.0,0.0,0.0,,,,0.0,0.0,0.0,0.0,0.0,0.0,0.0,0.0,0.0,0.0,,,,
2022-03-17,708.0,5.0,0.3472222222222222,4.0,1.0,6.0,0.0,,0.0,4.0,4.0,0.0,,,,0.0,0.0,0.0,0.0,0.0,0.0,0.0,0.0,0.0,0.0,,,,
2022-03-17,719.0,6.0,0.4166666666666667,0.0,0.0,0.0,0.0,,0.0,0.0,0.0,0.0,,,,0.0,0.0,0.0,0.0,0.0,0.0,0.0,0.0,0.0,0.0,,,,
2022-03-19,86801.0,4.0,0.2777777777777778,2.0,0.0,7.0,0.0,,0.0,2.0,2.0,0.0,,,,0.0,0.0,0.0,0.0,0.0,0.0,0.0,0.0,0.0,0.0,,,,
2022-03-12,706.0,5.0,0.3472222222222222,1.0,1.0,2.0,0.0,,0.0,1.0,1.0,0.0,,,,0.0,0.0,0.0,0.0,0.0,0.0,0.0,0.0,0.0,0.0,,,,
2022-03-17,716.0,5.0,0.3472222222222222,6.0,4.0,25.0,0.0,,0.0,6.0,6.0,0.0,,,,0.0,0.0,0.0,0.0,0.0,0.0,0.0,0.0,0.0,0.0,,,,
2022-03-12,715.0,10.0,0.6944444444444444,12.0,8.0,25.0,0.0,,0.0,12.0,12.0,0.0,,,,0.0,0.0,0.0,0.0,0.0,0.0,0.0,0.0,0.0,0.0,,,,
2022-03-11,710.0,13.0,0.9027777777777778,307.0,68.0,323.0,0.0,,0.0,307.0,306.0,1.0,,,,0.0,0.0,0.0,0.0,0.0,0.0,0.0,0.0,0.0,0.0,,,,
2022-03-11,727.0,13.0,0.9027777777777778,221.0,6.0,236.0,0.0,,0.0,221.0,211.0,10.0,,,,0.0,0.0,0.0,0.0,0.0,0.0,0.0,0.0,0.0,0.0,,,,
2024-03-10,86810.0,4.0,0.2777777777777778,1.0,2.0,14.0,0.0,,0.0,1.0,1.0,0.0,,,,0.0,0.0,0.0,0.0,0.0,0.0,0.0,0.0,0.0,0.0,,,,
2024-03-02,739.0,13.0,0.9027777777777778,393.0,4003.0,683.0,8.0,,0.0,385.0,385.0,0.0,,,,0.0,0.0,0.0,0.0,0.0,0.0,0.0,0.0,0.0,0.0,,,,
2024-03-03,738.0,5.0,0.3472222222222222,13.0,80.0,37.0,0.0,,0.0,13.0,13.0,0.0,,,,0.0,0.0,0.0,0.0,0.0,0.0,0.0,0.0,0.0,0.0,,,,
2024-03-08,738.0,6.0,0.4166666666666667,5.0,0.0,8.0,0.0,,0.0,5.0,5.0,0.0,,,,0.0,0.0,0.0,0.0,0.0,0.0,0.0,0.0,0.0,0.0,,,,
2024-03-08,731.0,6.0,0.4166666666666667,2.0,1.0,2.0,0.0,,0.0,2.0,2.0,0.0,,,,0.0,0.0,0.0,0.0,0.0,0.0,0.0,0.0,0.0,0.0,,,,
2024-03-10,86799.0,4.0,0.2777777777777778,9.0,4.0,25.0,0.0,,0.0,9.0,9.0,0.0,,,,0.0,0.0,0.0,0.0,0.0,0.0,0.0,0.0,0.0,0.0,,,,
2024-03-08,729.0,6.0,0.4166666666666667,4.0,1.0,9.0,0.0,,0.0,4.0,4.0,0.0,,,,0.0,0.0,0.0,0.0,0.0,0.0,0.0,0.0,0.0,0.0,,,,
2024-03-08,702.0,7.0,0.4861111111111111,0.0,13.0,29.0,0.0,,0.0,0.0,0.0,0.0,,,,0.0,0.0,0.0,0.0,0.0,0.0,0.0,0.0,0.0,0.0,,,,
2024-03-08,708.0,5.0,0.3472222222222222,4.0,1.0,6.0,0.0,,0.0,4.0,4.0,0.0,,,,0.0,0.0,0.0,0.0,0.0,0.0,0.0,0.0,0.0,0.0,,,,
2024-03-08,719.0,6.0,0.4166666666666667,0.0,0.0,0.0,0.0,,0.0,0.0,0.0,0.0,,,,0.0,0.0,0.0,0.0,0.0,0.0,0.0,0.0,0.0,0.0,,,,
2024-03-10,86801.0,4.0,0.2777777777777778,2.0,0.0,7.0,0.0,,0.0,2.0,2.0,0.0,,,,0.0,0.0,0.0,0.0,0.0,0.0,0.0,0.0,0.0,0.0,,,,
2024-03-03,706.0,5.0,0.3472222222222222,1.0,1.0,2.0,0.0,,0.0,1.0,1.0,0.0,,,,0.0,0.0,0.0,0.0,0.0,0.0,0.0,0.0,0.0,0.0,,,,
2024-03-08,716.0,5.0,0.3472222222222222,6.0,4.0,25.0,0.0,,0.0,6.0,6.0,0.0,,,,0.0,0.0,0.0,0.0,0.0,0.0,0.0,0.0,0.0,0.0,,,,
2024-03-03,715.0,10.0,0.6944444444444444,12.0,8.0,25.0,0.0,,0.0,12.0,12.0,0.0,,,,0.0,0.0,0.0,0.0,0.0,0.0,0.0,0.0,0.0,0.0,,,,
2024-03-02,710.0,13.0,0.9027777777777778,307.0,68.0,323.0,0.0,,0.0,307.0,306.0,1.0,,,,0.0,0.0,0.0,0.0,0.0,0.0,0.0,0.0,0.0,0.0,,,,
2024-03-02,727.0,13.0,0.9027777777777778,221.0,6.0,236.0,0.0,,0.0,221.0,211.0,10.0,,,,0.0,0.0,0.0,0.0,0.0,0.0,0.0,0.0,0.0,0.0,,,,
2024-03-17,709.0,6.0,0.4166666666666667,0.0,0.0,0.0,0.0,,0.0,0.0,0.0,0.0,,,,0.0,0.0,0.0,0.0,0.0,0.0,0.0,0.0,0.0,0.0,,,,
2024-03-15,739.0,2.0,0.1388888888888889,38.0,160.0,49.0,0.0,,0.0,38.0,38.0,0.0,,,,0.0,0.0,0.0,0.0,0.0,0.0,0.0,0.0,0.0,0.0,,,,
2024-03-17,724.0,6.0,0.4166666666666667,0.0,0.0,0.0,0.0,,0.0,0.0,0.0,0.0,,,,0.0,0.0,0.0,0.0,0.0,0.0,0.0,0.0,0.0,0.0,,,,
2024-03-17,737.0,6.0,0.4166666666666667,0.0,7.0,69.0,0.0,,0.0,0.0,0.0,0.0,,,,0.0,0.0,0.0,0.0,0.0,0.0,0.0,0.0,0.0,0.0,,,,
2024-03-17,736.0,5.0,0.3472222222222222,2.0,0.0,3.0,0.0,,0.0,2.0,2.0,0.0,,,,0.0,0.0,0.0,0.0,0.0,0.0,0.0,0.0,0.0,0.0,,,,
2024-03-17,700.0,6.0,0.4166666666666667,1.0,1.0,6.0,0.0,,0.0,1.0,1.0,0.0,,,,0.0,0.0,0.0,0.0,0.0,0.0,0.0,0.0,0.0,0.0,,,,
2024-03-17,740.0,7.0,0.4861111111111111,0.0,2.0,5.0,0.0,,0.0,0.0,0.0,0.0,,,,0.0,0.0,0.0,0.0,0.0,0.0,0.0,0.0,0.0,0.0,,,,
2024-03-15,730.0,2.0,0.1388888888888889,5.0,0.0,15.0,0.0,,0.0,5.0,5.0,0.0,,,,0.0,0.0,0.0,0.0,0.0,0.0,0.0,0.0,0.0,0.0,,,,
2024-03-17,705.0,5.0,0.3472222222222222,4.0,0.0,5.0,0.0,,0.0,4.0,4.0,0.0,,,,0.0,0.0,0.0,0.0,0.0,0.0,0.0,0.0,0.0,0.0,,,,
2024-03-15,715.0,2.0,0.1388888888888889,2.0,0.0,3.0,0.0,,0.0,2.0,2.0,0.0,,,,0.0,0.0,0.0,0.0,0.0,0.0,0.0,0.0,0.0,0.0,,,,
2024-03-17,728.0,7.0,0.4861111111111111,5.0,0.0,7.0,0.0,,0.0,5.0,5.0,0.0,,,,0.0,0.0,0.0,0.0,0.0,0.0,0.0,0.0,0.0,0.0,,,,
2024-03-17,723.0,6.0,0.4166666666666667,0.0,0.0,0.0,0.0,,0.0,0.0,0.0,0.0,,,,0.0,0.0,0.0,0.0,0.0,0.0,0.0,0.0,0.0,0.0,,,,
2024-03-12,719.0,5.0,0.3472222222222222,1.0,19.0,80.0,0.0,,0.0,1.0,1.0,0.0,,,,0.0,0.0,0.0,0.0,0.0,0.0,0.0,0.0,0.0,0.0,,,,
2024-03-21,710.0,10.0,0.6944444444444444,67.0,6.0,69.0,0.0,,0.0,67.0,67.0,0.0,,,,0.0,0.0,0.0,0.0,0.0,0.0,0.0,0.0,0.0,0.0,,,,
2024-03-28,86803.0,4.0,0.2777777777777778,2.0,0.0,2.0,0.0,,0.0,2.0,2.0,0.0,,,,0.0,0.0,0.0,0.0,0.0,0.0,0.0,0.0,0.0,0.0,,,,
2024-03-17,732.0,5.0,0.3472222222222222,0.0,0.0,1.0,0.0,,0.0,0.0,0.0,0.0,,,,0.0,0.0,0.0,0.0,0.0,0.0,0.0,0.0,0.0,0.0,,,,
2024-03-17,713.0,7.0,0.4861111111111111,0.0,3.0,10.0,0.0,,0.0,0.0,0.0,0.0,,,,0.0,0.0,0.0,0.0,0.0,0.0,0.0,0.0,0.0,0.0,,,,
2024-03-12,739.0,10.0,0.6944444444444444,111.0,882.0,177.0,0.0,,0.0,111.0,110.0,0.0,,,,0.0,0.0,0.0,0.0,0.0,0.0,0.0,0.0,0.0,0.0,,,,
2024-03-28,715.0,14.0,0.9722222222222222,64.0,21.0,96.0,0.0,,0.0,64.0,63.0,1.0,,,,0.0,0.0,0.0,0.0,0.0,0.0,0.0,0.0,0.0,0.0,,,,
2024-03-21,717.0,5.0,0.3472222222222222,3.0,0.0,3.0,0.0,,0.0,3.0,3.0,0.0,,,,0.0,0.0,0.0,0.0,0.0,0.0,0.0,0.0,0.0,0.0,,,,
2024-03-21,727.0,10.0,0.6944444444444444,20.0,1.0,20.0,0.0,,0.0,20.0,19.0,1.0,,,,0.0,0.0,0.0,0.0,0.0,0.0,0.0,0.0,0.0,0.0,,,,
2024-03-17,704.0,7.0,0.4861111111111111,4.0,0.0,4.0,0.0,,0.0,4.0,4.0,0.0,,,,0.0,0.0,0.0,0.0,0.0,0.0,0.0,0.0,0.0,0.0,,,,
2024-03-26,703.0,6.0,0.4166666666666667,12.0,0.0,12.0,0.0,,0.0,12.0,12.0,0.0,,,,0.0,0.0,0.0,0.0,0.0,0.0,0.0,0.0,0.0,0.0,,,,
2024-03-26,717.0,6.0,0.4166666666666667,3.0,0.0,3.0,0.0,,0.0,3.0,3.0,0.0,,,,0.0,0.0,0.0,0.0,0.0,0.0,0.0,0.0,0.0,0.0,,,,
2024-03-26,712.0,6.0,0.4166666666666667,0.0,0.0,0.0,0.0,,0.0,0.0,0.0,0.0,,,,0.0,0.0,0.0,0.0,0.0,0.0,0.0,0.0,0.0,0.0,,,,
2024-03-26,725.0,6.0,0.4166666666666667,1.0,0.0,1.0,0.0,,0.0,1.0,1.0,0.0,,,,0.0,0.0,0.0,0.0,0.0,0.0,0.0,0.0,0.0,0.0,,,,
2024-03-21,721.0,10.0,0.6944444444444444,20.0,7.0,29.0,0.0,,0.0,20.0,20.0,0.0,,,,0.0,0.0,0.0,0.0,0.0,0.0,0.0,0.0,0.0,0.0,,,,
2024-03-26,735.0,7.0,0.4861111111111111,2.0,0.0,2.0,0.0,,0.0,2.0,2.0,0.0,,,,0.0,0.0,0.0,0.0,0.0,0.0,0.0,0.0,0.0,0.0,,,,
2024-03-24,727.0,2.0,0.1388888888888889,1.0,0.0,1.0,0.0,,0.0,1.0,1.0,0.0,,,,0.0,0.0,0.0,0.0,0.0,0.0,0.0,0.0,0.0,0.0,,,,
2024-03-26,733.0,5.0,0.3472222222222222,4.0,0.0,6.0,0.0,,0.0,4.0,4.0,0.0,,,,0.0,0.0,0.0,0.0,0.0,0.0,0.0,0.0,0.0,0.0,,,,
2024-03-12,700.0,5.0,0.3472222222222222,7.0,12.0,159.0,0.0,,0.0,7.0,7.0,0.0,,,,0.0,0.0,0.0,0.0,0.0,0.0,0.0,0.0,0.0,0.0,,,,
2024-03-17,707.0,6.0,0.4166666666666667,0.0,0.0,0.0,0.0,,0.0,0.0,0.0,0.0,,,,0.0,0.0,0.0,0.0,0.0,0.0,0.0,0.0,0.0,0.0,,,,
2024-03-15,721.0,2.0,0.1388888888888889,30.0,12.0,33.0,0.0,,0.0,30.0,30.0,0.0,,,,0.0,0.0,0.0,0.0,0.0,0.0,0.0,0.0,0.0,0.0,,,,
2024-03-11,721.0,13.0,0.9027777777777778,282.0,4606.0,362.0,0.0,,0.0,282.0,280.0,0.0,,,,0.0,0.0,0.0,0.0,0.0,0.0,0.0,0.0,0.0,0.0,,,,
2024-03-17,734.0,6.0,0.4166666666666667,3.0,0.0,3.0,0.0,,0.0,3.0,3.0,0.0,,,,0.0,0.0,0.0,0.0,0.0,0.0,0.0,0.0,0.0,0.0,,,,
2024-03-17,714.0,6.0,0.4166666666666667,19.0,2.0,19.0,0.0,,0.0,19.0,19.0,0.0,,,,0.0,0.0,0.0,0.0,0.0,0.0,0.0,0.0,0.0,0.0,,,,
2024-03-26,718.0,6.0,0.4166666666666667,9.0,1.0,10.0,0.0,,0.0,9.0,9.0,0.0,,,,0.0,0.0,0.0,0.0,0.0,0.0,0.0,0.0,0.0,0.0,,,,
2024-03-19,86808.0,4.0,0.2777777777777778,5.0,4.0,67.0,0.0,,0.0,5.0,5.0,0.0,,,,0.0,0.0,0.0,0.0,0.0,0.0,0.0,0.0,0.0,0.0,,,,
2024-03-17,726.0,6.0,0.4166666666666667,0.0,0.0,0.0,0.0,,0.0,0.0,0.0,0.0,,,,0.0,0.0,0.0,0.0,0.0,0.0,0.0,0.0,0.0,0.0,,,,
2024-03-20,715.0,13.0,0.9027777777777778,107.0,1192.0,153.0,2.0,,0.0,105.0,104.0,1.0,,,,0.0,0.0,0.0,0.0,0.0,0.0,0.0,0.0,0.0,0.0,,,,
2024-03-19,721.0,14.0,0.9722222222222222,121.0,1082.0,178.0,0.0,,0.0,121.0,121.0,0.0,,,,0.0,0.0,0.0,0.0,0.0,0.0,0.0,0.0,0.0,0.0,,,,
2024-03-19,730.0,16.0,1.1111111111111112,64.0,783.0,843.0,0.0,,0.0,64.0,63.0,1.0,,,,0.0,0.0,0.0,0.0,0.0,0.0,0.0,0.0,0.0,0.0,,,,
2024-03-19,710.0,16.0,1.1111111111111112,225.0,58.0,251.0,0.0,,0.0,225.0,225.0,0.0,,,,0.0,0.0,0.0,0.0,0.0,0.0,0.0,0.0,0.0,0.0,,,,
2024-03-17,720.0,6.0,0.4166666666666667,1.0,0.0,2.0,0.0,,0.0,1.0,1.0,0.0,,,,0.0,0.0,0.0,0.0,0.0,0.0,0.0,0.0,0.0,0.0,,,,
2024-03-19,727.0,16.0,1.1111111111111112,59.0,18.0,69.0,0.0,,0.0,59.0,59.0,0.0,,,,0.0,0.0,0.0,0.0,0.0,0.0,0.0,0.0,0.0,0.0,,,,
2024-03-17,706.0,6.0,0.4166666666666667,0.0,0.0,0.0,0.0,,0.0,0.0,0.0,0.0,,,,0.0,0.0,0.0,0.0,0.0,0.0,0.0,0.0,0.0,0.0,,,,
2024-03-17,722.0,6.0,0.4166666666666667,0.0,0.0,0.0,0.0,,0.0,0.0,0.0,0.0,,,,0.0,0.0,0.0,0.0,0.0,0.0,0.0,0.0,0.0,0.0,,,,
2024-03-21,730.0,10.0,0.6944444444444444,18.0,15.0,98.0,0.0,,0.0,18.0,18.0,0.0,,,,0.0,0.0,0.0,0.0,0.0,0.0,0.0,0.0,0.0,0.0,,,,
2024-03-26,709.0,6.0,0.4166666666666667,0.0,0.0,0.0,0.0,,0.0,0.0,0.0,0.0,,,,0.0,0.0,0.0,0.0,0.0,0.0,0.0,0.0,0.0,0.0,,,,
2024-03-24,739.0,2.0,0.1388888888888889,38.0,160.0,49.0,0.0,,0.0,38.0,38.0,0.0,,,,0.0,0.0,0.0,0.0,0.0,0.0,0.0,0.0,0.0,0.0,,,,
2024-03-26,724.0,6.0,0.4166666666666667,0.0,0.0,0.0,0.0,,0.0,0.0,0.0,0.0,,,,0.0,0.0,0.0,0.0,0.0,0.0,0.0,0.0,0.0,0.0,,,,
2024-03-26,737.0,6.0,0.4166666666666667,0.0,7.0,69.0,0.0,,0.0,0.0,0.0,0.0,,,,0.0,0.0,0.0,0.0,0.0,0.0,0.0,0.0,0.0,0.0,,,,
2024-03-17,699.0,6.0,0.4166666666666667,4.0,0.0,7.0,0.0,,0.0,4.0,4.0,0.0,,,,0.0,0.0,0.0,0.0,0.0,0.0,0.0,0.0,0.0,0.0,,,,
2024-03-26,736.0,5.0,0.3472222222222222,2.0,0.0,3.0,0.0,,0.0,2.0,2.0,0.0,,,,0.0,0.0,0.0,0.0,0.0,0.0,0.0,0.0,0.0,0.0,,,,
2024-03-26,700.0,6.0,0.4166666666666667,1.0,1.0,6.0,0.0,,0.0,1.0,1.0,0.0,,,,0.0,0.0,0.0,0.0,0.0,0.0,0.0,0.0,0.0,0.0,,,,
2024-03-26,740.0,7.0,0.4861111111111111,0.0,2.0,5.0,0.0,,0.0,0.0,0.0,0.0,,,,0.0,0.0,0.0,0.0,0.0,0.0,0.0,0.0,0.0,0.0,,,,
2024-03-24,730.0,2.0,0.1388888888888889,5.0,0.0,15.0,0.0,,0.0,5.0,5.0,0.0,,,,0.0,0.0,0.0,0.0,0.0,0.0,0.0,0.0,0.0,0.0,,,,
2024-03-26,705.0,5.0,0.3472222222222222,4.0,0.0,5.0,0.0,,0.0,4.0,4.0,0.0,,,,0.0,0.0,0.0,0.0,0.0,0.0,0.0,0.0,0.0,0.0,,,,
2024-03-24,715.0,2.0,0.1388888888888889,2.0,0.0,3.0,0.0,,0.0,2.0,2.0,0.0,,,,0.0,0.0,0.0,0.0,0.0,0.0,0.0,0.0,0.0,0.0,,,,
2024-03-17,701.0,6.0,0.4166666666666667,0.0,0.0,0.0,0.0,,0.0,0.0,0.0,0.0,,,,0.0,0.0,0.0,0.0,0.0,0.0,0.0,0.0,0.0,0.0,,,,
2024-03-26,728.0,7.0,0.4861111111111111,5.0,0.0,7.0,0.0,,0.0,5.0,5.0,0.0,,,,0.0,0.0,0.0,0.0,0.0,0.0,0.0,0.0,0.0,0.0,,,,
2024-03-26,723.0,6.0,0.4166666666666667,0.0,0.0,0.0,0.0,,0.0,0.0,0.0,0.0,,,,0.0,0.0,0.0,0.0,0.0,0.0,0.0,0.0,0.0,0.0,,,,
2024-03-21,719.0,5.0,0.3472222222222222,1.0,19.0,80.0,0.0,,0.0,1.0,1.0,0.0,,,,0.0,0.0,0.0,0.0,0.0,0.0,0.0,0.0,0.0,0.0,,,,
2024-03-26,732.0,5.0,0.3472222222222222,0.0,0.0,1.0,0.0,,0.0,0.0,0.0,0.0,,,,0.0,0.0,0.0,0.0,0.0,0.0,0.0,0.0,0.0,0.0,,,,
2024-03-26,713.0,7.0,0.4861111111111111,0.0,3.0,10.0,0.0,,0.0,0.0,0.0,0.0,,,,0.0,0.0,0.0,0.0,0.0,0.0,0.0,0.0,0.0,0.0,,,,
2024-03-21,739.0,10.0,0.6944444444444444,111.0,882.0,177.0,0.0,,0.0,111.0,110.0,0.0,,,,0.0,0.0,0.0,0.0,0.0,0.0,0.0,0.0,0.0,0.0,,,,
2024-03-26,704.0,7.0,0.4861111111111111,4.0,0.0,4.0,0.0,,0.0,4.0,4.0,0.0,,,,0.0,0.0,0.0,0.0,0.0,0.0,0.0,0.0,0.0,0.0,,,,
2024-03-21,700.0,5.0,0.3472222222222222,7.0,12.0,159.0,0.0,,0.0,7.0,7.0,0.0,,,,0.0,0.0,0.0,0.0,0.0,0.0,0.0,0.0,0.0,0.0,,,,
2024-03-26,707.0,6.0,0.4166666666666667,0.0,0.0,0.0,0.0,,0.0,0.0,0.0,0.0,,,,0.0,0.0,0.0,0.0,0.0,0.0,0.0,0.0,0.0,0.0,,,,
2024-03-24,721.0,2.0,0.1388888888888889,30.0,12.0,33.0,0.0,,0.0,30.0,30.0,0.0,,,,0.0,0.0,0.0,0.0,0.0,0.0,0.0,0.0,0.0,0.0,,,,
2024-03-20,721.0,13.0,0.9027777777777778,282.0,4606.0,362.0,0.0,,0.0,282.0,280.0,0.0,,,,0.0,0.0,0.0,0.0,0.0,0.0,0.0,0.0,0.0,0.0,,,,
2024-03-26,734.0,6.0,0.4166666666666667,3.0,0.0,3.0,0.0,,0.0,3.0,3.0,0.0,,,,0.0,0.0,0.0,0.0,0.0,0.0,0.0,0.0,0.0,0.0,,,,
2024-03-26,714.0,6.0,0.4166666666666667,19.0,2.0,19.0,0.0,,0.0,19.0,19.0,0.0,,,,0.0,0.0,0.0,0.0,0.0,0.0,0.0,0.0,0.0,0.0,,,,
2024-03-28,86808.0,4.0,0.2777777777777778,5.0,4.0,67.0,0.0,,0.0,5.0,5.0,0.0,,,,0.0,0.0,0.0,0.0,0.0,0.0,0.0,0.0,0.0,0.0,,,,
2024-03-26,726.0,6.0,0.4166666666666667,0.0,0.0,0.0,0.0,,0.0,0.0,0.0,0.0,,,,0.0,0.0,0.0,0.0,0.0,0.0,0.0,0.0,0.0,0.0,,,,
2024-03-28,721.0,14.0,0.9722222222222222,121.0,1082.0,178.0,0.0,,0.0,121.0,121.0,0.0,,,,0.0,0.0,0.0,0.0,0.0,0.0,0.0,0.0,0.0,0.0,,,,
2024-03-28,730.0,16.0,1.1111111111111112,64.0,783.0,843.0,0.0,,0.0,64.0,63.0,1.0,,,,0.0,0.0,0.0,0.0,0.0,0.0,0.0,0.0,0.0,0.0,,,,
2024-03-28,710.0,16.0,1.1111111111111112,225.0,58.0,251.0,0.0,,0.0,225.0,225.0,0.0,,,,0.0,0.0,0.0,0.0,0.0,0.0,0.0,0.0,0.0,0.0,,,,
2024-03-26,720.0,6.0,0.4166666666666667,1.0,0.0,2.0,0.0,,0.0,1.0,1.0,0.0,,,,0.0,0.0,0.0,0.0,0.0,0.0,0.0,0.0,0.0,0.0,,,,
2024-03-28,727.0,16.0,1.1111111111111112,59.0,18.0,69.0,0.0,,0.0,59.0,59.0,0.0,,,,0.0,0.0,0.0,0.0,0.0,0.0,0.0,0.0,0.0,0.0,,,,
2024-03-26,706.0,6.0,0.4166666666666667,0.0,0.0,0.0,0.0,,0.0,0.0,0.0,0.0,,,,0.0,0.0,0.0,0.0,0.0,0.0,0.0,0.0,0.0,0.0,,,,
2024-03-26,722.0,6.0,0.4166666666666667,0.0,0.0,0.0,0.0,,0.0,0.0,0.0,0.0,,,,0.0,0.0,0.0,0.0,0.0,0.0,0.0,0.0,0.0,0.0,,,,
2024-03-26,699.0,6.0,0.4166666666666667,4.0,0.0,7.0,0.0,,0.0,4.0,4.0,0.0,,,,0.0,0.0,0.0,0.0,0.0,0.0,0.0,0.0,0.0,0.0,,,,
2024-03-26,701.0,6.0,0.4166666666666667,0.0,0.0,0.0,0.0,,0.0,0.0,0.0,0.0,,,,0.0,0.0,0.0,0.0,0.0,0.0,0.0,0.0,0.0,0.0,,,,
2024-03-21,718.0,5.0,0.3472222222222222,18.0,50.0,137.0,0.0,,0.0,18.0,18.0,0.0,,,,0.0,0.0,0.0,0.0,0.0,0.0,0.0,0.0,0.0,0.0,,,,
2024-03-20,730.0,13.0,0.9027777777777778,128.0,323.0,420.0,0.0,,0.0,128.0,127.0,0.0,,,,0.0,0.0,0.0,0.0,0.0,0.0,0.0,0.0,0.0,0.0,,,,
2024-03-28,86807.0,4.0,0.2777777777777778,3.0,32.0,10.0,0.0,,0.0,3.0,3.0,0.0,,,,0.0,0.0,0.0,0.0,0.0,0.0,0.0,0.0,0.0,0.0,,,,
2024-03-24,710.0,2.0,0.1388888888888889,23.0,0.0,23.0,0.0,,0.0,23.0,23.0,0.0,,,,0.0,0.0,0.0,0.0,0.0,0.0,0.0,0.0,0.0,0.0,,,,
2024-03-12,718.0,5.0,0.3472222222222222,18.0,50.0,137.0,0.0,,0.0,18.0,18.0,0.0,,,,0.0,0.0,0.0,0.0,0.0,0.0,0.0,0.0,0.0,0.0,,,,
2024-03-11,730.0,13.0,0.9027777777777778,128.0,323.0,420.0,0.0,,0.0,128.0,127.0,0.0,,,,0.0,0.0,0.0,0.0,0.0,0.0,0.0,0.0,0.0,0.0,,,,
2024-03-19,86807.0,4.0,0.2777777777777778,3.0,32.0,10.0,0.0,,0.0,3.0,3.0,0.0,,,,0.0,0.0,0.0,0.0,0.0,0.0,0.0,0.0,0.0,0.0,,,,
2024-03-15,710.0,2.0,0.1388888888888889,23.0,0.0,23.0,0.0,,0.0,23.0,23.0,0.0,,,,0.0,0.0,0.0,0.0,0.0,0.0,0.0,0.0,0.0,0.0,,,,
2024-03-19,739.0,14.0,0.9722222222222222,284.0,2457.0,504.0,0.0,,0.0,284.0,283.0,0.0,,,,0.0,0.0,0.0,0.0,0.0,0.0,0.0,0.0,0.0,0.0,,,,
2024-03-17,711.0,6.0,0.4166666666666667,8.0,0.0,8.0,0.0,,0.0,8.0,8.0,0.0,,,,0.0,0.0,0.0,0.0,0.0,0.0,0.0,0.0,0.0,0.0,,,,
2024-03-19,86810.0,4.0,0.2777777777777778,1.0,2.0,14.0,0.0,,0.0,1.0,1.0,0.0,,,,0.0,0.0,0.0,0.0,0.0,0.0,0.0,0.0,0.0,0.0,,,,
2024-03-11,739.0,13.0,0.9027777777777778,393.0,4003.0,683.0,8.0,,0.0,385.0,385.0,0.0,,,,0.0,0.0,0.0,0.0,0.0,0.0,0.0,0.0,0.0,0.0,,,,
2024-03-12,738.0,5.0,0.3472222222222222,13.0,80.0,37.0,0.0,,0.0,13.0,13.0,0.0,,,,0.0,0.0,0.0,0.0,0.0,0.0,0.0,0.0,0.0,0.0,,,,
2024-03-28,739.0,14.0,0.9722222222222222,284.0,2457.0,504.0,0.0,,0.0,284.0,283.0,0.0,,,,0.0,0.0,0.0,0.0,0.0,0.0,0.0,0.0,0.0,0.0,,,,
2024-03-26,711.0,6.0,0.4166666666666667,8.0,0.0,8.0,0.0,,0.0,8.0,8.0,0.0,,,,0.0,0.0,0.0,0.0,0.0,0.0,0.0,0.0,0.0,0.0,,,,
2024-03-28,86810.0,4.0,0.2777777777777778,1.0,2.0,14.0,0.0,,0.0,1.0,1.0,0.0,,,,0.0,0.0,0.0,0.0,0.0,0.0,0.0,0.0,0.0,0.0,,,,
2024-03-20,739.0,13.0,0.9027777777777778,393.0,4003.0,683.0,8.0,,0.0,385.0,385.0,0.0,,,,0.0,0.0,0.0,0.0,0.0,0.0,0.0,0.0,0.0,0.0,,,,
2024-03-21,738.0,5.0,0.3472222222222222,13.0,80.0,37.0,0.0,,0.0,13.0,13.0,0.0,,,,0.0,0.0,0.0,0.0,0.0,0.0,0.0,0.0,0.0,0.0,,,,
2024-03-26,738.0,6.0,0.4166666666666667,5.0,0.0,8.0,0.0,,0.0,5.0,5.0,0.0,,,,0.0,0.0,0.0,0.0,0.0,0.0,0.0,0.0,0.0,0.0,,,,
2024-03-26,731.0,6.0,0.4166666666666667,2.0,1.0,2.0,0.0,,0.0,2.0,2.0,0.0,,,,0.0,0.0,0.0,0.0,0.0,0.0,0.0,0.0,0.0,0.0,,,,
2024-03-28,86799.0,4.0,0.2777777777777778,9.0,4.0,25.0,0.0,,0.0,9.0,9.0,0.0,,,,0.0,0.0,0.0,0.0,0.0,0.0,0.0,0.0,0.0,0.0,,,,
2024-03-26,729.0,6.0,0.4166666666666667,4.0,1.0,9.0,0.0,,0.0,4.0,4.0,0.0,,,,0.0,0.0,0.0,0.0,0.0,0.0,0.0,0.0,0.0,0.0,,,,
2024-03-26,702.0,7.0,0.4861111111111111,0.0,13.0,29.0,0.0,,0.0,0.0,0.0,0.0,,,,0.0,0.0,0.0,0.0,0.0,0.0,0.0,0.0,0.0,0.0,,,,
2024-03-26,708.0,5.0,0.3472222222222222,4.0,1.0,6.0,0.0,,0.0,4.0,4.0,0.0,,,,0.0,0.0,0.0,0.0,0.0,0.0,0.0,0.0,0.0,0.0,,,,
2024-03-26,719.0,6.0,0.4166666666666667,0.0,0.0,0.0,0.0,,0.0,0.0,0.0,0.0,,,,0.0,0.0,0.0,0.0,0.0,0.0,0.0,0.0,0.0,0.0,,,,
2024-03-28,86801.0,4.0,0.2777777777777778,2.0,0.0,7.0,0.0,,0.0,2.0,2.0,0.0,,,,0.0,0.0,0.0,0.0,0.0,0.0,0.0,0.0,0.0,0.0,,,,
2024-03-21,706.0,5.0,0.3472222222222222,1.0,1.0,2.0,0.0,,0.0,1.0,1.0,0.0,,,,0.0,0.0,0.0,0.0,0.0,0.0,0.0,0.0,0.0,0.0,,,,
2024-03-26,716.0,5.0,0.3472222222222222,6.0,4.0,25.0,0.0,,0.0,6.0,6.0,0.0,,,,0.0,0.0,0.0,0.0,0.0,0.0,0.0,0.0,0.0,0.0,,,,
2024-03-21,715.0,10.0,0.6944444444444444,12.0,8.0,25.0,0.0,,0.0,12.0,12.0,0.0,,,,0.0,0.0,0.0,0.0,0.0,0.0,0.0,0.0,0.0,0.0,,,,
2024-03-20,710.0,13.0,0.9027777777777778,307.0,68.0,323.0,0.0,,0.0,307.0,306.0,1.0,,,,0.0,0.0,0.0,0.0,0.0,0.0,0.0,0.0,0.0,0.0,,,,
2024-03-20,727.0,13.0,0.9027777777777778,221.0,6.0,236.0,0.0,,0.0,221.0,211.0,10.0,,,,0.0,0.0,0.0,0.0,0.0,0.0,0.0,0.0,0.0,0.0,,,,
2024-03-13,710.0,10.0,0.6944444444444444,67.0,6.0,69.0,0.0,,0.0,67.0,67.0,0.0,,,,0.0,0.0,0.0,0.0,0.0,0.0,0.0,0.0,0.0,0.0,,,,
2024-03-04,710.0,10.0,0.6944444444444444,67.0,6.0,69.0,0.0,,0.0,67.0,67.0,0.0,,,,0.0,0.0,0.0,0.0,0.0,0.0,0.0,0.0,0.0,0.0,,,,
2024-03-04,717.0,5.0,0.3472222222222222,3.0,0.0,3.0,0.0,,0.0,3.0,3.0,0.0,,,,0.0,0.0,0.0,0.0,0.0,0.0,0.0,0.0,0.0,0.0,,,,
2024-03-17,738.0,6.0,0.4166666666666667,5.0,0.0,8.0,0.0,,0.0,5.0,5.0,0.0,,,,0.0,0.0,0.0,0.0,0.0,0.0,0.0,0.0,0.0,0.0,,,,
2024-03-17,731.0,6.0,0.4166666666666667,2.0,1.0,2.0,0.0,,0.0,2.0,2.0,0.0,,,,0.0,0.0,0.0,0.0,0.0,0.0,0.0,0.0,0.0,0.0,,,,
2024-03-19,86799.0,4.0,0.2777777777777778,9.0,4.0,25.0,0.0,,0.0,9.0,9.0,0.0,,,,0.0,0.0,0.0,0.0,0.0,0.0,0.0,0.0,0.0,0.0,,,,
2024-03-17,729.0,6.0,0.4166666666666667,4.0,1.0,9.0,0.0,,0.0,4.0,4.0,0.0,,,,0.0,0.0,0.0,0.0,0.0,0.0,0.0,0.0,0.0,0.0,,,,
2024-03-17,702.0,7.0,0.4861111111111111,0.0,13.0,29.0,0.0,,0.0,0.0,0.0,0.0,,,,0.0,0.0,0.0,0.0,0.0,0.0,0.0,0.0,0.0,0.0,,,,
2024-03-17,708.0,5.0,0.3472222222222222,4.0,1.0,6.0,0.0,,0.0,4.0,4.0,0.0,,,,0.0,0.0,0.0,0.0,0.0,0.0,0.0,0.0,0.0,0.0,,,,
2024-03-17,719.0,6.0,0.4166666666666667,0.0,0.0,0.0,0.0,,0.0,0.0,0.0,0.0,,,,0.0,0.0,0.0,0.0,0.0,0.0,0.0,0.0,0.0,0.0,,,,
2024-03-19,86801.0,4.0,0.2777777777777778,2.0,0.0,7.0,0.0,,0.0,2.0,2.0,0.0,,,,0.0,0.0,0.0,0.0,0.0,0.0,0.0,0.0,0.0,0.0,,,,
2024-03-12,706.0,5.0,0.3472222222222222,1.0,1.0,2.0,0.0,,0.0,1.0,1.0,0.0,,,,0.0,0.0,0.0,0.0,0.0,0.0,0.0,0.0,0.0,0.0,,,,
2024-03-17,716.0,5.0,0.3472222222222222,6.0,4.0,25.0,0.0,,0.0,6.0,6.0,0.0,,,,0.0,0.0,0.0,0.0,0.0,0.0,0.0,0.0,0.0,0.0,,,,
2024-03-12,715.0,10.0,0.6944444444444444,12.0,8.0,25.0,0.0,,0.0,12.0,12.0,0.0,,,,0.0,0.0,0.0,0.0,0.0,0.0,0.0,0.0,0.0,0.0,,,,
2024-03-11,710.0,13.0,0.9027777777777778,307.0,68.0,323.0,0.0,,0.0,307.0,306.0,1.0,,,,0.0,0.0,0.0,0.0,0.0,0.0,0.0,0.0,0.0,0.0,,,,
2024-03-11,727.0,13.0,0.9027777777777778,221.0,6.0,236.0,0.0,,0.0,221.0,211.0,10.0,,,,0.0,0.0,0.0,0.0,0.0,0.0,0.0,0.0,0.0,0.0,,,,
2024-03-13,717.0,5.0,0.3472222222222222,3.0,0.0,3.0,0.0,,0.0,3.0,3.0,0.0,,,,0.0,0.0,0.0,0.0,0.0,0.0,0.0,0.0,0.0,0.0,,,,
2024-03-13,727.0,10.0,0.6944444444444444,20.0,1.0,20.0,0.0,,0.0,20.0,19.0,1.0,,,,0.0,0.0,0.0,0.0,0.0,0.0,0.0,0.0,0.0,0.0,,,,
2024-03-04,727.0,10.0,0.6944444444444444,20.0,1.0,20.0,0.0,,0.0,20.0,19.0,1.0,,,,0.0,0.0,0.0,0.0,0.0,0.0,0.0,0.0,0.0,0.0,,,,
2024-03-16,703.0,6.0,0.4166666666666667,12.0,0.0,12.0,0.0,,0.0,12.0,12.0,0.0,,,,0.0,0.0,0.0,0.0,0.0,0.0,0.0,0.0,0.0,0.0,,,,
2024-03-07,703.0,6.0,0.4166666666666667,12.0,0.0,12.0,0.0,,0.0,12.0,12.0,0.0,,,,0.0,0.0,0.0,0.0,0.0,0.0,0.0,0.0,0.0,0.0,,,,
2024-03-16,717.0,6.0,0.4166666666666667,3.0,0.0,3.0,0.0,,0.0,3.0,3.0,0.0,,,,0.0,0.0,0.0,0.0,0.0,0.0,0.0,0.0,0.0,0.0,,,,
2024-03-07,717.0,6.0,0.4166666666666667,3.0,0.0,3.0,0.0,,0.0,3.0,3.0,0.0,,,,0.0,0.0,0.0,0.0,0.0,0.0,0.0,0.0,0.0,0.0,,,,
2024-03-07,712.0,6.0,0.4166666666666667,0.0,0.0,0.0,0.0,,0.0,0.0,0.0,0.0,,,,0.0,0.0,0.0,0.0,0.0,0.0,0.0,0.0,0.0,0.0,,,,
2024-03-16,712.0,6.0,0.4166666666666667,0.0,0.0,0.0,0.0,,0.0,0.0,0.0,0.0,,,,0.0,0.0,0.0,0.0,0.0,0.0,0.0,0.0,0.0,0.0,,,,
2024-03-16,725.0,6.0,0.4166666666666667,1.0,0.0,1.0,0.0,,0.0,1.0,1.0,0.0,,,,0.0,0.0,0.0,0.0,0.0,0.0,0.0,0.0,0.0,0.0,,,,
2024-03-07,725.0,6.0,0.4166666666666667,1.0,0.0,1.0,0.0,,0.0,1.0,1.0,0.0,,,,0.0,0.0,0.0,0.0,0.0,0.0,0.0,0.0,0.0,0.0,,,,
2024-03-13,721.0,10.0,0.6944444444444444,20.0,7.0,29.0,0.0,,0.0,20.0,20.0,0.0,,,,0.0,0.0,0.0,0.0,0.0,0.0,0.0,0.0,0.0,0.0,,,,
2024-03-16,735.0,7.0,0.4861111111111111,2.0,0.0,2.0,0.0,,0.0,2.0,2.0,0.0,,,,0.0,0.0,0.0,0.0,0.0,0.0,0.0,0.0,0.0,0.0,,,,
2024-03-04,721.0,10.0,0.6944444444444444,20.0,7.0,29.0,0.0,,0.0,20.0,20.0,0.0,,,,0.0,0.0,0.0,0.0,0.0,0.0,0.0,0.0,0.0,0.0,,,,
2024-03-07,735.0,7.0,0.4861111111111111,2.0,0.0,2.0,0.0,,0.0,2.0,2.0,0.0,,,,0.0,0.0,0.0,0.0,0.0,0.0,0.0,0.0,0.0,0.0,,,,
2024-03-14,727.0,2.0,0.1388888888888889,1.0,0.0,1.0,0.0,,0.0,1.0,1.0,0.0,,,,0.0,0.0,0.0,0.0,0.0,0.0,0.0,0.0,0.0,0.0,,,,
2024-03-05,727.0,2.0,0.1388888888888889,1.0,0.0,1.0,0.0,,0.0,1.0,1.0,0.0,,,,0.0,0.0,0.0,0.0,0.0,0.0,0.0,0.0,0.0,0.0,,,,
2024-03-16,733.0,5.0,0.3472222222222222,4.0,0.0,6.0,0.0,,0.0,4.0,4.0,0.0,,,,0.0,0.0,0.0,0.0,0.0,0.0,0.0,0.0,0.0,0.0,,,,
2024-03-07,733.0,5.0,0.3472222222222222,4.0,0.0,6.0,0.0,,0.0,4.0,4.0,0.0,,,,0.0,0.0,0.0,0.0,0.0,0.0,0.0,0.0,0.0,0.0,,,,
2024-03-07,718.0,6.0,0.4166666666666667,9.0,1.0,10.0,0.0,,0.0,9.0,9.0,0.0,,,,0.0,0.0,0.0,0.0,0.0,0.0,0.0,0.0,0.0,0.0,,,,
2024-03-01,715.0,13.0,0.9027777777777778,107.0,1192.0,153.0,2.0,,0.0,105.0,104.0,1.0,,,,0.0,0.0,0.0,0.0,0.0,0.0,0.0,0.0,0.0,0.0,,,,
2024-03-04,730.0,10.0,0.6944444444444444,18.0,15.0,98.0,0.0,,0.0,18.0,18.0,0.0,,,,0.0,0.0,0.0,0.0,0.0,0.0,0.0,0.0,0.0,0.0,,,,
2024-03-07,709.0,6.0,0.4166666666666667,0.0,0.0,0.0,0.0,,0.0,0.0,0.0,0.0,,,,0.0,0.0,0.0,0.0,0.0,0.0,0.0,0.0,0.0,0.0,,,,
2024-03-05,739.0,2.0,0.1388888888888889,38.0,160.0,49.0,0.0,,0.0,38.0,38.0,0.0,,,,0.0,0.0,0.0,0.0,0.0,0.0,0.0,0.0,0.0,0.0,,,,
2024-03-07,724.0,6.0,0.4166666666666667,0.0,0.0,0.0,0.0,,0.0,0.0,0.0,0.0,,,,0.0,0.0,0.0,0.0,0.0,0.0,0.0,0.0,0.0,0.0,,,,
2024-03-07,737.0,6.0,0.4166666666666667,0.0,7.0,69.0,0.0,,0.0,0.0,0.0,0.0,,,,0.0,0.0,0.0,0.0,0.0,0.0,0.0,0.0,0.0,0.0,,,,
2024-03-07,736.0,5.0,0.3472222222222222,2.0,0.0,3.0,0.0,,0.0,2.0,2.0,0.0,,,,0.0,0.0,0.0,0.0,0.0,0.0,0.0,0.0,0.0,0.0,,,,
2024-03-07,700.0,6.0,0.4166666666666667,1.0,1.0,6.0,0.0,,0.0,1.0,1.0,0.0,,,,0.0,0.0,0.0,0.0,0.0,0.0,0.0,0.0,0.0,0.0,,,,
2024-03-07,740.0,7.0,0.4861111111111111,0.0,2.0,5.0,0.0,,0.0,0.0,0.0,0.0,,,,0.0,0.0,0.0,0.0,0.0,0.0,0.0,0.0,0.0,0.0,,,,
2024-03-16,718.0,6.0,0.4166666666666667,9.0,1.0,10.0,0.0,,0.0,9.0,9.0,0.0,,,,0.0,0.0,0.0,0.0,0.0,0.0,0.0,0.0,0.0,0.0,,,,
2024-03-31,715.0,13.0,0.9027777777777778,107.0,1192.0,153.0,2.0,,0.0,105.0,104.0,1.0,,,,0.0,0.0,0.0,0.0,0.0,0.0,0.0,0.0,0.0,0.0,,,,
2024-03-13,730.0,10.0,0.6944444444444444,18.0,15.0,98.0,0.0,,0.0,18.0,18.0,0.0,,,,0.0,0.0,0.0,0.0,0.0,0.0,0.0,0.0,0.0,0.0,,,,
2024-03-05,730.0,2.0,0.1388888888888889,5.0,0.0,15.0,0.0,,0.0,5.0,5.0,0.0,,,,0.0,0.0,0.0,0.0,0.0,0.0,0.0,0.0,0.0,0.0,,,,
2024-03-07,705.0,5.0,0.3472222222222222,4.0,0.0,5.0,0.0,,0.0,4.0,4.0,0.0,,,,0.0,0.0,0.0,0.0,0.0,0.0,0.0,0.0,0.0,0.0,,,,
2024-03-05,715.0,2.0,0.1388888888888889,2.0,0.0,3.0,0.0,,0.0,2.0,2.0,0.0,,,,0.0,0.0,0.0,0.0,0.0,0.0,0.0,0.0,0.0,0.0,,,,
2024-03-07,728.0,7.0,0.4861111111111111,5.0,0.0,7.0,0.0,,0.0,5.0,5.0,0.0,,,,0.0,0.0,0.0,0.0,0.0,0.0,0.0,0.0,0.0,0.0,,,,
2024-03-07,723.0,6.0,0.4166666666666667,0.0,0.0,0.0,0.0,,0.0,0.0,0.0,0.0,,,,0.0,0.0,0.0,0.0,0.0,0.0,0.0,0.0,0.0,0.0,,,,
2024-03-04,719.0,5.0,0.3472222222222222,1.0,19.0,80.0,0.0,,0.0,1.0,1.0,0.0,,,,0.0,0.0,0.0,0.0,0.0,0.0,0.0,0.0,0.0,0.0,,,,
2024-03-07,732.0,5.0,0.3472222222222222,0.0,0.0,1.0,0.0,,0.0,0.0,0.0,0.0,,,,0.0,0.0,0.0,0.0,0.0,0.0,0.0,0.0,0.0,0.0,,,,
2024-03-07,713.0,7.0,0.4861111111111111,0.0,3.0,10.0,0.0,,0.0,0.0,0.0,0.0,,,,0.0,0.0,0.0,0.0,0.0,0.0,0.0,0.0,0.0,0.0,,,,
2024-03-04,739.0,10.0,0.6944444444444444,111.0,882.0,177.0,0.0,,0.0,111.0,110.0,0.0,,,,0.0,0.0,0.0,0.0,0.0,0.0,0.0,0.0,0.0,0.0,,,,
2024-03-07,704.0,7.0,0.4861111111111111,4.0,0.0,4.0,0.0,,0.0,4.0,4.0,0.0,,,,0.0,0.0,0.0,0.0,0.0,0.0,0.0,0.0,0.0,0.0,,,,
2024-03-04,700.0,5.0,0.3472222222222222,7.0,12.0,159.0,0.0,,0.0,7.0,7.0,0.0,,,,0.0,0.0,0.0,0.0,0.0,0.0,0.0,0.0,0.0,0.0,,,,
2024-03-07,707.0,6.0,0.4166666666666667,0.0,0.0,0.0,0.0,,0.0,0.0,0.0,0.0,,,,0.0,0.0,0.0,0.0,0.0,0.0,0.0,0.0,0.0,0.0,,,,
2024-03-05,721.0,2.0,0.1388888888888889,30.0,12.0,33.0,0.0,,0.0,30.0,30.0,0.0,,,,0.0,0.0,0.0,0.0,0.0,0.0,0.0,0.0,0.0,0.0,,,,
2024-03-01,721.0,13.0,0.9027777777777778,282.0,4606.0,362.0,0.0,,0.0,282.0,280.0,0.0,,,,0.0,0.0,0.0,0.0,0.0,0.0,0.0,0.0,0.0,0.0,,,,
2024-03-07,734.0,6.0,0.4166666666666667,3.0,0.0,3.0,0.0,,0.0,3.0,3.0,0.0,,,,0.0,0.0,0.0,0.0,0.0,0.0,0.0,0.0,0.0,0.0,,,,
2024-03-07,714.0,6.0,0.4166666666666667,19.0,2.0,19.0,0.0,,0.0,19.0,19.0,0.0,,,,0.0,0.0,0.0,0.0,0.0,0.0,0.0,0.0,0.0,0.0,,,,
2024-03-07,726.0,6.0,0.4166666666666667,0.0,0.0,0.0,0.0,,0.0,0.0,0.0,0.0,,,,0.0,0.0,0.0,0.0,0.0,0.0,0.0,0.0,0.0,0.0,,,,
2024-03-07,720.0,6.0,0.4166666666666667,1.0,0.0,2.0,0.0,,0.0,1.0,1.0,0.0,,,,0.0,0.0,0.0,0.0,0.0,0.0,0.0,0.0,0.0,0.0,,,,
2024-03-07,706.0,6.0,0.4166666666666667,0.0,0.0,0.0,0.0,,0.0,0.0,0.0,0.0,,,,0.0,0.0,0.0,0.0,0.0,0.0,0.0,0.0,0.0,0.0,,,,
2024-03-07,722.0,6.0,0.4166666666666667,0.0,0.0,0.0,0.0,,0.0,0.0,0.0,0.0,,,,0.0,0.0,0.0,0.0,0.0,0.0,0.0,0.0,0.0,0.0,,,,
2024-03-07,699.0,6.0,0.4166666666666667,4.0,0.0,7.0,0.0,,0.0,4.0,4.0,0.0,,,,0.0,0.0,0.0,0.0,0.0,0.0,0.0,0.0,0.0,0.0,,,,
2024-03-07,701.0,6.0,0.4166666666666667,0.0,0.0,0.0,0.0,,0.0,0.0,0.0,0.0,,,,0.0,0.0,0.0,0.0,0.0,0.0,0.0,0.0,0.0,0.0,,,,
2024-03-04,718.0,5.0,0.3472222222222222,18.0,50.0,137.0,0.0,,0.0,18.0,18.0,0.0,,,,0.0,0.0,0.0,0.0,0.0,0.0,0.0,0.0,0.0,0.0,,,,
2024-03-01,730.0,13.0,0.9027777777777778,128.0,323.0,420.0,0.0,,0.0,128.0,127.0,0.0,,,,0.0,0.0,0.0,0.0,0.0,0.0,0.0,0.0,0.0,0.0,,,,
2024-03-05,710.0,2.0,0.1388888888888889,23.0,0.0,23.0,0.0,,0.0,23.0,23.0,0.0,,,,0.0,0.0,0.0,0.0,0.0,0.0,0.0,0.0,0.0,0.0,,,,
2024-03-07,711.0,6.0,0.4166666666666667,8.0,0.0,8.0,0.0,,0.0,8.0,8.0,0.0,,,,0.0,0.0,0.0,0.0,0.0,0.0,0.0,0.0,0.0,0.0,,,,
2024-03-01,739.0,13.0,0.9027777777777778,393.0,4003.0,683.0,8.0,,0.0,385.0,385.0,0.0,,,,0.0,0.0,0.0,0.0,0.0,0.0,0.0,0.0,0.0,0.0,,,,
2024-03-04,738.0,5.0,0.3472222222222222,13.0,80.0,37.0,0.0,,0.0,13.0,13.0,0.0,,,,0.0,0.0,0.0,0.0,0.0,0.0,0.0,0.0,0.0,0.0,,,,
2024-03-07,738.0,6.0,0.4166666666666667,5.0,0.0,8.0,0.0,,0.0,5.0,5.0,0.0,,,,0.0,0.0,0.0,0.0,0.0,0.0,0.0,0.0,0.0,0.0,,,,
2024-03-07,731.0,6.0,0.4166666666666667,2.0,1.0,2.0,0.0,,0.0,2.0,2.0,0.0,,,,0.0,0.0,0.0,0.0,0.0,0.0,0.0,0.0,0.0,0.0,,,,
2024-03-07,729.0,6.0,0.4166666666666667,4.0,1.0,9.0,0.0,,0.0,4.0,4.0,0.0,,,,0.0,0.0,0.0,0.0,0.0,0.0,0.0,0.0,0.0,0.0,,,,
2024-03-07,702.0,7.0,0.4861111111111111,0.0,13.0,29.0,0.0,,0.0,0.0,0.0,0.0,,,,0.0,0.0,0.0,0.0,0.0,0.0,0.0,0.0,0.0,0.0,,,,
2024-03-07,708.0,5.0,0.3472222222222222,4.0,1.0,6.0,0.0,,0.0,4.0,4.0,0.0,,,,0.0,0.0,0.0,0.0,0.0,0.0,0.0,0.0,0.0,0.0,,,,
2024-03-07,719.0,6.0,0.4166666666666667,0.0,0.0,0.0,0.0,,0.0,0.0,0.0,0.0,,,,0.0,0.0,0.0,0.0,0.0,0.0,0.0,0.0,0.0,0.0,,,,
2024-03-04,706.0,5.0,0.3472222222222222,1.0,1.0,2.0,0.0,,0.0,1.0,1.0,0.0,,,,0.0,0.0,0.0,0.0,0.0,0.0,0.0,0.0,0.0,0.0,,,,
2024-03-07,716.0,5.0,0.3472222222222222,6.0,4.0,25.0,0.0,,0.0,6.0,6.0,0.0,,,,0.0,0.0,0.0,0.0,0.0,0.0,0.0,0.0,0.0,0.0,,,,
2024-03-04,715.0,10.0,0.6944444444444444,12.0,8.0,25.0,0.0,,0.0,12.0,12.0,0.0,,,,0.0,0.0,0.0,0.0,0.0,0.0,0.0,0.0,0.0,0.0,,,,
2024-03-01,710.0,13.0,0.9027777777777778,307.0,68.0,323.0,0.0,,0.0,307.0,306.0,1.0,,,,0.0,0.0,0.0,0.0,0.0,0.0,0.0,0.0,0.0,0.0,,,,
2024-03-01,727.0,13.0,0.9027777777777778,221.0,6.0,236.0,0.0,,0.0,221.0,211.0,10.0,,,,0.0,0.0,0.0,0.0,0.0,0.0,0.0,0.0,0.0,0.0,,,,
2024-03-16,709.0,6.0,0.4166666666666667,0.0,0.0,0.0,0.0,,0.0,0.0,0.0,0.0,,,,0.0,0.0,0.0,0.0,0.0,0.0,0.0,0.0,0.0,0.0,,,,
2024-03-14,739.0,2.0,0.1388888888888889,38.0,160.0,49.0,0.0,,0.0,38.0,38.0,0.0,,,,0.0,0.0,0.0,0.0,0.0,0.0,0.0,0.0,0.0,0.0,,,,
2024-03-16,724.0,6.0,0.4166666666666667,0.0,0.0,0.0,0.0,,0.0,0.0,0.0,0.0,,,,0.0,0.0,0.0,0.0,0.0,0.0,0.0,0.0,0.0,0.0,,,,
2024-03-16,737.0,6.0,0.4166666666666667,0.0,7.0,69.0,0.0,,0.0,0.0,0.0,0.0,,,,0.0,0.0,0.0,0.0,0.0,0.0,0.0,0.0,0.0,0.0,,,,
2024-03-16,736.0,5.0,0.3472222222222222,2.0,0.0,3.0,0.0,,0.0,2.0,2.0,0.0,,,,0.0,0.0,0.0,0.0,0.0,0.0,0.0,0.0,0.0,0.0,,,,
2024-03-16,700.0,6.0,0.4166666666666667,1.0,1.0,6.0,0.0,,0.0,1.0,1.0,0.0,,,,0.0,0.0,0.0,0.0,0.0,0.0,0.0,0.0,0.0,0.0,,,,
2024-03-16,740.0,7.0,0.4861111111111111,0.0,2.0,5.0,0.0,,0.0,0.0,0.0,0.0,,,,0.0,0.0,0.0,0.0,0.0,0.0,0.0,0.0,0.0,0.0,,,,
2024-03-14,730.0,2.0,0.1388888888888889,5.0,0.0,15.0,0.0,,0.0,5.0,5.0,0.0,,,,0.0,0.0,0.0,0.0,0.0,0.0,0.0,0.0,0.0,0.0,,,,
2024-03-16,705.0,5.0,0.3472222222222222,4.0,0.0,5.0,0.0,,0.0,4.0,4.0,0.0,,,,0.0,0.0,0.0,0.0,0.0,0.0,0.0,0.0,0.0,0.0,,,,
2024-03-14,715.0,2.0,0.1388888888888889,2.0,0.0,3.0,0.0,,0.0,2.0,2.0,0.0,,,,0.0,0.0,0.0,0.0,0.0,0.0,0.0,0.0,0.0,0.0,,,,
2024-03-16,728.0,7.0,0.4861111111111111,5.0,0.0,7.0,0.0,,0.0,5.0,5.0,0.0,,,,0.0,0.0,0.0,0.0,0.0,0.0,0.0,0.0,0.0,0.0,,,,
2024-03-16,723.0,6.0,0.4166666666666667,0.0,0.0,0.0,0.0,,0.0,0.0,0.0,0.0,,,,0.0,0.0,0.0,0.0,0.0,0.0,0.0,0.0,0.0,0.0,,,,
2024-03-13,719.0,5.0,0.3472222222222222,1.0,19.0,80.0,0.0,,0.0,1.0,1.0,0.0,,,,0.0,0.0,0.0,0.0,0.0,0.0,0.0,0.0,0.0,0.0,,,,
2024-03-22,710.0,10.0,0.6944444444444444,67.0,6.0,69.0,0.0,,0.0,67.0,67.0,0.0,,,,0.0,0.0,0.0,0.0,0.0,0.0,0.0,0.0,0.0,0.0,,,,
2024-03-30,86803.0,4.0,0.2777777777777778,2.0,0.0,2.0,0.0,,0.0,2.0,2.0,0.0,,,,0.0,0.0,0.0,0.0,0.0,0.0,0.0,0.0,0.0,0.0,,,,
2024-03-16,732.0,5.0,0.3472222222222222,0.0,0.0,1.0,0.0,,0.0,0.0,0.0,0.0,,,,0.0,0.0,0.0,0.0,0.0,0.0,0.0,0.0,0.0,0.0,,,,
2024-03-16,713.0,7.0,0.4861111111111111,0.0,3.0,10.0,0.0,,0.0,0.0,0.0,0.0,,,,0.0,0.0,0.0,0.0,0.0,0.0,0.0,0.0,0.0,0.0,,,,
2024-03-13,739.0,10.0,0.6944444444444444,111.0,882.0,177.0,0.0,,0.0,111.0,110.0,0.0,,,,0.0,0.0,0.0,0.0,0.0,0.0,0.0,0.0,0.0,0.0,,,,
2024-03-30,715.0,14.0,0.9722222222222222,64.0,21.0,96.0,0.0,,0.0,64.0,63.0,1.0,,,,0.0,0.0,0.0,0.0,0.0,0.0,0.0,0.0,0.0,0.0,,,,
2024-03-22,717.0,5.0,0.3472222222222222,3.0,0.0,3.0,0.0,,0.0,3.0,3.0,0.0,,,,0.0,0.0,0.0,0.0,0.0,0.0,0.0,0.0,0.0,0.0,,,,
2024-03-22,727.0,10.0,0.6944444444444444,20.0,1.0,20.0,0.0,,0.0,20.0,19.0,1.0,,,,0.0,0.0,0.0,0.0,0.0,0.0,0.0,0.0,0.0,0.0,,,,
2024-03-16,704.0,7.0,0.4861111111111111,4.0,0.0,4.0,0.0,,0.0,4.0,4.0,0.0,,,,0.0,0.0,0.0,0.0,0.0,0.0,0.0,0.0,0.0,0.0,,,,
2024-03-25,703.0,6.0,0.4166666666666667,12.0,0.0,12.0,0.0,,0.0,12.0,12.0,0.0,,,,0.0,0.0,0.0,0.0,0.0,0.0,0.0,0.0,0.0,0.0,,,,
2024-03-25,717.0,6.0,0.4166666666666667,3.0,0.0,3.0,0.0,,0.0,3.0,3.0,0.0,,,,0.0,0.0,0.0,0.0,0.0,0.0,0.0,0.0,0.0,0.0,,,,
2024-03-25,712.0,6.0,0.4166666666666667,0.0,0.0,0.0,0.0,,0.0,0.0,0.0,0.0,,,,0.0,0.0,0.0,0.0,0.0,0.0,0.0,0.0,0.0,0.0,,,,
2024-03-25,725.0,6.0,0.4166666666666667,1.0,0.0,1.0,0.0,,0.0,1.0,1.0,0.0,,,,0.0,0.0,0.0,0.0,0.0,0.0,0.0,0.0,0.0,0.0,,,,
2024-03-22,721.0,10.0,0.6944444444444444,20.0,7.0,29.0,0.0,,0.0,20.0,20.0,0.0,,,,0.0,0.0,0.0,0.0,0.0,0.0,0.0,0.0,0.0,0.0,,,,
2024-03-25,735.0,7.0,0.4861111111111111,2.0,0.0,2.0,0.0,,0.0,2.0,2.0,0.0,,,,0.0,0.0,0.0,0.0,0.0,0.0,0.0,0.0,0.0,0.0,,,,
2024-03-23,727.0,2.0,0.1388888888888889,1.0,0.0,1.0,0.0,,0.0,1.0,1.0,0.0,,,,0.0,0.0,0.0,0.0,0.0,0.0,0.0,0.0,0.0,0.0,,,,
2024-03-25,733.0,5.0,0.3472222222222222,4.0,0.0,6.0,0.0,,0.0,4.0,4.0,0.0,,,,0.0,0.0,0.0,0.0,0.0,0.0,0.0,0.0,0.0,0.0,,,,
2024-03-13,700.0,5.0,0.3472222222222222,7.0,12.0,159.0,0.0,,0.0,7.0,7.0,0.0,,,,0.0,0.0,0.0,0.0,0.0,0.0,0.0,0.0,0.0,0.0,,,,
2024-03-16,707.0,6.0,0.4166666666666667,0.0,0.0,0.0,0.0,,0.0,0.0,0.0,0.0,,,,0.0,0.0,0.0,0.0,0.0,0.0,0.0,0.0,0.0,0.0,,,,
2024-03-14,721.0,2.0,0.1388888888888889,30.0,12.0,33.0,0.0,,0.0,30.0,30.0,0.0,,,,0.0,0.0,0.0,0.0,0.0,0.0,0.0,0.0,0.0,0.0,,,,
2024-03-31,721.0,13.0,0.9027777777777778,282.0,4606.0,362.0,0.0,,0.0,282.0,280.0,0.0,,,,0.0,0.0,0.0,0.0,0.0,0.0,0.0,0.0,0.0,0.0,,,,
2024-03-16,734.0,6.0,0.4166666666666667,3.0,0.0,3.0,0.0,,0.0,3.0,3.0,0.0,,,,0.0,0.0,0.0,0.0,0.0,0.0,0.0,0.0,0.0,0.0,,,,
2024-03-16,714.0,6.0,0.4166666666666667,19.0,2.0,19.0,0.0,,0.0,19.0,19.0,0.0,,,,0.0,0.0,0.0,0.0,0.0,0.0,0.0,0.0,0.0,0.0,,,,
2024-03-25,718.0,6.0,0.4166666666666667,9.0,1.0,10.0,0.0,,0.0,9.0,9.0,0.0,,,,0.0,0.0,0.0,0.0,0.0,0.0,0.0,0.0,0.0,0.0,,,,
2024-03-16,726.0,6.0,0.4166666666666667,0.0,0.0,0.0,0.0,,0.0,0.0,0.0,0.0,,,,0.0,0.0,0.0,0.0,0.0,0.0,0.0,0.0,0.0,0.0,,,,
2024-03-16,720.0,6.0,0.4166666666666667,1.0,0.0,2.0,0.0,,0.0,1.0,1.0,0.0,,,,0.0,0.0,0.0,0.0,0.0,0.0,0.0,0.0,0.0,0.0,,,,
2024-03-16,706.0,6.0,0.4166666666666667,0.0,0.0,0.0,0.0,,0.0,0.0,0.0,0.0,,,,0.0,0.0,0.0,0.0,0.0,0.0,0.0,0.0,0.0,0.0,,,,
2024-03-16,722.0,6.0,0.4166666666666667,0.0,0.0,0.0,0.0,,0.0,0.0,0.0,0.0,,,,0.0,0.0,0.0,0.0,0.0,0.0,0.0,0.0,0.0,0.0,,,,
2024-03-22,730.0,10.0,0.6944444444444444,18.0,15.0,98.0,0.0,,0.0,18.0,18.0,0.0,,,,0.0,0.0,0.0,0.0,0.0,0.0,0.0,0.0,0.0,0.0,,,,
2024-03-25,709.0,6.0,0.4166666666666667,0.0,0.0,0.0,0.0,,0.0,0.0,0.0,0.0,,,,0.0,0.0,0.0,0.0,0.0,0.0,0.0,0.0,0.0,0.0,,,,
2024-03-23,739.0,2.0,0.1388888888888889,38.0,160.0,49.0,0.0,,0.0,38.0,38.0,0.0,,,,0.0,0.0,0.0,0.0,0.0,0.0,0.0,0.0,0.0,0.0,,,,
2024-03-25,724.0,6.0,0.4166666666666667,0.0,0.0,0.0,0.0,,0.0,0.0,0.0,0.0,,,,0.0,0.0,0.0,0.0,0.0,0.0,0.0,0.0,0.0,0.0,,,,
2024-03-25,737.0,6.0,0.4166666666666667,0.0,7.0,69.0,0.0,,0.0,0.0,0.0,0.0,,,,0.0,0.0,0.0,0.0,0.0,0.0,0.0,0.0,0.0,0.0,,,,
2024-03-16,699.0,6.0,0.4166666666666667,4.0,0.0,7.0,0.0,,0.0,4.0,4.0,0.0,,,,0.0,0.0,0.0,0.0,0.0,0.0,0.0,0.0,0.0,0.0,,,,
2024-03-25,736.0,5.0,0.3472222222222222,2.0,0.0,3.0,0.0,,0.0,2.0,2.0,0.0,,,,0.0,0.0,0.0,0.0,0.0,0.0,0.0,0.0,0.0,0.0,,,,
2024-03-25,700.0,6.0,0.4166666666666667,1.0,1.0,6.0,0.0,,0.0,1.0,1.0,0.0,,,,0.0,0.0,0.0,0.0,0.0,0.0,0.0,0.0,0.0,0.0,,,,
2024-03-25,740.0,7.0,0.4861111111111111,0.0,2.0,5.0,0.0,,0.0,0.0,0.0,0.0,,,,0.0,0.0,0.0,0.0,0.0,0.0,0.0,0.0,0.0,0.0,,,,
2024-03-23,730.0,2.0,0.1388888888888889,5.0,0.0,15.0,0.0,,0.0,5.0,5.0,0.0,,,,0.0,0.0,0.0,0.0,0.0,0.0,0.0,0.0,0.0,0.0,,,,
2024-03-25,705.0,5.0,0.3472222222222222,4.0,0.0,5.0,0.0,,0.0,4.0,4.0,0.0,,,,0.0,0.0,0.0,0.0,0.0,0.0,0.0,0.0,0.0,0.0,,,,
2024-03-23,715.0,2.0,0.1388888888888889,2.0,0.0,3.0,0.0,,0.0,2.0,2.0,0.0,,,,0.0,0.0,0.0,0.0,0.0,0.0,0.0,0.0,0.0,0.0,,,,
2024-03-16,701.0,6.0,0.4166666666666667,0.0,0.0,0.0,0.0,,0.0,0.0,0.0,0.0,,,,0.0,0.0,0.0,0.0,0.0,0.0,0.0,0.0,0.0,0.0,,,,
2024-03-25,728.0,7.0,0.4861111111111111,5.0,0.0,7.0,0.0,,0.0,5.0,5.0,0.0,,,,0.0,0.0,0.0,0.0,0.0,0.0,0.0,0.0,0.0,0.0,,,,
2024-03-25,723.0,6.0,0.4166666666666667,0.0,0.0,0.0,0.0,,0.0,0.0,0.0,0.0,,,,0.0,0.0,0.0,0.0,0.0,0.0,0.0,0.0,0.0,0.0,,,,
2024-03-22,719.0,5.0,0.3472222222222222,1.0,19.0,80.0,0.0,,0.0,1.0,1.0,0.0,,,,0.0,0.0,0.0,0.0,0.0,0.0,0.0,0.0,0.0,0.0,,,,
2024-03-25,732.0,5.0,0.3472222222222222,0.0,0.0,1.0,0.0,,0.0,0.0,0.0,0.0,,,,0.0,0.0,0.0,0.0,0.0,0.0,0.0,0.0,0.0,0.0,,,,
2024-03-25,713.0,7.0,0.4861111111111111,0.0,3.0,10.0,0.0,,0.0,0.0,0.0,0.0,,,,0.0,0.0,0.0,0.0,0.0,0.0,0.0,0.0,0.0,0.0,,,,
2024-03-22,739.0,10.0,0.6944444444444444,111.0,882.0,177.0,0.0,,0.0,111.0,110.0,0.0,,,,0.0,0.0,0.0,0.0,0.0,0.0,0.0,0.0,0.0,0.0,,,,
2024-03-25,704.0,7.0,0.4861111111111111,4.0,0.0,4.0,0.0,,0.0,4.0,4.0,0.0,,,,0.0,0.0,0.0,0.0,0.0,0.0,0.0,0.0,0.0,0.0,,,,
2024-03-22,700.0,5.0,0.3472222222222222,7.0,12.0,159.0,0.0,,0.0,7.0,7.0,0.0,,,,0.0,0.0,0.0,0.0,0.0,0.0,0.0,0.0,0.0,0.0,,,,
2024-03-25,707.0,6.0,0.4166666666666667,0.0,0.0,0.0,0.0,,0.0,0.0,0.0,0.0,,,,0.0,0.0,0.0,0.0,0.0,0.0,0.0,0.0,0.0,0.0,,,,
2024-03-23,721.0,2.0,0.1388888888888889,30.0,12.0,33.0,0.0,,0.0,30.0,30.0,0.0,,,,0.0,0.0,0.0,0.0,0.0,0.0,0.0,0.0,0.0,0.0,,,,
2024-03-25,734.0,6.0,0.4166666666666667,3.0,0.0,3.0,0.0,,0.0,3.0,3.0,0.0,,,,0.0,0.0,0.0,0.0,0.0,0.0,0.0,0.0,0.0,0.0,,,,
2024-03-25,714.0,6.0,0.4166666666666667,19.0,2.0,19.0,0.0,,0.0,19.0,19.0,0.0,,,,0.0,0.0,0.0,0.0,0.0,0.0,0.0,0.0,0.0,0.0,,,,
2024-03-30,86808.0,4.0,0.2777777777777778,5.0,4.0,67.0,0.0,,0.0,5.0,5.0,0.0,,,,0.0,0.0,0.0,0.0,0.0,0.0,0.0,0.0,0.0,0.0,,,,
2024-03-25,726.0,6.0,0.4166666666666667,0.0,0.0,0.0,0.0,,0.0,0.0,0.0,0.0,,,,0.0,0.0,0.0,0.0,0.0,0.0,0.0,0.0,0.0,0.0,,,,
2024-03-30,721.0,14.0,0.9722222222222222,121.0,1082.0,178.0,0.0,,0.0,121.0,121.0,0.0,,,,0.0,0.0,0.0,0.0,0.0,0.0,0.0,0.0,0.0,0.0,,,,
2024-03-30,730.0,16.0,1.1111111111111112,64.0,783.0,843.0,0.0,,0.0,64.0,63.0,1.0,,,,0.0,0.0,0.0,0.0,0.0,0.0,0.0,0.0,0.0,0.0,,,,
2024-03-30,710.0,16.0,1.1111111111111112,225.0,58.0,251.0,0.0,,0.0,225.0,225.0,0.0,,,,0.0,0.0,0.0,0.0,0.0,0.0,0.0,0.0,0.0,0.0,,,,
2024-03-25,720.0,6.0,0.4166666666666667,1.0,0.0,2.0,0.0,,0.0,1.0,1.0,0.0,,,,0.0,0.0,0.0,0.0,0.0,0.0,0.0,0.0,0.0,0.0,,,,
2024-03-30,727.0,16.0,1.1111111111111112,59.0,18.0,69.0,0.0,,0.0,59.0,59.0,0.0,,,,0.0,0.0,0.0,0.0,0.0,0.0,0.0,0.0,0.0,0.0,,,,
2024-03-25,706.0,6.0,0.4166666666666667,0.0,0.0,0.0,0.0,,0.0,0.0,0.0,0.0,,,,0.0,0.0,0.0,0.0,0.0,0.0,0.0,0.0,0.0,0.0,,,,
2024-03-25,722.0,6.0,0.4166666666666667,0.0,0.0,0.0,0.0,,0.0,0.0,0.0,0.0,,,,0.0,0.0,0.0,0.0,0.0,0.0,0.0,0.0,0.0,0.0,,,,
2024-03-25,699.0,6.0,0.4166666666666667,4.0,0.0,7.0,0.0,,0.0,4.0,4.0,0.0,,,,0.0,0.0,0.0,0.0,0.0,0.0,0.0,0.0,0.0,0.0,,,,
2024-03-25,701.0,6.0,0.4166666666666667,0.0,0.0,0.0,0.0,,0.0,0.0,0.0,0.0,,,,0.0,0.0,0.0,0.0,0.0,0.0,0.0,0.0,0.0,0.0,,,,
2024-03-22,718.0,5.0,0.3472222222222222,18.0,50.0,137.0,0.0,,0.0,18.0,18.0,0.0,,,,0.0,0.0,0.0,0.0,0.0,0.0,0.0,0.0,0.0,0.0,,,,
2024-03-30,86807.0,4.0,0.2777777777777778,3.0,32.0,10.0,0.0,,0.0,3.0,3.0,0.0,,,,0.0,0.0,0.0,0.0,0.0,0.0,0.0,0.0,0.0,0.0,,,,
2024-03-23,710.0,2.0,0.1388888888888889,23.0,0.0,23.0,0.0,,0.0,23.0,23.0,0.0,,,,0.0,0.0,0.0,0.0,0.0,0.0,0.0,0.0,0.0,0.0,,,,
2024-03-13,718.0,5.0,0.3472222222222222,18.0,50.0,137.0,0.0,,0.0,18.0,18.0,0.0,,,,0.0,0.0,0.0,0.0,0.0,0.0,0.0,0.0,0.0,0.0,,,,
2024-03-31,730.0,13.0,0.9027777777777778,128.0,323.0,420.0,0.0,,0.0,128.0,127.0,0.0,,,,0.0,0.0,0.0,0.0,0.0,0.0,0.0,0.0,0.0,0.0,,,,
2024-03-14,710.0,2.0,0.1388888888888889,23.0,0.0,23.0,0.0,,0.0,23.0,23.0,0.0,,,,0.0,0.0,0.0,0.0,0.0,0.0,0.0,0.0,0.0,0.0,,,,
2024-03-16,711.0,6.0,0.4166666666666667,8.0,0.0,8.0,0.0,,0.0,8.0,8.0,0.0,,,,0.0,0.0,0.0,0.0,0.0,0.0,0.0,0.0,0.0,0.0,,,,
2024-03-31,739.0,13.0,0.9027777777777778,393.0,4003.0,683.0,8.0,,0.0,385.0,385.0,0.0,,,,0.0,0.0,0.0,0.0,0.0,0.0,0.0,0.0,0.0,0.0,,,,
2024-03-13,738.0,5.0,0.3472222222222222,13.0,80.0,37.0,0.0,,0.0,13.0,13.0,0.0,,,,0.0,0.0,0.0,0.0,0.0,0.0,0.0,0.0,0.0,0.0,,,,
2024-03-30,739.0,14.0,0.9722222222222222,284.0,2457.0,504.0,0.0,,0.0,284.0,283.0,0.0,,,,0.0,0.0,0.0,0.0,0.0,0.0,0.0,0.0,0.0,0.0,,,,
2024-03-25,711.0,6.0,0.4166666666666667,8.0,0.0,8.0,0.0,,0.0,8.0,8.0,0.0,,,,0.0,0.0,0.0,0.0,0.0,0.0,0.0,0.0,0.0,0.0,,,,
2024-03-30,86810.0,4.0,0.2777777777777778,1.0,2.0,14.0,0.0,,0.0,1.0,1.0,0.0,,,,0.0,0.0,0.0,0.0,0.0,0.0,0.0,0.0,0.0,0.0,,,,
2024-03-22,738.0,5.0,0.3472222222222222,13.0,80.0,37.0,0.0,,0.0,13.0,13.0,0.0,,,,0.0,0.0,0.0,0.0,0.0,0.0,0.0,0.0,0.0,0.0,,,,
2024-03-25,738.0,6.0,0.4166666666666667,5.0,0.0,8.0,0.0,,0.0,5.0,5.0,0.0,,,,0.0,0.0,0.0,0.0,0.0,0.0,0.0,0.0,0.0,0.0,,,,
2024-03-25,731.0,6.0,0.4166666666666667,2.0,1.0,2.0,0.0,,0.0,2.0,2.0,0.0,,,,0.0,0.0,0.0,0.0,0.0,0.0,0.0,0.0,0.0,0.0,,,,
2024-03-30,86799.0,4.0,0.2777777777777778,9.0,4.0,25.0,0.0,,0.0,9.0,9.0,0.0,,,,0.0,0.0,0.0,0.0,0.0,0.0,0.0,0.0,0.0,0.0,,,,
2024-03-25,729.0,6.0,0.4166666666666667,4.0,1.0,9.0,0.0,,0.0,4.0,4.0,0.0,,,,0.0,0.0,0.0,0.0,0.0,0.0,0.0,0.0,0.0,0.0,,,,
2024-03-25,702.0,7.0,0.4861111111111111,0.0,13.0,29.0,0.0,,0.0,0.0,0.0,0.0,,,,0.0,0.0,0.0,0.0,0.0,0.0,0.0,0.0,0.0,0.0,,,,
2024-03-25,708.0,5.0,0.3472222222222222,4.0,1.0,6.0,0.0,,0.0,4.0,4.0,0.0,,,,0.0,0.0,0.0,0.0,0.0,0.0,0.0,0.0,0.0,0.0,,,,
2024-03-25,719.0,6.0,0.4166666666666667,0.0,0.0,0.0,0.0,,0.0,0.0,0.0,0.0,,,,0.0,0.0,0.0,0.0,0.0,0.0,0.0,0.0,0.0,0.0,,,,
2024-03-30,86801.0,4.0,0.2777777777777778,2.0,0.0,7.0,0.0,,0.0,2.0,2.0,0.0,,,,0.0,0.0,0.0,0.0,0.0,0.0,0.0,0.0,0.0,0.0,,,,
2024-03-22,706.0,5.0,0.3472222222222222,1.0,1.0,2.0,0.0,,0.0,1.0,1.0,0.0,,,,0.0,0.0,0.0,0.0,0.0,0.0,0.0,0.0,0.0,0.0,,,,
2024-03-25,716.0,5.0,0.3472222222222222,6.0,4.0,25.0,0.0,,0.0,6.0,6.0,0.0,,,,0.0,0.0,0.0,0.0,0.0,0.0,0.0,0.0,0.0,0.0,,,,
2024-03-22,715.0,10.0,0.6944444444444444,12.0,8.0,25.0,0.0,,0.0,12.0,12.0,0.0,,,,0.0,0.0,0.0,0.0,0.0,0.0,0.0,0.0,0.0,0.0,,,,
2024-03-16,738.0,6.0,0.4166666666666667,5.0,0.0,8.0,0.0,,0.0,5.0,5.0,0.0,,,,0.0,0.0,0.0,0.0,0.0,0.0,0.0,0.0,0.0,0.0,,,,
2024-03-16,731.0,6.0,0.4166666666666667,2.0,1.0,2.0,0.0,,0.0,2.0,2.0,0.0,,,,0.0,0.0,0.0,0.0,0.0,0.0,0.0,0.0,0.0,0.0,,,,
2024-03-16,729.0,6.0,0.4166666666666667,4.0,1.0,9.0,0.0,,0.0,4.0,4.0,0.0,,,,0.0,0.0,0.0,0.0,0.0,0.0,0.0,0.0,0.0,0.0,,,,
2024-03-16,702.0,7.0,0.4861111111111111,0.0,13.0,29.0,0.0,,0.0,0.0,0.0,0.0,,,,0.0,0.0,0.0,0.0,0.0,0.0,0.0,0.0,0.0,0.0,,,,
2024-03-16,708.0,5.0,0.3472222222222222,4.0,1.0,6.0,0.0,,0.0,4.0,4.0,0.0,,,,0.0,0.0,0.0,0.0,0.0,0.0,0.0,0.0,0.0,0.0,,,,
2024-03-16,719.0,6.0,0.4166666666666667,0.0,0.0,0.0,0.0,,0.0,0.0,0.0,0.0,,,,0.0,0.0,0.0,0.0,0.0,0.0,0.0,0.0,0.0,0.0,,,,
2024-03-13,706.0,5.0,0.3472222222222222,1.0,1.0,2.0,0.0,,0.0,1.0,1.0,0.0,,,,0.0,0.0,0.0,0.0,0.0,0.0,0.0,0.0,0.0,0.0,,,,
2024-03-16,716.0,5.0,0.3472222222222222,6.0,4.0,25.0,0.0,,0.0,6.0,6.0,0.0,,,,0.0,0.0,0.0,0.0,0.0,0.0,0.0,0.0,0.0,0.0,,,,
2024-03-13,715.0,10.0,0.6944444444444444,12.0,8.0,25.0,0.0,,0.0,12.0,12.0,0.0,,,,0.0,0.0,0.0,0.0,0.0,0.0,0.0,0.0,0.0,0.0,,,,
2024-03-31,710.0,13.0,0.9027777777777778,307.0,68.0,323.0,0.0,,0.0,307.0,306.0,1.0,,,,0.0,0.0,0.0,0.0,0.0,0.0,0.0,0.0,0.0,0.0,,,,
2024-03-31,727.0,13.0,0.9027777777777778,221.0,6.0,236.0,0.0,,0.0,221.0,211.0,10.0,,,,0.0,0.0,0.0,0.0,0.0,0.0,0.0,0.0,0.0,0.0,,,,
