begintime,sk_object,1526727075,1526727076,1526727077,1526727078,1526727079,1526727080,duration
2022-03-01 00:00:00,809206.0,11220214257.0,1853453246.0,10095106.0,5341287.0,56680.0,57.0,PT3600S
2022-03-01 00:00:00,809207.0,7631684753.0,766771951.0,6924964.0,3716121.0,14594.0,13.0,PT3600S
2022-03-01 00:00:00,809269.0,15485495521.0,1810390956.0,13454585.0,6676193.0,24420.0,37.0,PT3600S
2022-03-01 00:00:00,810496.0,12855283779.0,1434115240.0,10426847.0,5702105.0,325.0,9.0,PT3600S
2022-03-01 00:00:00,810520.0,361344.0,273836.0,1101.0,1040.0,0.0,0.0,PT3600S
2022-03-01 00:00:00,810562.0,21808333555.0,1443502151.0,18487296.0,9188217.0,25486.0,75.0,PT3600S
2022-03-01 00:00:00,810571.0,17852343520.0,5193415065.0,15992128.0,10044507.0,227.0,3.0,PT3600S
2022-03-01 00:00:00,810600.0,302647669.0,27888029.0,232492.0,79966.0,0.0,0.0,PT3600S
2022-03-01 00:00:00,810607.0,1930314315.0,422301854.0,1844703.0,1123356.0,8.0,1.0,PT3600S
2022-03-01 00:00:00,810626.0,1003036193.0,55940503.0,856136.0,193609.0,71.0,1.0,PT3600S
2022-03-01 00:00:00,810637.0,15496576535.0,1270004729.0,13412263.0,7466329.0,21277.0,59.0,PT3600S
2022-03-01 00:00:00,810654.0,18359992655.0,2322726872.0,15694331.0,7758928.0,123309.0,174.0,PT3600S
2022-03-01 00:00:00,810667.0,24452407787.0,2338230222.0,21193473.0,12142532.0,23452.0,60.0,PT3600S
2022-03-01 00:00:00,810668.0,1089169018.0,234322847.0,994332.0,633087.0,0.0,0.0,PT3600S
2022-03-01 00:00:00,810679.0,28121393885.0,3480880026.0,24251421.0,15033995.0,1411.0,6.0,PT3600S
2022-03-01 00:00:00,810683.0,20946530009.0,2419097170.0,17218267.0,9082059.0,5303.0,20.0,PT3600S
2022-03-01 00:00:00,810739.0,11373487629.0,1617826992.0,9726484.0,5527497.0,5544.0,30.0,PT3600S
2022-03-01 00:00:00,810741.0,13849589980.0,2567124808.0,12422787.0,7085061.0,6752.0,23.0,PT3600S
2022-03-01 00:00:00,810754.0,8238735135.0,1115933339.0,7091002.0,4424603.0,32052.0,33.0,PT3600S
2022-03-01 00:00:00,810777.0,35062045989.0,3688149429.0,29797396.0,17910443.0,78835.0,155.0,PT3600S
2022-03-01 00:00:00,810784.0,4992533234.0,617134389.0,4423420.0,2757411.0,80.0,1.0,PT3600S
2022-03-01 00:00:00,810789.0,12883604280.0,1060111224.0,10773393.0,4626479.0,24946.0,64.0,PT3600S
2022-03-01 00:00:00,810790.0,0.0,0.0,0.0,0.0,0.0,0.0,PT3600S
2022-03-01 00:00:00,810811.0,22527205446.0,2434697204.0,19244469.0,10819955.0,182816.0,164.0,PT3600S
2022-03-01 00:00:00,810812.0,15698293380.0,979639873.0,12951205.0,5634534.0,4639.0,12.0,PT3600S
2022-03-01 00:00:00,810876.0,18290490900.0,1536241851.0,14966796.0,8356784.0,11129.0,12.0,PT3600S
2022-03-01 00:00:00,810914.0,3478940510.0,148797581.0,2827328.0,1139806.0,1820.0,2.0,PT3600S
2022-03-01 00:00:00,810922.0,10785169656.0,971632170.0,8846412.0,4781830.0,1895.0,27.0,PT3600S
2022-03-01 00:00:00,810926.0,5100663171.0,1206726747.0,4941524.0,3013647.0,185478.0,137.0,PT3600S
2022-03-01 00:00:00,810927.0,23427820462.0,1964061427.0,19867901.0,9409386.0,29576.0,99.0,PT3600S
2022-03-01 00:00:00,810948.0,13583037927.0,1698338943.0,11735479.0,6814021.0,87625.0,197.0,PT3600S
2022-03-01 00:00:00,810951.0,1155903162.0,317259671.0,1007213.0,577156.0,0.0,0.0,PT3600S
2022-03-01 00:00:00,810952.0,2045524517.0,275023891.0,1838416.0,1059359.0,244.0,4.0,PT3600S
2022-03-01 00:00:00,810969.0,10200420498.0,1080442867.0,8709807.0,4993392.0,1495.0,6.0,PT3600S
2022-03-01 00:00:00,810982.0,30816042925.0,3138059402.0,27023593.0,15053585.0,64067.0,121.0,PT3600S
2022-03-01 00:00:00,810989.0,3890459944.0,215163347.0,3302253.0,1512763.0,0.0,0.0,PT3600S
2022-03-01 00:00:00,810993.0,33178579162.0,5454659722.0,29006898.0,17414885.0,129813.0,147.0,PT3600S
2022-03-01 00:00:00,811013.0,23001935860.0,2568777287.0,19880190.0,11172975.0,251043.0,273.0,PT3600S
2022-03-01 00:00:00,811090.0,10258425316.0,1457707054.0,8916716.0,5176775.0,5548.0,27.0,PT3600S
2022-03-01 00:00:00,811101.0,21189873697.0,3168818611.0,18169593.0,10560280.0,34698.0,63.0,PT3600S
2022-03-01 00:00:00,811148.0,12850802103.0,3423408300.0,11942734.0,8708420.0,50067.0,97.0,PT3600S
2022-03-01 00:00:00,811156.0,4328091142.0,240376503.0,3425034.0,1710869.0,68.0,2.0,PT3600S
2022-03-01 00:00:00,811206.0,19561494241.0,1938654126.0,17194509.0,9414188.0,108759.0,140.0,PT3600S
2022-03-01 00:00:00,811312.0,17773949648.0,2764459147.0,15030803.0,8801962.0,14756.0,56.0,PT3600S
2022-03-01 00:00:00,811314.0,18520716154.0,3138719328.0,16637424.0,9844983.0,21566.0,81.0,PT3600S
2022-03-01 00:00:00,811334.0,14907275364.0,4522467971.0,13349675.0,9465207.0,7309.0,31.0,PT3600S
2022-03-01 00:00:00,811341.0,20877920130.0,1751521161.0,17496862.0,8232879.0,97363.0,164.0,PT3600S
2022-03-01 00:00:00,811358.0,2541614774.0,184936906.0,2134237.0,824315.0,915.0,1.0,PT3600S
2022-03-01 00:00:00,811383.0,5258228777.0,376420581.0,4430293.0,2665473.0,284.0,16.0,PT3600S
2022-03-01 00:00:00,811384.0,15310420821.0,2113435898.0,12903434.0,8375462.0,17672.0,22.0,PT3600S
2022-03-01 00:00:00,811389.0,18081552174.0,1337075770.0,15177064.0,7860691.0,3489.0,12.0,PT3600S
2022-03-01 00:00:00,811423.0,6627795281.0,1095463246.0,5863118.0,3264108.0,50145.0,67.0,PT3600S
2022-03-01 00:00:00,811447.0,22709651772.0,2071338828.0,19367186.0,10344200.0,7901.0,34.0,PT3600S
2022-03-01 00:00:00,811448.0,34864822634.0,5017378113.0,30138045.0,16138495.0,254394.0,417.0,PT3600S
2022-03-01 00:00:00,811449.0,10964547721.0,1007354883.0,9205031.0,5417160.0,5491.0,8.0,PT3600S
2022-03-01 00:00:00,811450.0,13283571148.0,2342616341.0,11406918.0,6818568.0,2972.0,23.0,PT3600S
2022-03-01 00:00:00,811451.0,1076040779.0,38961510.0,852904.0,260485.0,1023.0,2.0,PT3600S
2022-03-01 00:00:00,811452.0,28088928858.0,2832227950.0,24268223.0,14562888.0,33394.0,106.0,PT3600S
2022-03-01 00:00:00,811453.0,26150588729.0,3295720018.0,22779814.0,12732610.0,50195.0,65.0,PT3600S
2022-03-01 00:00:00,811454.0,1636777733.0,133044553.0,1384331.0,608893.0,0.0,0.0,PT3600S
2022-03-01 00:00:00,811455.0,28716919091.0,3139751117.0,24795941.0,15110892.0,24769.0,58.0,PT3600S
2022-03-01 00:00:00,811456.0,978599649.0,142665668.0,878235.0,557391.0,0.0,0.0,PT3600S
2022-03-01 00:00:00,811461.0,1110213425.0,59642678.0,952027.0,313441.0,60.0,1.0,PT3600S
2022-03-01 00:00:00,811462.0,3627964441.0,440958344.0,3210822.0,1800875.0,76.0,2.0,PT3600S
2022-03-01 00:00:00,811463.0,24427569744.0,2403820925.0,20815316.0,12066706.0,56833.0,90.0,PT3600S
2022-03-01 00:00:00,811465.0,8237395075.0,520834723.0,6871353.0,3776653.0,670.0,10.0,PT3600S
2022-03-01 00:00:00,811466.0,3993924.0,684115.0,4575.0,3717.0,0.0,0.0,PT3600S
2022-03-01 00:00:00,811467.0,9999668177.0,910331602.0,8512104.0,4639665.0,155419.0,184.0,PT3600S
2022-03-01 00:00:00,811468.0,12451297261.0,880120589.0,9778089.0,5397226.0,2552.0,4.0,PT3600S
2022-03-01 00:00:00,811469.0,15075393365.0,2076712886.0,13397643.0,7124427.0,64918.0,86.0,PT3600S
2022-03-01 00:00:00,811470.0,273292796.0,72658184.0,244844.0,152134.0,0.0,0.0,PT3600S
2022-03-01 00:00:00,811471.0,13487084655.0,1851482742.0,11980208.0,5886522.0,4409.0,12.0,PT3600S
2022-03-01 00:00:00,811472.0,14566644478.0,1540717023.0,12388099.0,6303672.0,9501.0,48.0,PT3600S
2022-03-01 00:00:00,811473.0,24485953801.0,3046663702.0,20771731.0,12784625.0,97031.0,129.0,PT3600S
2022-03-01 00:00:00,811474.0,12205629162.0,1742942931.0,10730442.0,6641691.0,39208.0,78.0,PT3600S
2022-03-01 00:00:00,811475.0,11166466255.0,1964319509.0,9594691.0,5386508.0,66832.0,125.0,PT3600S
2022-03-01 00:00:00,817589.0,10464881309.0,835878616.0,9031127.0,4678881.0,119871.0,99.0,PT3600S
2022-03-01 00:00:00,817609.0,9304935418.0,1207630900.0,8305692.0,5195541.0,6563.0,34.0,PT3600S
2022-03-01 00:00:00,817610.0,18233026288.0,5124506589.0,16973357.0,12159293.0,454717.0,848.0,PT3600S
2022-03-01 00:00:00,817611.0,9740522603.0,1604472243.0,8521406.0,4645824.0,8192.0,13.0,PT3600S
2022-03-01 00:00:00,817613.0,13914398151.0,678459229.0,11157525.0,5593027.0,5630.0,15.0,PT3600S
2022-03-01 00:00:00,817614.0,1503016754.0,76642329.0,1272647.0,548536.0,0.0,0.0,PT3600S
2022-03-01 00:00:00,817615.0,13537101871.0,1566516243.0,11755720.0,6772601.0,32064.0,121.0,PT3600S
2022-03-01 00:00:00,817635.0,10816217508.0,1181065679.0,9735287.0,5389534.0,42515.0,66.0,PT3600S
2022-03-01 00:00:00,832642.0,20154798501.0,2368997936.0,17389490.0,9610999.0,300921.0,331.0,PT3600S
2022-03-01 00:00:00,832643.0,19535537057.0,1698156421.0,15988731.0,7079822.0,53805.0,96.0,PT3600S
2022-03-01 00:00:00,10288380.0,3602282148.0,172397014.0,2943641.0,1450887.0,0.0,0.0,PT3600S
2022-03-01 00:00:00,11156417.0,1436420128.0,60020227.0,1166559.0,388871.0,0.0,0.0,PT3600S
2022-03-01 01:00:00,809206.0,6290149392.0,1965708227.0,5675126.0,4172639.0,3923.0,6.0,PT3600S
2022-03-01 01:00:00,809207.0,4824505903.0,609450669.0,4188535.0,2644630.0,2158.0,9.0,PT3600S
2022-03-01 01:00:00,809269.0,14014721461.0,1027680375.0,11637139.0,5854448.0,17223.0,32.0,PT3600S
2022-03-01 01:00:00,810496.0,8041417030.0,1349274380.0,6697272.0,4281810.0,5384.0,8.0,PT3600S
2022-03-01 01:00:00,810520.0,298757.0,232638.0,926.0,829.0,0.0,0.0,PT3600S
2022-03-01 01:00:00,810562.0,17917159812.0,1472100744.0,14964949.0,8204199.0,26552.0,37.0,PT3600S
2022-03-01 01:00:00,810571.0,13977957140.0,5040060852.0,12749476.0,9047777.0,198.0,2.0,PT3600S
2022-03-01 01:00:00,810600.0,238548195.0,8217651.0,199543.0,62010.0,0.0,0.0,PT3600S
2022-03-01 01:00:00,810607.0,2209460445.0,178242955.0,1853242.0,901467.0,3007.0,5.0,PT3600S
2022-03-01 01:00:00,810626.0,1438879710.0,54128274.0,1259799.0,312056.0,60.0,1.0,PT3600S
2022-03-01 01:00:00,810637.0,11067415191.0,1230330153.0,9502119.0,5972838.0,14743.0,29.0,PT3600S
2022-03-01 01:00:00,810654.0,11100946967.0,2420552008.0,9991261.0,6210655.0,23062.0,43.0,PT3600S
2022-03-01 01:00:00,810667.0,16260495359.0,1432439880.0,14011928.0,9246766.0,9342.0,24.0,PT3600S
2022-03-01 01:00:00,810668.0,817728516.0,190572194.0,769036.0,457510.0,0.0,0.0,PT3600S
2022-03-01 01:00:00,810679.0,20284610277.0,2430978590.0,17111101.0,11120330.0,2711.0,5.0,PT3600S
2022-03-01 01:00:00,810683.0,11418718660.0,905322879.0,9553954.0,5153266.0,8697.0,21.0,PT3600S
2022-03-01 01:00:00,810739.0,8807985617.0,1058854313.0,7348193.0,4532091.0,9368.0,34.0,PT3600S
2022-03-01 01:00:00,810741.0,10160972381.0,1504654659.0,9278588.0,6263174.0,9081.0,11.0,PT3600S
2022-03-01 01:00:00,810754.0,5442551777.0,1610846558.0,5020398.0,3549881.0,120221.0,111.0,PT3600S
2022-03-01 01:00:00,810777.0,23092611023.0,2906759020.0,20001124.0,13836098.0,21116.0,46.0,PT3600S
2022-03-01 01:00:00,810784.0,3528804629.0,212186950.0,2947505.0,1857189.0,0.0,0.0,PT3600S
2022-03-01 01:00:00,810789.0,11756431810.0,921780295.0,9528860.0,5161052.0,12225.0,79.0,PT3600S
2022-03-01 01:00:00,810790.0,0.0,0.0,0.0,0.0,0.0,0.0,PT3600S
2022-03-01 01:00:00,810811.0,16442291021.0,1540865183.0,13601516.0,7819266.0,14459.0,24.0,PT3600S
2022-03-01 01:00:00,810812.0,8368391116.0,728436004.0,7021232.0,3955277.0,7047.0,13.0,PT3600S
2022-03-01 01:00:00,810876.0,15660275801.0,1396979447.0,12526177.0,7157903.0,16.0,2.0,PT3600S
2022-03-01 01:00:00,810914.0,1655553422.0,82992072.0,1353869.0,805895.0,0.0,0.0,PT3600S
2022-03-01 01:00:00,810922.0,7951228552.0,603699431.0,6641656.0,4019703.0,883.0,13.0,PT3600S
2022-03-01 01:00:00,810926.0,4083640886.0,1158589946.0,3632906.0,2301763.0,66879.0,51.0,PT3600S
2022-03-01 01:00:00,810927.0,12491313243.0,1594506789.0,11561260.0,7985524.0,6068.0,37.0,PT3600S
2022-03-01 01:00:00,810948.0,10399781566.0,885273021.0,8636935.0,5410742.0,23035.0,46.0,PT3600S
2022-03-01 01:00:00,810951.0,225777664.0,20343188.0,196892.0,103340.0,0.0,0.0,PT3600S
2022-03-01 01:00:00,810952.0,1572794109.0,77157179.0,1215052.0,798315.0,0.0,0.0,PT3600S
2022-03-01 01:00:00,810969.0,2752444799.0,202235602.0,2269600.0,1293240.0,167.0,2.0,PT3600S
2022-03-01 01:00:00,810982.0,24844677523.0,2890649121.0,21651465.0,13700518.0,94880.0,117.0,PT3600S
2022-03-01 01:00:00,810989.0,2902529078.0,173302001.0,2361847.0,1273403.0,0.0,0.0,PT3600S
2022-03-01 01:00:00,810993.0,30609612752.0,3209777644.0,24688262.0,14911138.0,29960.0,54.0,PT3600S
2022-03-01 01:00:00,811013.0,17429516065.0,2062290683.0,14851036.0,8803770.0,4084.0,19.0,PT3600S
2022-03-01 01:00:00,811090.0,7184646330.0,876663642.0,6325266.0,3913078.0,4232.0,4.0,PT3600S
2022-03-01 01:00:00,811101.0,18549748259.0,2802140278.0,15789263.0,9934416.0,47881.0,47.0,PT3600S
2022-03-01 01:00:00,811148.0,10957464401.0,1012402524.0,9198582.0,5889435.0,23472.0,40.0,PT3600S
2022-03-01 01:00:00,811156.0,1894356569.0,186715994.0,1688335.0,888273.0,0.0,0.0,PT3600S
2022-03-01 01:00:00,811170.0,6054771106.0,488812522.0,5149081.0,2850350.0,16399.0,38.0,PT3600S
2022-03-01 01:00:00,811206.0,16274649305.0,1416138070.0,13883509.0,8501423.0,284.0,8.0,PT3600S
2022-03-01 01:00:00,811312.0,12469707963.0,1318284108.0,10485128.0,5255493.0,5361.0,31.0,PT3600S
2022-03-01 01:00:00,811314.0,10500149630.0,2298193102.0,9573027.0,6669454.0,11354.0,29.0,PT3600S
2022-03-01 01:00:00,811334.0,9231734305.0,2148662154.0,8297483.0,5800124.0,3025.0,7.0,PT3600S
2022-03-01 01:00:00,811341.0,15966899951.0,1634835360.0,13207807.0,7005252.0,17102.0,26.0,PT3600S
2022-03-01 01:00:00,811358.0,986042130.0,78008565.0,822084.0,399880.0,0.0,0.0,PT3600S
2022-03-01 01:00:00,811383.0,3300876948.0,338878606.0,2821651.0,2060352.0,6314.0,18.0,PT3600S
2022-03-01 01:00:00,811384.0,0.0,0.0,0.0,0.0,0.0,0.0,PT3600S
2022-03-01 01:00:00,811389.0,14318110314.0,828720573.0,11319739.0,6083269.0,6053.0,11.0,PT3600S
2022-03-01 01:00:00,811423.0,8544224255.0,1442086530.0,7543989.0,4592449.0,51361.0,50.0,PT3600S
2022-03-01 01:00:00,811447.0,15488560230.0,2522481092.0,13626074.0,8968091.0,201.0,3.0,PT3600S
2022-03-01 01:00:00,811448.0,25870507956.0,7249714671.0,23757268.0,15200344.0,143975.0,216.0,PT3600S
2022-03-01 01:00:00,811449.0,6613087060.0,495417395.0,5414336.0,3736337.0,3858.0,3.0,PT3600S
2022-03-01 01:00:00,811450.0,10409784843.0,1135096643.0,8500286.0,4385634.0,136.0,3.0,PT3600S
2022-03-01 01:00:00,811451.0,1072669738.0,44332145.0,838478.0,373675.0,174.0,1.0,PT3600S
2022-03-01 01:00:00,811452.0,23193328451.0,2680855717.0,19638866.0,12738070.0,4124.0,31.0,PT3600S
2022-03-01 01:00:00,811453.0,21245335708.0,1788735655.0,17365544.0,9507212.0,5894.0,18.0,PT3600S
2022-03-01 01:00:00,811454.0,554024491.0,43666575.0,484360.0,211989.0,0.0,0.0,PT3600S
2022-03-01 01:00:00,811455.0,22201950421.0,2439333230.0,18959672.0,13130618.0,69712.0,68.0,PT3600S
2022-03-01 01:00:00,811456.0,709611898.0,61254003.0,635468.0,401980.0,99.0,1.0,PT3600S
2022-03-01 01:00:00,811461.0,151804447.0,12258142.0,139940.0,57958.0,0.0,0.0,PT3600S
2022-03-01 01:00:00,811462.0,1828263500.0,111120056.0,1480151.0,892570.0,0.0,0.0,PT3600S
2022-03-01 01:00:00,811463.0,16434853616.0,1609051869.0,13714652.0,9237641.0,13368.0,32.0,PT3600S
2022-03-01 01:00:00,811465.0,6179442082.0,464056880.0,5144151.0,3500039.0,2114.0,11.0,PT3600S
2022-03-01 01:00:00,811466.0,6663191.0,541171.0,6373.0,3531.0,0.0,0.0,PT3600S
2022-03-01 01:00:00,811467.0,6111466525.0,620115275.0,5175625.0,3410410.0,15167.0,39.0,PT3600S
2022-03-01 01:00:00,811468.0,5891663311.0,533798566.0,4785551.0,3340778.0,92.0,2.0,PT3600S
2022-03-01 01:00:00,811469.0,8886460851.0,1072624128.0,7898013.0,4828301.0,4174.0,12.0,PT3600S
2022-03-01 01:00:00,811470.0,313574702.0,17772791.0,283858.0,100912.0,0.0,0.0,PT3600S
2022-03-01 01:00:00,811471.0,6355318908.0,630027865.0,5501374.0,3567824.0,246.0,4.0,PT3600S
2022-03-01 01:00:00,811472.0,7522504554.0,1498464930.0,6572648.0,4317070.0,45033.0,47.0,PT3600S
2022-03-01 01:00:00,811473.0,16500295590.0,6642506647.0,15372013.0,13370821.0,9060.0,40.0,PT3600S
2022-03-01 01:00:00,811474.0,8058993793.0,649659901.0,6762829.0,4667664.0,8063.0,36.0,PT3600S
2022-03-01 01:00:00,811475.0,7611272556.0,1337985401.0,6776804.0,4027247.0,8837.0,29.0,PT3600S
2022-03-01 01:00:00,817589.0,6895789355.0,710919194.0,5921002.0,3044694.0,390.0,8.0,PT3600S
2022-03-01 01:00:00,817609.0,6548119197.0,729826000.0,5540761.0,3968920.0,10640.0,28.0,PT3600S
2022-03-01 01:00:00,817610.0,14172779645.0,3952048601.0,12714641.0,9467024.0,73304.0,254.0,PT3600S
2022-03-01 01:00:00,817611.0,5512461938.0,928086048.0,4758687.0,2821885.0,2056.0,13.0,PT3600S
2022-03-01 01:00:00,817613.0,9535414846.0,504631021.0,7590602.0,4478697.0,194162.0,160.0,PT3600S
2022-03-01 01:00:00,817614.0,929124102.0,72032395.0,857959.0,598831.0,99.0,1.0,PT3600S
2022-03-01 01:00:00,817615.0,10613955758.0,1061931213.0,8897158.0,4774837.0,29512.0,69.0,PT3600S
2022-03-01 01:00:00,817635.0,8952100926.0,1218645669.0,8692106.0,4771537.0,3106.0,13.0,PT3600S
2022-03-01 01:00:00,832642.0,10373176919.0,1201500412.0,9381341.0,5563843.0,18843.0,53.0,PT3600S
2022-03-01 01:00:00,832643.0,12303242095.0,1905354574.0,10304954.0,6131217.0,70860.0,99.0,PT3600S
2022-03-01 01:00:00,10288380.0,2949482402.0,150860547.0,2313971.0,1272050.0,0.0,0.0,PT3600S
2022-03-01 01:00:00,11156417.0,572021702.0,54028718.0,478795.0,284981.0,0.0,0.0,PT3600S
2022-03-01 02:00:00,809206.0,5334311633.0,1017457927.0,4554888.0,2969937.0,1232.0,3.0,PT3600S
2022-03-01 02:00:00,809207.0,3480808503.0,352869897.0,3083724.0,1803551.0,198.0,2.0,PT3600S
2022-03-01 02:00:00,809269.0,10019477020.0,859439229.0,8287115.0,4544902.0,72.0,1.0,PT3600S
2022-03-01 02:00:00,810496.0,8225557223.0,1303033311.0,7401251.0,5078969.0,8.0,1.0,PT3600S
2022-03-01 02:00:00,810520.0,201018.0,141045.0,656.0,586.0,0.0,0.0,PT3600S
2022-03-01 02:00:00,810562.0,12670155437.0,1165713567.0,11025922.0,6895988.0,20020.0,23.0,PT3600S
2022-03-01 02:00:00,810571.0,11092392794.0,5378298325.0,10635639.0,8358511.0,228.0,3.0,PT3600S
2022-03-01 02:00:00,810600.0,227688396.0,5975417.0,182703.0,38293.0,0.0,0.0,PT3600S
2022-03-01 02:00:00,810607.0,914207816.0,123151572.0,855135.0,526088.0,0.0,0.0,PT3600S
2022-03-01 02:00:00,810626.0,1564472397.0,41550108.0,1312811.0,234526.0,135302.0,109.0,PT3600S
2022-03-01 02:00:00,810637.0,7632984509.0,798303243.0,6803820.0,4895190.0,1610.0,7.0,PT3600S
2022-03-01 02:00:00,810654.0,7129317105.0,2028981949.0,6782837.0,5140852.0,1659.0,6.0,PT3600S
2022-03-01 02:00:00,810667.0,10151230578.0,1474399603.0,8879333.0,6669380.0,563.0,10.0,PT3600S
2022-03-01 02:00:00,810668.0,494169437.0,71461048.0,469651.0,314647.0,60.0,1.0,PT3600S
2022-03-01 02:00:00,810679.0,16740167058.0,2667574922.0,14156191.0,9179082.0,34311.0,32.0,PT3600S
2022-03-01 02:00:00,810683.0,4436490583.0,812993666.0,3993059.0,2655792.0,16.0,2.0,PT3600S
2022-03-01 02:00:00,810739.0,4327335484.0,1220548794.0,3980995.0,3159238.0,709.0,8.0,PT3600S
2022-03-01 02:00:00,810741.0,6966625682.0,1590194026.0,6441077.0,4622725.0,3731.0,12.0,PT3600S
2022-03-01 02:00:00,810754.0,2579854747.0,578678536.0,2476571.0,1991683.0,2851.0,7.0,PT3600S
2022-03-01 02:00:00,810777.0,15433602189.0,1905162930.0,13962912.0,10769501.0,36389.0,36.0,PT3600S
2022-03-01 02:00:00,810784.0,2320173250.0,218582290.0,1849690.0,1518482.0,161.0,2.0,PT3600S
2022-03-01 02:00:00,810789.0,8219914349.0,538776662.0,6705958.0,3692579.0,2259.0,42.0,PT3600S
2022-03-01 02:00:00,810790.0,0.0,0.0,0.0,0.0,0.0,0.0,PT3600S
2022-03-01 02:00:00,810811.0,12332244690.0,1160082151.0,10207845.0,5458706.0,80047.0,91.0,PT3600S
2022-03-01 02:00:00,810812.0,7545259900.0,1056594559.0,6344173.0,4177813.0,32.0,4.0,PT3600S
2022-03-01 02:00:00,810876.0,7637002782.0,1482371835.0,6414510.0,4819909.0,32.0,4.0,PT3600S
2022-03-01 02:00:00,810914.0,1553197599.0,81531152.0,1227882.0,706238.0,160.0,2.0,PT3600S
2022-03-01 02:00:00,810922.0,5635835793.0,770833239.0,4964530.0,3191352.0,277.0,9.0,PT3600S
2022-03-01 02:00:00,810926.0,3427492467.0,683256273.0,2946966.0,1875939.0,0.0,0.0,PT3600S
2022-03-01 02:00:00,810927.0,11227106420.0,1345454426.0,10710210.0,7787096.0,18964.0,26.0,PT3600S
2022-03-01 02:00:00,810948.0,6340812612.0,603156798.0,5531186.0,3688599.0,2252.0,44.0,PT3600S
2022-03-01 02:00:00,810951.0,228895103.0,17026145.0,205074.0,71722.0,0.0,0.0,PT3600S
2022-03-01 02:00:00,810952.0,1289864114.0,54418151.0,974909.0,597208.0,0.0,0.0,PT3600S
2022-03-01 02:00:00,810969.0,1471205131.0,99877695.0,1253747.0,608880.0,0.0,0.0,PT3600S
2022-03-01 02:00:00,810982.0,15307064032.0,1233657100.0,12962573.0,8478640.0,18257.0,36.0,PT3600S
2022-03-01 02:00:00,810989.0,1569413027.0,84219716.0,1306926.0,797968.0,0.0,0.0,PT3600S
2022-03-01 02:00:00,810993.0,18467241674.0,1943818354.0,15470376.0,9856678.0,154487.0,137.0,PT3600S
2022-03-01 02:00:00,811013.0,18586898140.0,1748845702.0,15319490.0,8207551.0,103125.0,101.0,PT3600S
2022-03-01 02:00:00,811090.0,5028528794.0,676725292.0,4359308.0,2835268.0,1432.0,4.0,PT3600S
2022-03-01 02:00:00,811101.0,11492469221.0,2720146985.0,10309245.0,7008416.0,65797.0,57.0,PT3600S
2022-03-01 02:00:00,811148.0,8690332452.0,1078998820.0,7455932.0,5008288.0,8373.0,15.0,PT3600S
2022-03-01 02:00:00,811156.0,1443932934.0,97846465.0,1195513.0,810335.0,0.0,0.0,PT3600S
2022-03-01 02:00:00,811170.0,5014338821.0,497007972.0,4163168.0,2732306.0,4678.0,24.0,PT3600S
2022-03-01 02:00:00,811206.0,11550287280.0,1296667218.0,9948518.0,6789060.0,1318.0,12.0,PT3600S
2022-03-01 02:00:00,811312.0,10118848319.0,1622738010.0,8686703.0,5484210.0,8449.0,19.0,PT3600S
2022-03-01 02:00:00,811314.0,9090749195.0,1780303018.0,8199730.0,5473169.0,23166.0,24.0,PT3600S
2022-03-01 02:00:00,811334.0,5131288512.0,1759526826.0,4761764.0,3973799.0,5203.0,30.0,PT3600S
2022-03-01 02:00:00,811341.0,8695309252.0,1152338622.0,7694539.0,4926255.0,152209.0,139.0,PT3600S
2022-03-01 02:00:00,811358.0,1045093496.0,54343520.0,831463.0,470116.0,0.0,0.0,PT3600S
2022-03-01 02:00:00,811383.0,2245317895.0,151225650.0,1908969.0,1321114.0,6946.0,7.0,PT3600S
2022-03-01 02:00:00,811384.0,3181217995.0,308291714.0,2705402.0,1385524.0,13358.0,10.0,PT3600S
2022-03-01 02:00:00,811389.0,11479875121.0,1974933273.0,9378417.0,5830130.0,3781.0,15.0,PT3600S
2022-03-01 02:00:00,811423.0,7539731452.0,1445232062.0,6671068.0,4210487.0,7715.0,18.0,PT3600S
2022-03-01 02:00:00,811447.0,13752127417.0,1882582532.0,11690051.0,7359736.0,3263.0,7.0,PT3600S
2022-03-01 02:00:00,811448.0,21983411554.0,5892536232.0,19230563.0,13151097.0,5786.0,36.0,PT3600S
2022-03-01 02:00:00,811449.0,4809513525.0,445405870.0,3996590.0,3030537.0,170.0,2.0,PT3600S
2022-03-01 02:00:00,811450.0,11580442465.0,3140661322.0,9936549.0,5625225.0,212.0,4.0,PT3600S
2022-03-01 02:00:00,811451.0,1121055840.0,57619780.0,970850.0,587076.0,0.0,0.0,PT3600S
2022-03-01 02:00:00,811452.0,19541669949.0,2176093789.0,16264676.0,11536325.0,35942.0,48.0,PT3600S
2022-03-01 02:00:00,811453.0,15476401268.0,873830507.0,12301860.0,5505335.0,9943.0,25.0,PT3600S
2022-03-01 02:00:00,811454.0,84652295.0,13283813.0,94848.0,75421.0,0.0,0.0,PT3600S
2022-03-01 02:00:00,811455.0,18777342229.0,2472563137.0,15994930.0,11659809.0,963.0,5.0,PT3600S
2022-03-01 02:00:00,811456.0,1275131732.0,100458535.0,971484.0,486373.0,8.0,1.0,PT3600S
2022-03-01 02:00:00,811461.0,892962960.0,58960906.0,772070.0,278226.0,0.0,0.0,PT3600S
2022-03-01 02:00:00,811462.0,1041586550.0,83921982.0,1084408.0,768158.0,1403.0,1.0,PT3600S
2022-03-01 02:00:00,811463.0,9978335691.0,758808589.0,8190294.0,6221870.0,6181.0,10.0,PT3600S
2022-03-01 02:00:00,811465.0,4539043318.0,1252449481.0,3884141.0,3756113.0,566.0,7.0,PT3600S
2022-03-01 02:00:00,811466.0,17907294.0,1448032.0,15065.0,7368.0,0.0,0.0,PT3600S
2022-03-01 02:00:00,811467.0,3752337517.0,777527029.0,3457804.0,2673867.0,6125.0,23.0,PT3600S
2022-03-01 02:00:00,811468.0,5463797714.0,351762147.0,4336832.0,2898529.0,60.0,1.0,PT3600S
2022-03-01 02:00:00,811469.0,7525601369.0,1197805423.0,6343853.0,4351921.0,9708.0,18.0,PT3600S
2022-03-01 02:00:00,811470.0,691682312.0,21191998.0,580054.0,113578.0,0.0,0.0,PT3600S
2022-03-01 02:00:00,811471.0,4046462041.0,553579115.0,3525408.0,2341222.0,40.0,5.0,PT3600S
2022-03-01 02:00:00,811472.0,3362475104.0,1321567166.0,3135536.0,2737176.0,5678.0,13.0,PT3600S
2022-03-01 02:00:00,811473.0,12678657574.0,4887490731.0,11750203.0,10416859.0,11250.0,20.0,PT3600S
2022-03-01 02:00:00,811474.0,5556171040.0,408454075.0,4602590.0,3391736.0,6604.0,13.0,PT3600S
2022-03-01 02:00:00,811475.0,5979876361.0,1365268125.0,5362286.0,3378708.0,15577.0,33.0,PT3600S
2022-03-01 02:00:00,817589.0,5298697051.0,575257535.0,4464606.0,2856023.0,1501.0,5.0,PT3600S
2022-03-01 02:00:00,817609.0,6175346004.0,626971375.0,5127479.0,3611494.0,2855.0,9.0,PT3600S
2022-03-01 02:00:00,817610.0,10079705860.0,3941883473.0,9500944.0,7674420.0,254288.0,260.0,PT3600S
2022-03-01 02:00:00,817611.0,3468704825.0,527629809.0,2974107.0,1896708.0,7861.0,13.0,PT3600S
2022-03-01 02:00:00,817613.0,5602538736.0,427170913.0,4645731.0,3038388.0,1540.0,3.0,PT3600S
2022-03-01 02:00:00,817614.0,926399607.0,71760495.0,844513.0,639075.0,0.0,0.0,PT3600S
2022-03-01 02:00:00,817615.0,8360134466.0,1781390598.0,7231168.0,4238236.0,17249.0,34.0,PT3600S
2022-03-01 02:00:00,817635.0,9298081871.0,605444326.0,7845612.0,4257519.0,727.0,7.0,PT3600S
2022-03-01 02:00:00,832642.0,9325671773.0,1074898333.0,7993410.0,5526705.0,2513.0,24.0,PT3600S
2022-03-01 02:00:00,832643.0,9106522184.0,1889398657.0,8265871.0,5183518.0,17983.0,25.0,PT3600S
2022-03-01 02:00:00,10288380.0,1632198303.0,130578984.0,1363780.0,925827.0,0.0,0.0,PT3600S
2022-03-01 02:00:00,11156417.0,279827750.0,20660069.0,222633.0,217638.0,0.0,0.0,PT3600S
2022-03-01 03:00:00,809206.0,4168365149.0,1752658136.0,3970258.0,3118133.0,183.0,5.0,PT3600S
2022-03-01 03:00:00,809207.0,1229265809.0,139879976.0,1211656.0,846610.0,2840.0,5.0,PT3600S
2022-03-01 03:00:00,809269.0,7353808005.0,677386012.0,6349158.0,4021780.0,138.0,3.0,PT3600S
2022-03-01 03:00:00,810496.0,2458247216.0,300543731.0,2700263.0,1813429.0,8.0,1.0,PT3600S
2022-03-01 03:00:00,810520.0,655062.0,400750.0,1395.0,1351.0,0.0,0.0,PT3600S
2022-03-01 03:00:00,810562.0,8300383877.0,743202748.0,7374784.0,4767885.0,450.0,6.0,PT3600S
2022-03-01 03:00:00,810571.0,9131869931.0,2526346924.0,7862449.0,5787200.0,255.0,3.0,PT3600S
2022-03-01 03:00:00,810600.0,35052622.0,1974370.0,30974.0,15135.0,198.0,2.0,PT3600S
2022-03-01 03:00:00,810607.0,521132922.0,25733514.0,438497.0,167603.0,0.0,0.0,PT3600S
2022-03-01 03:00:00,810626.0,1150323689.0,99314702.0,1057216.0,318441.0,0.0,0.0,PT3600S
2022-03-01 03:00:00,810637.0,6391705079.0,717843847.0,5706554.0,3632760.0,5017.0,9.0,PT3600S
2022-03-01 03:00:00,810654.0,5677936577.0,1856392634.0,5507572.0,3958493.0,10840.0,12.0,PT3600S
2022-03-01 03:00:00,810667.0,8709238402.0,782724294.0,7385579.0,5044914.0,238.0,7.0,PT3600S
2022-03-01 03:00:00,810668.0,628225378.0,77565553.0,542412.0,376044.0,0.0,0.0,PT3600S
2022-03-01 03:00:00,810679.0,11951420517.0,3264086117.0,10714354.0,7764396.0,1913.0,9.0,PT3600S
2022-03-01 03:00:00,810683.0,3980430878.0,2340604054.0,4220420.0,3586498.0,3042.0,8.0,PT3600S
2022-03-01 03:00:00,810739.0,3935526605.0,1282683572.0,3861887.0,3271129.0,28524.0,33.0,PT3600S
2022-03-01 03:00:00,810741.0,5833238306.0,1520249765.0,5985982.0,4118857.0,199.0,6.0,PT3600S
2022-03-01 03:00:00,810754.0,1457623126.0,757044864.0,1544070.0,1417757.0,207.0,2.0,PT3600S
2022-03-01 03:00:00,810777.0,11922837902.0,1650339869.0,10242317.0,8233156.0,8031.0,10.0,PT3600S
2022-03-01 03:00:00,810784.0,2111233926.0,113075361.0,1631531.0,1156171.0,1492.0,2.0,PT3600S
2022-03-01 03:00:00,810789.0,8112769912.0,468822682.0,6339785.0,3415746.0,106677.0,114.0,PT3600S
2022-03-01 03:00:00,810790.0,0.0,0.0,0.0,0.0,0.0,0.0,PT3600S
2022-03-01 03:00:00,810811.0,8847420932.0,914649393.0,8243423.0,5258095.0,35368.0,34.0,PT3600S
2022-03-01 03:00:00,810812.0,5659949203.0,801604737.0,4838597.0,3154819.0,16.0,2.0,PT3600S
2022-03-01 03:00:00,810876.0,8740504617.0,2059111001.0,7309999.0,5788068.0,0.0,0.0,PT3600S
2022-03-01 03:00:00,810914.0,937333713.0,50080794.0,762212.0,496955.0,0.0,0.0,PT3600S
2022-03-01 03:00:00,810922.0,4176192906.0,500663108.0,3850418.0,2485562.0,1004.0,5.0,PT3600S
2022-03-01 03:00:00,810926.0,2870617074.0,1128025954.0,2730977.0,2069955.0,0.0,0.0,PT3600S
2022-03-01 03:00:00,810927.0,8992979812.0,869473940.0,8326112.0,6353089.0,189.0,8.0,PT3600S
2022-03-01 03:00:00,810948.0,4165863228.0,407210470.0,3723237.0,2433351.0,10087.0,38.0,PT3600S
2022-03-01 03:00:00,810951.0,522046526.0,34550222.0,444528.0,208416.0,0.0,0.0,PT3600S
2022-03-01 03:00:00,810952.0,1309331409.0,75301090.0,1055360.0,623434.0,0.0,0.0,PT3600S
2022-03-01 03:00:00,810969.0,1456808305.0,81894298.0,1218934.0,501986.0,419.0,2.0,PT3600S
2022-03-01 03:00:00,810982.0,11355344241.0,1002407160.0,9668757.0,6788287.0,16174.0,25.0,PT3600S
2022-03-01 03:00:00,810989.0,414132493.0,64285407.0,387232.0,267344.0,60.0,1.0,PT3600S
2022-03-01 03:00:00,810993.0,17102507569.0,2444473066.0,14839480.0,8910196.0,86753.0,88.0,PT3600S
2022-03-01 03:00:00,811013.0,17490197711.0,1394779422.0,14092478.0,7410931.0,107816.0,90.0,PT3600S
2022-03-01 03:00:00,811090.0,4624201358.0,858494071.0,4042801.0,2671780.0,32.0,4.0,PT3600S
2022-03-01 03:00:00,811101.0,9992241335.0,2883074216.0,9280125.0,6647828.0,58.0,1.0,PT3600S
2022-03-01 03:00:00,811148.0,5659585061.0,1730711650.0,5193820.0,4213383.0,13785.0,14.0,PT3600S
2022-03-01 03:00:00,811156.0,1942916982.0,224582824.0,1609394.0,1106487.0,0.0,0.0,PT3600S
2022-03-01 03:00:00,811170.0,4523759280.0,385918012.0,3852020.0,2388920.0,3073.0,12.0,PT3600S
2022-03-01 03:00:00,811206.0,8564392036.0,929307675.0,7282464.0,5271273.0,23910.0,24.0,PT3600S
2022-03-01 03:00:00,811312.0,5941391369.0,1238561098.0,5238800.0,3791753.0,11692.0,24.0,PT3600S
2022-03-01 03:00:00,811314.0,8330753719.0,1214090059.0,7860881.0,4892708.0,25670.0,32.0,PT3600S
2022-03-01 03:00:00,811334.0,5116908135.0,748315496.0,4169226.0,2889949.0,9611.0,16.0,PT3600S
2022-03-01 03:00:00,811341.0,5855809009.0,957896631.0,5200822.0,3442698.0,226.0,6.0,PT3600S
2022-03-01 03:00:00,811358.0,1760722240.0,64308396.0,1328576.0,621720.0,0.0,0.0,PT3600S
2022-03-01 03:00:00,811383.0,2045896637.0,177015748.0,1658447.0,1134160.0,0.0,0.0,PT3600S
2022-03-01 03:00:00,811384.0,3732821593.0,272528844.0,3107195.0,1793498.0,389.0,4.0,PT3600S
2022-03-01 03:00:00,811389.0,7267983711.0,1246840103.0,6073650.0,4108307.0,70.0,1.0,PT3600S
2022-03-01 03:00:00,811423.0,4634927136.0,2332994731.0,4687552.0,4424138.0,4261.0,6.0,PT3600S
2022-03-01 03:00:00,811447.0,9864682212.0,1159690991.0,8515398.0,5486453.0,12011.0,17.0,PT3600S
2022-03-01 03:00:00,811448.0,12424718093.0,4414428628.0,11772771.0,9375504.0,1548.0,15.0,PT3600S
2022-03-01 03:00:00,811449.0,1798088042.0,152886006.0,1484102.0,1141445.0,118.0,2.0,PT3600S
2022-03-01 03:00:00,811450.0,12110758272.0,2755880295.0,10144107.0,5805493.0,660.0,7.0,PT3600S
2022-03-01 03:00:00,811451.0,934207682.0,44805765.0,799694.0,313899.0,0.0,0.0,PT3600S
2022-03-01 03:00:00,811452.0,15664727360.0,2551928872.0,13379550.0,10759027.0,42864.0,49.0,PT3600S
2022-03-01 03:00:00,811453.0,7618282289.0,842787069.0,6537042.0,3392312.0,36366.0,39.0,PT3600S
2022-03-01 03:00:00,811454.0,711019856.0,300234601.0,702448.0,466780.0,0.0,0.0,PT3600S
2022-03-01 03:00:00,811455.0,13100495106.0,1648388616.0,11103296.0,9107685.0,19787.0,27.0,PT3600S
2022-03-01 03:00:00,811456.0,404121356.0,15252332.0,308687.0,147060.0,0.0,0.0,PT3600S
2022-03-01 03:00:00,811461.0,425097163.0,21301819.0,361243.0,143125.0,0.0,0.0,PT3600S
2022-03-01 03:00:00,811462.0,1886088319.0,157813592.0,1789943.0,1291055.0,0.0,0.0,PT3600S
2022-03-01 03:00:00,811463.0,7769564130.0,592272677.0,6353061.0,4673511.0,14173.0,18.0,PT3600S
2022-03-01 03:00:00,811465.0,2684254830.0,249372791.0,2178555.0,1755046.0,474.0,6.0,PT3600S
2022-03-01 03:00:00,811466.0,229264.0,131027.0,682.0,747.0,0.0,0.0,PT3600S
2022-03-01 03:00:00,811467.0,4602569413.0,361602635.0,4041073.0,2872181.0,6778.0,19.0,PT3600S
2022-03-01 03:00:00,811468.0,2675047956.0,248391708.0,2238706.0,1401005.0,0.0,0.0,PT3600S
2022-03-01 03:00:00,811469.0,5866662444.0,927601181.0,5165207.0,3585682.0,8735.0,12.0,PT3600S
2022-03-01 03:00:00,811470.0,194023187.0,8833254.0,165824.0,54049.0,0.0,0.0,PT3600S
2022-03-01 03:00:00,811471.0,2689809528.0,336226888.0,2387514.0,1690046.0,1826.0,10.0,PT3600S
2022-03-01 03:00:00,811472.0,3616666618.0,968012685.0,3367137.0,2832768.0,552.0,7.0,PT3600S
2022-03-01 03:00:00,811473.0,8325429833.0,1691939440.0,8721557.0,7321640.0,23122.0,29.0,PT3600S
2022-03-01 03:00:00,811474.0,4874687528.0,516759839.0,4116890.0,2941894.0,305.0,4.0,PT3600S
2022-03-01 03:00:00,811475.0,4132465452.0,1733845991.0,4076033.0,3114392.0,8121.0,43.0,PT3600S
2022-03-01 03:00:00,817589.0,2828491583.0,556462122.0,2812188.0,2291909.0,298628.0,243.0,PT3600S
2022-03-01 03:00:00,817609.0,4694975770.0,921530090.0,4168673.0,3206557.0,235.0,3.0,PT3600S
2022-03-01 03:00:00,817610.0,7496945871.0,3426400334.0,7345451.0,6019983.0,303.0,27.0,PT3600S
2022-03-01 03:00:00,817611.0,2601216019.0,167949530.0,2176344.0,1270334.0,153.0,1.0,PT3600S
2022-03-01 03:00:00,817613.0,3554218316.0,372525643.0,2894619.0,1733744.0,115.0,3.0,PT3600S
2022-03-01 03:00:00,817614.0,1612844340.0,97239333.0,1359229.0,766426.0,72.0,1.0,PT3600S
2022-03-01 03:00:00,817615.0,7604684003.0,745336614.0,6180976.0,3514313.0,3544.0,24.0,PT3600S
2022-03-01 03:00:00,817635.0,3605725647.0,371103901.0,3383388.0,2067369.0,8.0,1.0,PT3600S
2022-03-01 03:00:00,832642.0,7657909213.0,740117162.0,6392884.0,4659661.0,2608.0,11.0,PT3600S
2022-03-01 03:00:00,832643.0,6621831108.0,2127052960.0,6480168.0,3785761.0,96014.0,93.0,PT3600S
2022-03-01 03:00:00,10288380.0,1365090778.0,217676852.0,1231887.0,978061.0,0.0,0.0,PT3600S
2022-03-01 03:00:00,11156417.0,292107001.0,18346043.0,227271.0,200019.0,0.0,0.0,PT3600S
2022-03-01 04:00:00,809206.0,4014388995.0,2063546841.0,3973528.0,3161215.0,593.0,9.0,PT3600S
2022-03-01 04:00:00,809207.0,2178618184.0,274707136.0,2010764.0,1510191.0,58.0,1.0,PT3600S
2022-03-01 04:00:00,809269.0,4269684939.0,610079732.0,3710732.0,2556960.0,146.0,4.0,PT3600S
2022-03-01 04:00:00,810496.0,2840122787.0,877232971.0,3631303.0,2477951.0,0.0,0.0,PT3600S
2022-03-01 04:00:00,810520.0,906820.0,252687.0,1451.0,1001.0,0.0,0.0,PT3600S
2022-03-01 04:00:00,810562.0,6395455993.0,1168710590.0,6631343.0,5086858.0,1430.0,5.0,PT3600S
2022-03-01 04:00:00,810571.0,7687074369.0,1529487923.0,6504311.0,4573501.0,5445.0,5.0,PT3600S
2022-03-01 04:00:00,810600.0,52367874.0,1905368.0,46093.0,18507.0,166.0,2.0,PT3600S
2022-03-01 04:00:00,810607.0,458937103.0,39137804.0,422373.0,259912.0,0.0,0.0,PT3600S
2022-03-01 04:00:00,810626.0,160913292.0,85116719.0,219037.0,171800.0,0.0,0.0,PT3600S
2022-03-01 04:00:00,810637.0,6928679973.0,695874881.0,6230529.0,3603538.0,2786.0,6.0,PT3600S
2022-03-01 04:00:00,810654.0,4862210857.0,1413175327.0,4635348.0,3113413.0,462.0,11.0,PT3600S
2022-03-01 04:00:00,810667.0,8551848525.0,851760761.0,7176872.0,4624309.0,655.0,10.0,PT3600S
2022-03-01 04:00:00,810668.0,848414669.0,29584131.0,654681.0,318223.0,0.0,0.0,PT3600S
2022-03-01 04:00:00,810679.0,10326191673.0,1549184273.0,9031863.0,6308820.0,354.0,6.0,PT3600S
2022-03-01 04:00:00,810683.0,5199212440.0,2297131360.0,5012730.0,3760594.0,10563.0,17.0,PT3600S
2022-03-01 04:00:00,810739.0,3673571639.0,1641131591.0,3802574.0,3656652.0,319.0,9.0,PT3600S
2022-03-01 04:00:00,810741.0,4351658816.0,1997091615.0,5067854.0,3699369.0,1696.0,8.0,PT3600S
2022-03-01 04:00:00,810754.0,1366532355.0,607604693.0,1414316.0,1205908.0,56.0,2.0,PT3600S
2022-03-01 04:00:00,810777.0,10412037438.0,1342392850.0,8827679.0,6835269.0,7820.0,12.0,PT3600S
2022-03-01 04:00:00,810784.0,1731821842.0,199236745.0,1435689.0,1042083.0,99.0,1.0,PT3600S
2022-03-01 04:00:00,810789.0,6539304421.0,912273562.0,5361835.0,3543820.0,119422.0,121.0,PT3600S
2022-03-01 04:00:00,810790.0,0.0,0.0,0.0,0.0,0.0,0.0,PT3600S
2022-03-01 04:00:00,810811.0,9509437832.0,897518516.0,8378194.0,5049748.0,11257.0,10.0,PT3600S
2022-03-01 04:00:00,810812.0,5326507628.0,866419171.0,4547754.0,2068503.0,7782.0,8.0,PT3600S
2022-03-01 04:00:00,810876.0,7245019624.0,1035031889.0,6180973.0,4244820.0,8.0,1.0,PT3600S
2022-03-01 04:00:00,810914.0,828658457.0,45244772.0,683313.0,428293.0,0.0,0.0,PT3600S
2022-03-01 04:00:00,810922.0,2455405279.0,482119624.0,2334777.0,1564904.0,8.0,1.0,PT3600S
2022-03-01 04:00:00,810926.0,2205968305.0,781308482.0,2137920.0,1519710.0,8.0,1.0,PT3600S
2022-03-01 04:00:00,810927.0,6911950852.0,1213992622.0,6824104.0,5420893.0,4354.0,8.0,PT3600S
2022-03-01 04:00:00,810948.0,4588341228.0,330186792.0,3966569.0,2145336.0,5883.0,23.0,PT3600S
2022-03-01 04:00:00,810951.0,446910515.0,23887958.0,356828.0,236747.0,0.0,0.0,PT3600S
2022-03-01 04:00:00,810952.0,366605349.0,28083765.0,316100.0,278336.0,8.0,1.0,PT3600S
2022-03-01 04:00:00,810969.0,2156474764.0,187218397.0,1914633.0,1129411.0,4188.0,9.0,PT3600S
2022-03-01 04:00:00,810982.0,10812178366.0,1054148534.0,9162517.0,5989499.0,44686.0,47.0,PT3600S
2022-03-01 04:00:00,810989.0,1075014946.0,72205367.0,973075.0,468049.0,320.0,1.0,PT3600S
2022-03-01 04:00:00,810993.0,12426899071.0,2050136402.0,10766326.0,7081381.0,3422.0,11.0,PT3600S
2022-03-01 04:00:00,811013.0,15359757621.0,1672777619.0,12774942.0,6975459.0,141975.0,121.0,PT3600S
2022-03-01 04:00:00,811090.0,4145045859.0,583756333.0,3508979.0,2327583.0,0.0,0.0,PT3600S
2022-03-01 04:00:00,811101.0,7684421942.0,4448252565.0,7799745.0,6893134.0,424.0,5.0,PT3600S
2022-03-01 04:00:00,811148.0,3069520338.0,1233832884.0,2937987.0,2431386.0,17250.0,17.0,PT3600S
2022-03-01 04:00:00,811156.0,2161430046.0,180188183.0,1771633.0,1197310.0,0.0,0.0,PT3600S
2022-03-01 04:00:00,811170.0,4033440741.0,404887438.0,3448443.0,2265611.0,329.0,5.0,PT3600S
2022-03-01 04:00:00,811206.0,7626228766.0,792591448.0,6625462.0,4379351.0,1394.0,6.0,PT3600S
2022-03-01 04:00:00,811312.0,7047617864.0,1637047751.0,6079608.0,3894703.0,1759.0,7.0,PT3600S
2022-03-01 04:00:00,811314.0,6466035048.0,727648618.0,5731016.0,3221344.0,2595.0,17.0,PT3600S
2022-03-01 04:00:00,811334.0,4800131818.0,717222655.0,4151037.0,2464329.0,1496.0,6.0,PT3600S
2022-03-01 04:00:00,811341.0,8397237895.0,1158377747.0,7239448.0,3940284.0,6604.0,8.0,PT3600S
2022-03-01 04:00:00,811358.0,504824103.0,25668392.0,397198.0,219728.0,0.0,0.0,PT3600S
2022-03-01 04:00:00,811383.0,1324002567.0,124837123.0,1077356.0,827759.0,1386.0,1.0,PT3600S
2022-03-01 04:00:00,811384.0,3677956431.0,376207760.0,3173166.0,2258766.0,8.0,1.0,PT3600S
2022-03-01 04:00:00,811389.0,7311755830.0,381406849.0,5728838.0,3245010.0,188.0,3.0,PT3600S
2022-03-01 04:00:00,811423.0,3752997417.0,1553109753.0,3828979.0,3424241.0,1528.0,3.0,PT3600S
2022-03-01 04:00:00,811447.0,7331808949.0,716751556.0,6100099.0,3871626.0,1786.0,11.0,PT3600S
2022-03-01 04:00:00,811448.0,12016075662.0,3429886266.0,11051797.0,8107137.0,93314.0,98.0,PT3600S
2022-03-01 04:00:00,811449.0,2685278451.0,199367236.0,2242625.0,1379744.0,0.0,0.0,PT3600S
2022-03-01 04:00:00,811450.0,4105161355.0,5170066589.0,5256880.0,5716879.0,364.0,6.0,PT3600S
2022-03-01 04:00:00,811451.0,1633994371.0,105248340.0,1338856.0,493677.0,0.0,0.0,PT3600S
2022-03-01 04:00:00,811452.0,13861225610.0,1091982082.0,11797275.0,8635456.0,13131.0,32.0,PT3600S
2022-03-01 04:00:00,811453.0,6046507324.0,439364637.0,5074682.0,3180819.0,92056.0,69.0,PT3600S
2022-03-01 04:00:00,811454.0,1191556918.0,796537844.0,1259261.0,1008480.0,0.0,0.0,PT3600S
2022-03-01 04:00:00,811455.0,11550254991.0,2030982442.0,9854240.0,7616779.0,616.0,9.0,PT3600S
2022-03-01 04:00:00,811456.0,451877934.0,32599734.0,353589.0,204910.0,32.0,4.0,PT3600S
2022-03-01 04:00:00,811461.0,255641462.0,83259289.0,292007.0,174232.0,0.0,0.0,PT3600S
2022-03-01 04:00:00,811462.0,1561582799.0,85499006.0,1261894.0,896287.0,0.0,0.0,PT3600S
2022-03-01 04:00:00,811463.0,4779161617.0,560464439.0,4300225.0,3405717.0,704.0,7.0,PT3600S
2022-03-01 04:00:00,811465.0,2622196752.0,161738305.0,2132831.0,1378809.0,57.0,1.0,PT3600S
2022-03-01 04:00:00,811466.0,8852993.0,330692.0,7824.0,1622.0,0.0,0.0,PT3600S
2022-03-01 04:00:00,811467.0,3295181394.0,645223608.0,3050309.0,2455160.0,3144.0,11.0,PT3600S
2022-03-01 04:00:00,811468.0,1742752199.0,290313029.0,1580885.0,944161.0,8.0,1.0,PT3600S
2022-03-01 04:00:00,811469.0,4418538531.0,1058271934.0,4138354.0,3179826.0,2695.0,6.0,PT3600S
2022-03-01 04:00:00,811470.0,8302832.0,2102998.0,13759.0,12260.0,0.0,0.0,PT3600S
2022-03-01 04:00:00,811471.0,2460896781.0,326550493.0,2156457.0,1473957.0,2928.0,8.0,PT3600S
2022-03-01 04:00:00,811472.0,3799444042.0,489751033.0,3486346.0,2692219.0,3943.0,7.0,PT3600S
2022-03-01 04:00:00,811473.0,6509483474.0,719495008.0,5399278.0,4030496.0,4043.0,9.0,PT3600S
2022-03-01 04:00:00,811474.0,4844787371.0,286017194.0,3905002.0,2381463.0,24.0,3.0,PT3600S
2022-03-01 04:00:00,811475.0,2751760119.0,1639722366.0,2886657.0,2483550.0,100.0,3.0,PT3600S
2022-03-01 04:00:00,817589.0,1893973045.0,171084427.0,1686135.0,1299658.0,99.0,1.0,PT3600S
2022-03-01 04:00:00,817609.0,2672823370.0,983157156.0,2673088.0,2285524.0,239.0,5.0,PT3600S
2022-03-01 04:00:00,817610.0,6867668489.0,2859694234.0,6771542.0,5371479.0,6715.0,35.0,PT3600S
2022-03-01 04:00:00,817611.0,2176662262.0,308702351.0,1983733.0,1327755.0,8.0,1.0,PT3600S
2022-03-01 04:00:00,817613.0,4551909265.0,939510422.0,3694415.0,2164963.0,28783.0,28.0,PT3600S
2022-03-01 04:00:00,817614.0,2127084269.0,443584654.0,1840629.0,1080808.0,0.0,0.0,PT3600S
2022-03-01 04:00:00,817615.0,4712044115.0,616150689.0,4113415.0,2594542.0,3916.0,7.0,PT3600S
2022-03-01 04:00:00,817635.0,4693673252.0,332121660.0,4213699.0,2332906.0,123.0,5.0,PT3600S
2022-03-01 04:00:00,832642.0,5560577353.0,667083669.0,4793850.0,3720715.0,3076.0,13.0,PT3600S
2022-03-01 04:00:00,832643.0,4044267540.0,1129272700.0,3982865.0,2675360.0,212337.0,181.0,PT3600S
2022-03-01 04:00:00,10288380.0,978313529.0,85841548.0,945637.0,669474.0,0.0,0.0,PT3600S
2022-03-01 04:00:00,11156417.0,285254754.0,18809129.0,222936.0,208238.0,0.0,0.0,PT3600S
2022-03-01 05:00:00,809206.0,7473410567.0,2130026410.0,6580984.0,4128250.0,3385.0,6.0,PT3600S
2022-03-01 05:00:00,809207.0,4402627466.0,277368155.0,3806018.0,2320202.0,66.0,2.0,PT3600S
2022-03-01 05:00:00,809269.0,6133768519.0,638039976.0,5317259.0,3088754.0,1667.0,5.0,PT3600S
2022-03-01 05:00:00,810496.0,2858607330.0,359436362.0,2487899.0,1428519.0,0.0,0.0,PT3600S
2022-03-01 05:00:00,810520.0,11178046.0,2098506.0,12200.0,9797.0,0.0,0.0,PT3600S
2022-03-01 05:00:00,810562.0,6988521551.0,676406827.0,6131350.0,3999024.0,2100.0,14.0,PT3600S
2022-03-01 05:00:00,810571.0,9602245917.0,2981513334.0,8117539.0,6071338.0,246.0,3.0,PT3600S
2022-03-01 05:00:00,810600.0,180994882.0,8851003.0,151473.0,52468.0,0.0,0.0,PT3600S
2022-03-01 05:00:00,810607.0,386215916.0,34855136.0,359543.0,237197.0,120.0,2.0,PT3600S
2022-03-01 05:00:00,810626.0,619748152.0,52298331.0,574311.0,220329.0,0.0,0.0,PT3600S
2022-03-01 05:00:00,810637.0,5920557105.0,1368542643.0,5534329.0,4041969.0,2872.0,6.0,PT3600S
2022-03-01 05:00:00,810654.0,5226449556.0,779236966.0,4670768.0,2545205.0,218.0,5.0,PT3600S
2022-03-01 05:00:00,810667.0,8451458083.0,537779063.0,7135649.0,3882419.0,49968.0,73.0,PT3600S
2022-03-01 05:00:00,810668.0,96109147.0,15453764.0,90570.0,64741.0,0.0,0.0,PT3600S
2022-03-01 05:00:00,810679.0,14594684278.0,2282173086.0,12676663.0,7696816.0,7741.0,8.0,PT3600S
2022-03-01 05:00:00,810683.0,6544886370.0,2838303768.0,6185597.0,4696814.0,1856.0,8.0,PT3600S
2022-03-01 05:00:00,810739.0,2507746340.0,1990297506.0,3314580.0,3562791.0,1420.0,10.0,PT3600S
2022-03-01 05:00:00,810741.0,4721136839.0,1941783201.0,5293581.0,3651121.0,799.0,4.0,PT3600S
2022-03-01 05:00:00,810754.0,1831084989.0,229274032.0,1694009.0,1181517.0,318.0,4.0,PT3600S
2022-03-01 05:00:00,810777.0,12373804633.0,1612866431.0,10459901.0,6743580.0,227.0,9.0,PT3600S
2022-03-01 05:00:00,810784.0,1962714942.0,133273465.0,1627385.0,1093718.0,0.0,0.0,PT3600S
2022-03-01 05:00:00,810789.0,6093027867.0,3041146309.0,5892608.0,4111554.0,10944.0,38.0,PT3600S
2022-03-01 05:00:00,810790.0,0.0,0.0,0.0,0.0,0.0,0.0,PT3600S
2022-03-01 05:00:00,810811.0,7407830375.0,1768403926.0,6638937.0,4660118.0,6159.0,10.0,PT3600S
2022-03-01 05:00:00,810812.0,6710032171.0,1100620947.0,5674661.0,3374112.0,465.0,6.0,PT3600S
2022-03-01 05:00:00,810876.0,8192469476.0,1165676677.0,7077230.0,3860559.0,258.0,6.0,PT3600S
2022-03-01 05:00:00,810914.0,888528959.0,55884201.0,726790.0,523444.0,99.0,1.0,PT3600S
2022-03-01 05:00:00,810922.0,2015562311.0,179627164.0,1757084.0,1027693.0,1311.0,4.0,PT3600S
2022-03-01 05:00:00,810926.0,1804815988.0,712739650.0,1832264.0,1300594.0,71.0,1.0,PT3600S
2022-03-01 05:00:00,810927.0,7332429310.0,1195994951.0,6565235.0,4659421.0,10491.0,18.0,PT3600S
2022-03-01 05:00:00,810948.0,4671587694.0,372462303.0,4162392.0,2422268.0,2974.0,17.0,PT3600S
2022-03-01 05:00:00,810951.0,251486249.0,13079465.0,204109.0,106273.0,0.0,0.0,PT3600S
2022-03-01 05:00:00,810952.0,367644190.0,51227850.0,320720.0,177027.0,0.0,0.0,PT3600S
2022-03-01 05:00:00,810969.0,4225185531.0,315244243.0,3610442.0,2060455.0,47691.0,38.0,PT3600S
2022-03-01 05:00:00,810982.0,13277395489.0,1650155473.0,11475744.0,7573804.0,32607.0,34.0,PT3600S
2022-03-01 05:00:00,810989.0,2089402914.0,157800953.0,1860629.0,829047.0,0.0,0.0,PT3600S
2022-03-01 05:00:00,810993.0,15478000426.0,2257607442.0,13231803.0,7756868.0,3098.0,9.0,PT3600S
2022-03-01 05:00:00,811013.0,9528346665.0,1692333513.0,8928310.0,5104250.0,279.0,9.0,PT3600S
2022-03-01 05:00:00,811090.0,4383729708.0,728163948.0,3915938.0,2312183.0,0.0,0.0,PT3600S
2022-03-01 05:00:00,811101.0,11060769847.0,3330295876.0,10252409.0,6584790.0,139773.0,120.0,PT3600S
2022-03-01 05:00:00,811148.0,4186391898.0,435094010.0,3617605.0,2291843.0,8009.0,15.0,PT3600S
2022-03-01 05:00:00,811156.0,1525595648.0,159521803.0,1258334.0,964281.0,70.0,1.0,PT3600S
2022-03-01 05:00:00,811170.0,5983127343.0,544909782.0,5001194.0,3645426.0,461.0,7.0,PT3600S
2022-03-01 05:00:00,811206.0,10116932516.0,1317654387.0,8944768.0,4634116.0,2331.0,28.0,PT3600S
2022-03-01 05:00:00,811312.0,11398864038.0,1340297440.0,9398356.0,4945276.0,81917.0,77.0,PT3600S
2022-03-01 05:00:00,811314.0,8311335430.0,1805668425.0,7608575.0,4936752.0,410.0,9.0,PT3600S
2022-03-01 05:00:00,811334.0,6507684755.0,692768486.0,5426149.0,3059166.0,404.0,6.0,PT3600S
2022-03-01 05:00:00,811341.0,7840433955.0,1162248901.0,7287637.0,3833236.0,141.0,5.0,PT3600S
2022-03-01 05:00:00,811358.0,389343860.0,127240867.0,354531.0,245325.0,0.0,0.0,PT3600S
2022-03-01 05:00:00,811383.0,1936768221.0,137803773.0,1630932.0,963361.0,107.0,2.0,PT3600S
2022-03-01 05:00:00,811384.0,6145463422.0,496384909.0,5167296.0,2763824.0,7521.0,13.0,PT3600S
2022-03-01 05:00:00,811389.0,10377212615.0,1586928290.0,8557558.0,5106298.0,2046.0,7.0,PT3600S
2022-03-01 05:00:00,811423.0,3770279176.0,1322346671.0,3697721.0,2975459.0,1231.0,6.0,PT3600S
2022-03-01 05:00:00,811447.0,7920438285.0,1392868889.0,7069154.0,4685693.0,3923.0,18.0,PT3600S
2022-03-01 05:00:00,811448.0,12966382398.0,2710286375.0,11789974.0,7570970.0,3102.0,17.0,PT3600S
2022-03-01 05:00:00,811449.0,3739978078.0,275347644.0,3085279.0,1840034.0,410.0,6.0,PT3600S
2022-03-01 05:00:00,811450.0,5549724972.0,3466780193.0,5870318.0,5003647.0,40.0,5.0,PT3600S
2022-03-01 05:00:00,811451.0,2072465015.0,236127849.0,1774452.0,574217.0,60.0,1.0,PT3600S
2022-03-01 05:00:00,811452.0,14224637411.0,1066330985.0,11949698.0,7338254.0,13539.0,33.0,PT3600S
2022-03-01 05:00:00,811453.0,5885830113.0,747038701.0,5332511.0,3167670.0,162.0,3.0,PT3600S
2022-03-01 05:00:00,811454.0,1752322429.0,93950611.0,1532504.0,811541.0,0.0,0.0,PT3600S
2022-03-01 05:00:00,811455.0,9082389750.0,1922283415.0,8310318.0,6230173.0,1170.0,17.0,PT3600S
2022-03-01 05:00:00,811456.0,467868248.0,37441353.0,401374.0,299696.0,73435.0,59.0,PT3600S
2022-03-01 05:00:00,811461.0,782938503.0,160004819.0,816736.0,403610.0,61.0,1.0,PT3600S
2022-03-01 05:00:00,811462.0,1703676170.0,84657506.0,1384529.0,824176.0,0.0,0.0,PT3600S
2022-03-01 05:00:00,811463.0,6780003335.0,707463827.0,6498472.0,4531200.0,1615.0,10.0,PT3600S
2022-03-01 05:00:00,811465.0,3569379743.0,266652304.0,2892044.0,1557127.0,225.0,4.0,PT3600S
2022-03-01 05:00:00,811466.0,190816584.0,11289482.0,164001.0,39670.0,0.0,0.0,PT3600S
2022-03-01 05:00:00,811467.0,5494844185.0,649013727.0,4821032.0,2877977.0,7581.0,18.0,PT3600S
2022-03-01 05:00:00,811468.0,2234221048.0,585306906.0,2060536.0,1257695.0,1746.0,6.0,PT3600S
2022-03-01 05:00:00,811469.0,5510348087.0,1869393177.0,5592889.0,3785972.0,953.0,9.0,PT3600S
2022-03-01 05:00:00,811470.0,276933838.0,9750976.0,231311.0,59912.0,0.0,0.0,PT3600S
2022-03-01 05:00:00,811471.0,4360014657.0,478567510.0,3632324.0,1925476.0,24764.0,24.0,PT3600S
2022-03-01 05:00:00,811472.0,4513389659.0,1525509267.0,4628159.0,3425090.0,48.0,6.0,PT3600S
2022-03-01 05:00:00,811473.0,7534203560.0,429039762.0,6074627.0,3331040.0,4612.0,16.0,PT3600S
2022-03-01 05:00:00,811474.0,5821122287.0,705887371.0,4851826.0,3038632.0,14412.0,17.0,PT3600S
2022-03-01 05:00:00,811475.0,1914691062.0,1717511186.0,2492194.0,2287947.0,358.0,8.0,PT3600S
2022-03-01 05:00:00,817589.0,3613381508.0,207241765.0,2930003.0,1648241.0,1468.0,2.0,PT3600S
2022-03-01 05:00:00,817609.0,5657748138.0,1286024297.0,5157498.0,3411146.0,9100.0,14.0,PT3600S
2022-03-01 05:00:00,817610.0,7945403042.0,2598014960.0,7558391.0,5821240.0,62201.0,77.0,PT3600S
2022-03-01 05:00:00,817611.0,3414587851.0,252299119.0,2913783.0,1411112.0,115.0,3.0,PT3600S
2022-03-01 05:00:00,817613.0,6913481452.0,3705578777.0,6391389.0,5549700.0,477.0,13.0,PT3600S
2022-03-01 05:00:00,817614.0,2051369611.0,377886171.0,1898001.0,1044996.0,0.0,0.0,PT3600S
2022-03-01 05:00:00,817615.0,5191725160.0,926636605.0,4568679.0,2804333.0,217.0,6.0,PT3600S
2022-03-01 05:00:00,817635.0,6360985142.0,755694190.0,5818710.0,3216308.0,8704.0,22.0,PT3600S
2022-03-01 05:00:00,832642.0,6497781011.0,1076020339.0,5707344.0,4329088.0,611.0,9.0,PT3600S
2022-03-01 05:00:00,832643.0,8085382746.0,1472347331.0,7434196.0,5186561.0,113164.0,102.0,PT3600S
2022-03-01 05:00:00,10288380.0,1236684074.0,137308989.0,1174383.0,748628.0,1408.0,1.0,PT3600S
2022-03-01 05:00:00,11156417.0,418693024.0,26214413.0,339494.0,243516.0,0.0,0.0,PT3600S
2022-03-01 06:00:00,809206.0,11096209698.0,2687661113.0,10071691.0,5451010.0,10604.0,33.0,PT3600S
2022-03-01 06:00:00,809207.0,5505747261.0,272118440.0,4609156.0,2060483.0,1460.0,2.0,PT3600S
2022-03-01 06:00:00,809269.0,10007168390.0,2091003425.0,9186503.0,4922876.0,1356.0,14.0,PT3600S
2022-03-01 06:00:00,810496.0,6052930974.0,406952265.0,4938303.0,2056870.0,222.0,5.0,PT3600S
2022-03-01 06:00:00,810520.0,69213632.0,87766138.0,86801.0,90436.0,0.0,0.0,PT3600S
2022-03-01 06:00:00,810562.0,17858956266.0,1460458364.0,15059792.0,5631517.0,13188.0,31.0,PT3600S
2022-03-01 06:00:00,810571.0,11514777926.0,861388515.0,9793295.0,4409851.0,0.0,0.0,PT3600S
2022-03-01 06:00:00,810600.0,44941218.0,12470881.0,52126.0,30944.0,0.0,0.0,PT3600S
2022-03-01 06:00:00,810607.0,1487058988.0,107380862.0,1361843.0,562824.0,415.0,2.0,PT3600S
2022-03-01 06:00:00,810626.0,1673024864.0,170017337.0,1447658.0,461232.0,0.0,0.0,PT3600S
2022-03-01 06:00:00,810637.0,8071964702.0,850505155.0,7055110.0,3111571.0,3751.0,18.0,PT3600S
2022-03-01 06:00:00,810654.0,9089318919.0,2430508845.0,8461037.0,4835445.0,588.0,8.0,PT3600S
2022-03-01 06:00:00,810667.0,10481870487.0,1019463777.0,9031027.0,3869232.0,4676.0,26.0,PT3600S
2022-03-01 06:00:00,810668.0,875217348.0,41105092.0,691695.0,291929.0,60.0,1.0,PT3600S
2022-03-01 06:00:00,810679.0,23846347088.0,2451420685.0,20747712.0,10163483.0,75584.0,59.0,PT3600S
2022-03-01 06:00:00,810683.0,7046947619.0,2114127341.0,6525249.0,4121399.0,32170.0,32.0,PT3600S
2022-03-01 06:00:00,810739.0,6294757963.0,2485292378.0,5831078.0,3868354.0,9477.0,23.0,PT3600S
2022-03-01 06:00:00,810741.0,7701656652.0,1673228545.0,7068786.0,3730701.0,141243.0,126.0,PT3600S
2022-03-01 06:00:00,810754.0,5424435979.0,1211620520.0,4764423.0,3134676.0,5145.0,22.0,PT3600S
2022-03-01 06:00:00,810777.0,15660137523.0,1608326218.0,13698454.0,5850301.0,9471.0,43.0,PT3600S
2022-03-01 06:00:00,810784.0,2229882663.0,206211930.0,1929576.0,980923.0,1533.0,3.0,PT3600S
2022-03-01 06:00:00,810789.0,6367321661.0,2809678084.0,6142044.0,3975010.0,1752.0,28.0,PT3600S
2022-03-01 06:00:00,810790.0,0.0,0.0,0.0,0.0,0.0,0.0,PT3600S
2022-03-01 06:00:00,810811.0,13523264292.0,5123855895.0,12646937.0,8321007.0,6386.0,21.0,PT3600S
2022-03-01 06:00:00,810812.0,8968566900.0,1118341624.0,7641977.0,3749138.0,1678.0,9.0,PT3600S
2022-03-01 06:00:00,810876.0,11719466592.0,883210871.0,10037958.0,4218178.0,4896.0,9.0,PT3600S
2022-03-01 06:00:00,810914.0,1785575398.0,80384520.0,1449373.0,484773.0,60.0,1.0,PT3600S
2022-03-01 06:00:00,810922.0,3026622252.0,1479000242.0,3008366.0,2146721.0,3360.0,15.0,PT3600S
2022-03-01 06:00:00,810926.0,5798999456.0,604914413.0,4821491.0,2149907.0,8.0,1.0,PT3600S
2022-03-01 06:00:00,810927.0,13239051494.0,1022199340.0,10854794.0,5876534.0,455.0,10.0,PT3600S
2022-03-01 06:00:00,810948.0,7296087567.0,626694223.0,6172954.0,3463964.0,26469.0,36.0,PT3600S
2022-03-01 06:00:00,810951.0,860231562.0,69008238.0,749460.0,249851.0,0.0,0.0,PT3600S
2022-03-01 06:00:00,810952.0,1338057529.0,123110219.0,1105816.0,455616.0,0.0,0.0,PT3600S
2022-03-01 06:00:00,810969.0,4725240533.0,750064392.0,4041164.0,2246603.0,636.0,2.0,PT3600S
2022-03-01 06:00:00,810982.0,18049121635.0,2097045227.0,15804439.0,7740724.0,188339.0,207.0,PT3600S
2022-03-01 06:00:00,810989.0,2773531125.0,154264589.0,2430858.0,919124.0,99.0,1.0,PT3600S
2022-03-01 06:00:00,810993.0,22795889385.0,2446714183.0,19088883.0,9406919.0,25497.0,44.0,PT3600S
2022-03-01 06:00:00,811013.0,16095314404.0,3796968867.0,14775990.0,8381140.0,4000.0,14.0,PT3600S
2022-03-01 06:00:00,811090.0,6784834446.0,1565542125.0,6191586.0,3700327.0,4488.0,7.0,PT3600S
2022-03-01 06:00:00,811101.0,15296214065.0,3949797469.0,14153390.0,7713841.0,22009.0,23.0,PT3600S
2022-03-01 06:00:00,811148.0,6331923434.0,518054273.0,5436937.0,2607268.0,44286.0,42.0,PT3600S
2022-03-01 06:00:00,811156.0,2516612152.0,215187545.0,2077172.0,1133063.0,0.0,0.0,PT3600S
2022-03-01 06:00:00,811170.0,7603315971.0,907878383.0,6286800.0,3472728.0,18141.0,41.0,PT3600S
2022-03-01 06:00:00,811206.0,18281250075.0,2669177205.0,16055649.0,6936236.0,8810.0,34.0,PT3600S
2022-03-01 06:00:00,811312.0,8004300367.0,2426313165.0,7670945.0,5046223.0,11694.0,16.0,PT3600S
2022-03-01 06:00:00,811314.0,12280541174.0,4162094307.0,11591511.0,6687987.0,5238.0,21.0,PT3600S
2022-03-01 06:00:00,811334.0,16206557486.0,1597212602.0,13626128.0,6799333.0,738.0,8.0,PT3600S
2022-03-01 06:00:00,811341.0,12229850762.0,1453195273.0,10805094.0,5808184.0,14398.0,21.0,PT3600S
2022-03-01 06:00:00,811358.0,867010404.0,255976390.0,765774.0,498574.0,0.0,0.0,PT3600S
2022-03-01 06:00:00,811383.0,4331681331.0,205023107.0,3428135.0,1328591.0,235.0,8.0,PT3600S
2022-03-01 06:00:00,811384.0,8128469144.0,854230328.0,6955279.0,3277390.0,2953.0,7.0,PT3600S
2022-03-01 06:00:00,811389.0,14200692113.0,2779237048.0,12213547.0,6514137.0,42395.0,38.0,PT3600S
2022-03-01 06:00:00,811423.0,7177886853.0,1736678127.0,6271484.0,4034295.0,123.0,5.0,PT3600S
2022-03-01 06:00:00,811447.0,16343001733.0,2285133074.0,13657827.0,7936844.0,8274.0,14.0,PT3600S
2022-03-01 06:00:00,811448.0,19224543495.0,8875078268.0,19176369.0,13274142.0,14177.0,53.0,PT3600S
2022-03-01 06:00:00,811449.0,6939122452.0,593067910.0,5902429.0,2549772.0,913.0,6.0,PT3600S
2022-03-01 06:00:00,811450.0,9783400086.0,5767747164.0,10122133.0,7926104.0,276.0,10.0,PT3600S
2022-03-01 06:00:00,811451.0,4607869580.0,475782651.0,3962838.0,1268201.0,0.0,0.0,PT3600S
2022-03-01 06:00:00,811452.0,15873646275.0,1641242023.0,13597204.0,6312124.0,63749.0,71.0,PT3600S
2022-03-01 06:00:00,811453.0,10201113388.0,1545432370.0,9176509.0,4428324.0,39656.0,39.0,PT3600S
2022-03-01 06:00:00,811454.0,2250295892.0,112587332.0,1890510.0,707705.0,0.0,0.0,PT3600S
2022-03-01 06:00:00,811455.0,17423539051.0,1382606658.0,14630048.0,6288792.0,15977.0,27.0,PT3600S
2022-03-01 06:00:00,811456.0,647324526.0,32816848.0,531122.0,233611.0,1512.0,14.0,PT3600S
2022-03-01 06:00:00,811461.0,2002844114.0,209584435.0,1776123.0,655063.0,33388.0,25.0,PT3600S
2022-03-01 06:00:00,811462.0,1573211130.0,172699132.0,1390885.0,684747.0,60.0,1.0,PT3600S
2022-03-01 06:00:00,811463.0,12221964343.0,1184186249.0,10527538.0,4936834.0,17564.0,29.0,PT3600S
2022-03-01 06:00:00,811465.0,7313787947.0,1430031598.0,6251178.0,3081089.0,8.0,1.0,PT3600S
2022-03-01 06:00:00,811466.0,42206851.0,2592538.0,38178.0,12285.0,0.0,0.0,PT3600S
2022-03-01 06:00:00,811467.0,7470163425.0,2474018210.0,7018685.0,4359964.0,136.0,17.0,PT3600S
2022-03-01 06:00:00,811468.0,4746351852.0,3357523756.0,5170999.0,4114146.0,126.0,2.0,PT3600S
2022-03-01 06:00:00,811469.0,10226007005.0,2250594265.0,9555799.0,5440421.0,3857.0,25.0,PT3600S
2022-03-01 06:00:00,811470.0,159235102.0,52308281.0,174140.0,122781.0,0.0,0.0,PT3600S
2022-03-01 06:00:00,811471.0,6210746963.0,1183546947.0,5493904.0,2959855.0,4517.0,6.0,PT3600S
2022-03-01 06:00:00,811472.0,7620114405.0,916182634.0,6495801.0,3300510.0,28771.0,57.0,PT3600S
2022-03-01 06:00:00,811473.0,9977622508.0,3723969836.0,9056975.0,6189657.0,48189.0,56.0,PT3600S
2022-03-01 06:00:00,811474.0,10863765501.0,1680168671.0,9497902.0,4054693.0,3063.0,14.0,PT3600S
2022-03-01 06:00:00,811475.0,4932603415.0,1647102942.0,4562615.0,2886621.0,4074.0,46.0,PT3600S
2022-03-01 06:00:00,817589.0,5902261797.0,789171458.0,5133046.0,2275655.0,179.0,3.0,PT3600S
2022-03-01 06:00:00,817609.0,6345974883.0,1587438221.0,6121670.0,3495891.0,8154.0,40.0,PT3600S
2022-03-01 06:00:00,817610.0,15759850846.0,2285774529.0,13432819.0,7102926.0,58054.0,189.0,PT3600S
2022-03-01 06:00:00,817611.0,3806495915.0,223012803.0,3383605.0,1229564.0,0.0,0.0,PT3600S
2022-03-01 06:00:00,817613.0,9841489681.0,3692059925.0,8643370.0,5983080.0,487.0,12.0,PT3600S
2022-03-01 06:00:00,817614.0,4697160097.0,619723331.0,4018303.0,1873661.0,16.0,2.0,PT3600S
2022-03-01 06:00:00,817615.0,7296282025.0,2073683939.0,6529940.0,4082118.0,10162.0,28.0,PT3600S
2022-03-01 06:00:00,817635.0,6546382800.0,2389884680.0,6627245.0,4010232.0,101256.0,123.0,PT3600S
2022-03-01 06:00:00,832642.0,10754087958.0,844743733.0,9215268.0,4190888.0,4590.0,20.0,PT3600S
2022-03-01 06:00:00,832643.0,12347868254.0,1452436515.0,10774026.0,6954048.0,1508.0,6.0,PT3600S
2022-03-01 06:00:00,10288380.0,2587111612.0,412757668.0,2329803.0,1100473.0,0.0,0.0,PT3600S
2022-03-01 06:00:00,11156417.0,459444013.0,19286820.0,369250.0,121398.0,0.0,0.0,PT3600S
2022-03-01 07:00:00,809206.0,12328576414.0,1418043361.0,10955453.0,4868864.0,59700.0,66.0,PT3600S
2022-03-01 07:00:00,809207.0,9044711208.0,1458145195.0,8216533.0,4076530.0,765.0,11.0,PT3600S
2022-03-01 07:00:00,809269.0,12356518846.0,2270003365.0,10943160.0,5283856.0,6912.0,10.0,PT3600S
2022-03-01 07:00:00,810496.0,9619969418.0,1304453605.0,8823152.0,4294730.0,7857.0,21.0,PT3600S
2022-03-01 07:00:00,810520.0,30805178.0,32228839.0,38082.0,34184.0,0.0,0.0,PT3600S
2022-03-01 07:00:00,810562.0,15986958552.0,1300312417.0,13890083.0,5907683.0,25574.0,76.0,PT3600S
2022-03-01 07:00:00,810571.0,15860685345.0,1032180061.0,13166524.0,5315999.0,141.0,2.0,PT3600S
2022-03-01 07:00:00,810600.0,195754812.0,29656011.0,212286.0,111143.0,0.0,0.0,PT3600S
2022-03-01 07:00:00,810607.0,3196665652.0,234449275.0,2776211.0,1113917.0,6530.0,7.0,PT3600S
2022-03-01 07:00:00,810626.0,1247796258.0,174277075.0,1144790.0,429077.0,0.0,0.0,PT3600S
2022-03-01 07:00:00,810637.0,13246731359.0,2058440475.0,11670628.0,6004524.0,17994.0,39.0,PT3600S
2022-03-01 07:00:00,810654.0,17023557607.0,3647000475.0,15512164.0,8656593.0,526.0,19.0,PT3600S
2022-03-01 07:00:00,810667.0,14458599499.0,1436208505.0,12527773.0,5950404.0,28283.0,59.0,PT3600S
2022-03-01 07:00:00,810668.0,1375749977.0,149656348.0,1239949.0,623721.0,204.0,3.0,PT3600S
2022-03-01 07:00:00,810679.0,30150083812.0,4663694600.0,26499477.0,15105758.0,8019.0,19.0,PT3600S
2022-03-01 07:00:00,810683.0,12394219718.0,1484547738.0,10651750.0,5045606.0,10499.0,43.0,PT3600S
2022-03-01 07:00:00,810739.0,10251852891.0,2506137703.0,9162784.0,5413739.0,6278.0,26.0,PT3600S
2022-03-01 07:00:00,810741.0,13797354501.0,3323632215.0,12652988.0,7434118.0,15571.0,71.0,PT3600S
2022-03-01 07:00:00,810754.0,20724959673.0,2453506712.0,17972034.0,9192547.0,69047.0,96.0,PT3600S
2022-03-01 07:00:00,810777.0,18940405527.0,1650378262.0,16325749.0,7176322.0,152327.0,163.0,PT3600S
2022-03-01 07:00:00,810784.0,5280040778.0,451462291.0,4484769.0,2114621.0,207.0,2.0,PT3600S
2022-03-01 07:00:00,810789.0,9532243394.0,1359846077.0,8268806.0,4036922.0,15162.0,46.0,PT3600S
2022-03-01 07:00:00,810790.0,0.0,0.0,0.0,0.0,0.0,0.0,PT3600S
2022-03-01 07:00:00,810811.0,20594197355.0,4155875609.0,18256499.0,9927685.0,27641.0,69.0,PT3600S
2022-03-01 07:00:00,810812.0,12037618120.0,1159292224.0,10205670.0,5329958.0,7622.0,27.0,PT3600S
2022-03-01 07:00:00,810876.0,15861301328.0,1615012719.0,13598675.0,6467195.0,2368.0,14.0,PT3600S
2022-03-01 07:00:00,810914.0,3003448473.0,524295620.0,2778396.0,1311162.0,6490.0,6.0,PT3600S
2022-03-01 07:00:00,810922.0,6586023968.0,1791008821.0,5948185.0,3770455.0,7551.0,89.0,PT3600S
2022-03-01 07:00:00,810926.0,6358783905.0,463622448.0,5334332.0,2408057.0,0.0,0.0,PT3600S
2022-03-01 07:00:00,810927.0,11574167749.0,2195319487.0,10714880.0,5370746.0,3088.0,21.0,PT3600S
2022-03-01 07:00:00,810948.0,11292704162.0,2092343842.0,10198557.0,5549075.0,4978.0,59.0,PT3600S
2022-03-01 07:00:00,810951.0,1749559658.0,63514580.0,1388685.0,458723.0,0.0,0.0,PT3600S
2022-03-01 07:00:00,810952.0,1630733778.0,103074364.0,1382608.0,457804.0,0.0,0.0,PT3600S
2022-03-01 07:00:00,810969.0,7035776334.0,940425656.0,6110585.0,3548351.0,3399.0,9.0,PT3600S
2022-03-01 07:00:00,810982.0,24193999669.0,2823067320.0,21375867.0,10899086.0,409591.0,413.0,PT3600S
2022-03-01 07:00:00,810989.0,3547094383.0,448214739.0,3160344.0,1386359.0,1810.0,7.0,PT3600S
2022-03-01 07:00:00,810993.0,28113991069.0,2900933815.0,23609496.0,11810558.0,168476.0,190.0,PT3600S
2022-03-01 07:00:00,811013.0,20803006258.0,2281651692.0,18379370.0,8669691.0,37443.0,102.0,PT3600S
2022-03-01 07:00:00,811090.0,7739694134.0,2983581005.0,7572908.0,4906387.0,7998.0,16.0,PT3600S
2022-03-01 07:00:00,811101.0,15459352781.0,5142386937.0,14975036.0,9450804.0,1355.0,9.0,PT3600S
2022-03-01 07:00:00,811148.0,9005362023.0,1164203488.0,8062983.0,4379119.0,14317.0,41.0,PT3600S
2022-03-01 07:00:00,811156.0,3638239679.0,524971732.0,3164870.0,1644699.0,1945.0,7.0,PT3600S
2022-03-01 07:00:00,811170.0,7691577588.0,931901667.0,6640237.0,3722637.0,12646.0,60.0,PT3600S
2022-03-01 07:00:00,811206.0,23976638459.0,2695501287.0,20761798.0,9735590.0,47454.0,130.0,PT3600S
2022-03-01 07:00:00,811312.0,14971281389.0,1962819573.0,13218671.0,6833531.0,3200.0,24.0,PT3600S
2022-03-01 07:00:00,811314.0,17481840782.0,2402439985.0,15724355.0,7603056.0,14447.0,80.0,PT3600S
2022-03-01 07:00:00,811334.0,13916313734.0,2788751497.0,12632273.0,6813396.0,7699.0,22.0,PT3600S
2022-03-01 07:00:00,811341.0,17600897201.0,3216323236.0,15875613.0,8562884.0,30225.0,88.0,PT3600S
2022-03-01 07:00:00,811358.0,1583319857.0,95598116.0,1287415.0,555376.0,211.0,3.0,PT3600S
2022-03-01 07:00:00,811383.0,3633993734.0,511840258.0,3215581.0,1696632.0,34266.0,42.0,PT3600S
2022-03-01 07:00:00,811384.0,11685936439.0,1238980241.0,10276945.0,5479531.0,16832.0,34.0,PT3600S
2022-03-01 07:00:00,811389.0,14745169046.0,1220188305.0,12278896.0,5698630.0,8910.0,16.0,PT3600S
2022-03-01 07:00:00,811423.0,13720366967.0,1200475673.0,11375146.0,5470743.0,3300.0,38.0,PT3600S
2022-03-01 07:00:00,811447.0,17170276171.0,1839840519.0,14749147.0,7308135.0,8546.0,26.0,PT3600S
2022-03-01 07:00:00,811448.0,22456302901.0,4314491525.0,20749316.0,11847492.0,164847.0,230.0,PT3600S
2022-03-01 07:00:00,811449.0,9632771442.0,814926548.0,8343314.0,3464018.0,6917.0,12.0,PT3600S
2022-03-01 07:00:00,811450.0,13169332949.0,1340823864.0,11210171.0,5947438.0,5496.0,37.0,PT3600S
2022-03-01 07:00:00,811451.0,3644488428.0,507798905.0,3319076.0,1402909.0,647.0,4.0,PT3600S
2022-03-01 07:00:00,811452.0,20550126422.0,1650993047.0,17726198.0,7911467.0,39483.0,96.0,PT3600S
2022-03-01 07:00:00,811453.0,14615830224.0,1711567053.0,12761425.0,6537827.0,2008.0,31.0,PT3600S
2022-03-01 07:00:00,811454.0,2357577970.0,372487129.0,2049211.0,892697.0,0.0,0.0,PT3600S
2022-03-01 07:00:00,811455.0,21512392308.0,2200260961.0,18753797.0,8916775.0,30522.0,59.0,PT3600S
2022-03-01 07:00:00,811456.0,3318930481.0,472409134.0,3109873.0,1615037.0,100.0,6.0,PT3600S
2022-03-01 07:00:00,811461.0,2220429925.0,647457470.0,2165958.0,1149408.0,25276.0,23.0,PT3600S
2022-03-01 07:00:00,811462.0,2309822538.0,230408054.0,2122265.0,1035082.0,123.0,2.0,PT3600S
2022-03-01 07:00:00,811463.0,18878330768.0,2229075500.0,16297318.0,7987387.0,15558.0,59.0,PT3600S
2022-03-01 07:00:00,811465.0,6337682237.0,4340532723.0,6546690.0,5538435.0,687.0,4.0,PT3600S
2022-03-01 07:00:00,811466.0,813760260.0,293608483.0,865672.0,520063.0,0.0,0.0,PT3600S
2022-03-01 07:00:00,811467.0,11433473753.0,1344986505.0,10278781.0,5227393.0,298487.0,279.0,PT3600S
2022-03-01 07:00:00,811468.0,6257224355.0,2073569520.0,6043164.0,3983966.0,251.0,8.0,PT3600S
2022-03-01 07:00:00,811469.0,12425003945.0,1750896636.0,11344528.0,5596202.0,31389.0,69.0,PT3600S
2022-03-01 07:00:00,811470.0,332982692.0,131303956.0,362281.0,242693.0,0.0,0.0,PT3600S
2022-03-01 07:00:00,811471.0,10056295278.0,835060842.0,8514748.0,3977764.0,22925.0,26.0,PT3600S
2022-03-01 07:00:00,811472.0,10928682106.0,1655142098.0,9782230.0,4813617.0,35698.0,86.0,PT3600S
2022-03-01 07:00:00,811473.0,16018788390.0,1768455139.0,13730034.0,7561241.0,42209.0,79.0,PT3600S
2022-03-01 07:00:00,811474.0,9738329606.0,2793869410.0,9045242.0,5135576.0,7869.0,55.0,PT3600S
2022-03-01 07:00:00,811475.0,9413424784.0,2246707096.0,8541380.0,4881770.0,7962.0,104.0,PT3600S
2022-03-01 07:00:00,817589.0,12240139708.0,1548377458.0,10459962.0,5157185.0,13904.0,13.0,PT3600S
2022-03-01 07:00:00,817609.0,11675384268.0,1050629142.0,10148444.0,4566819.0,70772.0,93.0,PT3600S
2022-03-01 07:00:00,817610.0,21321379389.0,4031875445.0,18814341.0,10721921.0,37899.0,307.0,PT3600S
2022-03-01 07:00:00,817611.0,5733286917.0,519860576.0,5055257.0,2115638.0,1883.0,11.0,PT3600S
2022-03-01 07:00:00,817613.0,12402836929.0,1783530717.0,10333464.0,5496938.0,3817.0,14.0,PT3600S
2022-03-01 07:00:00,817614.0,5780252136.0,384218425.0,4547703.0,2472280.0,99.0,1.0,PT3600S
2022-03-01 07:00:00,817615.0,11546509840.0,2598272372.0,10058290.0,5519076.0,20316.0,85.0,PT3600S
2022-03-01 07:00:00,817635.0,12886132911.0,3688261365.0,12185524.0,7388917.0,62577.0,132.0,PT3600S
2022-03-01 07:00:00,832642.0,18408003127.0,3167346525.0,16377321.0,9063794.0,142376.0,205.0,PT3600S
2022-03-01 07:00:00,832643.0,10976228815.0,1565087292.0,9703884.0,5576409.0,16999.0,31.0,PT3600S
2022-03-01 07:00:00,10288380.0,5366472179.0,280130954.0,4433422.0,1681084.0,128.0,2.0,PT3600S
2022-03-01 07:00:00,11156417.0,780026034.0,95531521.0,681134.0,403720.0,0.0,0.0,PT3600S
2022-03-01 08:00:00,809206.0,14902547526.0,1819007134.0,13003462.0,6046182.0,3767.0,47.0,PT3600S
2022-03-01 08:00:00,809207.0,12180497219.0,2800772266.0,11392357.0,6266055.0,5379.0,18.0,PT3600S
2022-03-01 08:00:00,809269.0,12762168241.0,1208653491.0,11024145.0,4790675.0,23965.0,30.0,PT3600S
2022-03-01 08:00:00,810496.0,18778987464.0,2054862273.0,16658846.0,8171013.0,66930.0,94.0,PT3600S
2022-03-01 08:00:00,810520.0,33701965.0,4663667.0,34910.0,21934.0,0.0,0.0,PT3600S
2022-03-01 08:00:00,810562.0,17596953506.0,1467065151.0,15232845.0,6547675.0,20124.0,85.0,PT3600S
2022-03-01 08:00:00,810571.0,16734180897.0,1837373449.0,14228884.0,6747917.0,5708.0,11.0,PT3600S
2022-03-01 08:00:00,810600.0,420542610.0,43423271.0,392372.0,166486.0,3400.0,6.0,PT3600S
2022-03-01 08:00:00,810607.0,2643412362.0,604544169.0,2400140.0,1338166.0,353.0,4.0,PT3600S
2022-03-01 08:00:00,810626.0,513685205.0,22032960.0,436107.0,125618.0,640.0,1.0,PT3600S
2022-03-01 08:00:00,810637.0,17672663292.0,1864286177.0,15499432.0,7880286.0,84367.0,125.0,PT3600S
2022-03-01 08:00:00,810654.0,21877572571.0,3744687639.0,19174213.0,10406407.0,361439.0,317.0,PT3600S
2022-03-01 08:00:00,810667.0,21336465592.0,2593918401.0,18379743.0,9525695.0,75532.0,107.0,PT3600S
2022-03-01 08:00:00,810668.0,1038103257.0,215189404.0,1140194.0,717085.0,143.0,2.0,PT3600S
2022-03-01 08:00:00,810679.0,29123392968.0,4255005362.0,25255852.0,14299441.0,20257.0,23.0,PT3600S
2022-03-01 08:00:00,810683.0,15186817146.0,1863942385.0,13407697.0,6867257.0,75667.0,108.0,PT3600S
2022-03-01 08:00:00,810739.0,11174362999.0,1752319965.0,9992283.0,5216312.0,16836.0,66.0,PT3600S
2022-03-01 08:00:00,810741.0,17345727706.0,2530104881.0,15646081.0,8403856.0,9637.0,101.0,PT3600S
2022-03-01 08:00:00,810754.0,31983238439.0,6686847308.0,29132097.0,17119640.0,67178.0,133.0,PT3600S
2022-03-01 08:00:00,810777.0,28579093969.0,2762062813.0,24428429.0,11841940.0,130424.0,196.0,PT3600S
2022-03-01 08:00:00,810784.0,6238946681.0,785402139.0,5311963.0,2520550.0,9752.0,11.0,PT3600S
2022-03-01 08:00:00,810789.0,10752349221.0,1605599365.0,9654030.0,4828793.0,11542.0,36.0,PT3600S
2022-03-01 08:00:00,810790.0,24.0,28.0,2.0,2.0,0.0,0.0,PT3600S
2022-03-01 08:00:00,810811.0,20749421406.0,3218841420.0,18402207.0,9974556.0,35512.0,106.0,PT3600S
2022-03-01 08:00:00,810812.0,15654300447.0,2067558018.0,13698827.0,7039476.0,20700.0,46.0,PT3600S
2022-03-01 08:00:00,810876.0,12566057960.0,1337862591.0,10617585.0,5608009.0,5066.0,15.0,PT3600S
2022-03-01 08:00:00,810914.0,3988949993.0,343312289.0,3402092.0,1485552.0,1843.0,2.0,PT3600S
2022-03-01 08:00:00,810922.0,10000240230.0,1885761073.0,8937794.0,5135619.0,11094.0,64.0,PT3600S
2022-03-01 08:00:00,810926.0,6961655963.0,1726938884.0,6403796.0,3650802.0,1634.0,3.0,PT3600S
2022-03-01 08:00:00,810927.0,15311451753.0,2101549354.0,13630732.0,6421761.0,11546.0,56.0,PT3600S
2022-03-01 08:00:00,810948.0,14045969115.0,2230734904.0,12404550.0,6720361.0,34876.0,96.0,PT3600S
2022-03-01 08:00:00,810951.0,950593621.0,85074595.0,858707.0,365854.0,0.0,0.0,PT3600S
2022-03-01 08:00:00,810952.0,2167029968.0,117610942.0,1783143.0,711158.0,2640.0,4.0,PT3600S
2022-03-01 08:00:00,810969.0,8893535682.0,807759960.0,7833374.0,4272236.0,51323.0,90.0,PT3600S
2022-03-01 08:00:00,810982.0,31119368098.0,3573293378.0,27434420.0,14469216.0,378605.0,458.0,PT3600S
2022-03-01 08:00:00,810989.0,5698134952.0,480424045.0,4656283.0,1990283.0,1649.0,6.0,PT3600S
2022-03-01 08:00:00,810993.0,26052912523.0,5823591836.0,23588518.0,13871713.0,74617.0,156.0,PT3600S
2022-03-01 08:00:00,811013.0,21040939992.0,2786532375.0,18746261.0,9587558.0,159677.0,210.0,PT3600S
2022-03-01 08:00:00,811090.0,9164261399.0,2622519764.0,8510266.0,5163583.0,13097.0,43.0,PT3600S
2022-03-01 08:00:00,811101.0,17790498306.0,5344213529.0,16589168.0,10824070.0,18160.0,22.0,PT3600S
2022-03-01 08:00:00,811148.0,9846411830.0,1324367107.0,8825150.0,5089953.0,110943.0,146.0,PT3600S
2022-03-01 08:00:00,811156.0,3580252586.0,448966120.0,3129063.0,1577257.0,5782.0,18.0,PT3600S
2022-03-01 08:00:00,811170.0,10983104387.0,1105967111.0,9404725.0,5185059.0,16340.0,133.0,PT3600S
2022-03-01 08:00:00,811206.0,30303878768.0,3231813996.0,26163059.0,11979425.0,49038.0,143.0,PT3600S
2022-03-01 08:00:00,811312.0,18511695276.0,1736179367.0,16016701.0,7665949.0,61523.0,78.0,PT3600S
2022-03-01 08:00:00,811314.0,22348101732.0,3218867204.0,19564079.0,10200065.0,355971.0,386.0,PT3600S
2022-03-01 08:00:00,811334.0,13194120942.0,2460415466.0,11895291.0,6851081.0,7230.0,35.0,PT3600S
2022-03-01 08:00:00,811341.0,17797450411.0,3369692161.0,16249929.0,9816918.0,75616.0,138.0,PT3600S
2022-03-01 08:00:00,811358.0,2175111440.0,421192490.0,1999196.0,1038939.0,478.0,7.0,PT3600S
2022-03-01 08:00:00,811383.0,4738112083.0,975111761.0,4402185.0,2346993.0,19814.0,37.0,PT3600S
2022-03-01 08:00:00,811384.0,14875251133.0,1866102169.0,13202517.0,8407049.0,10586.0,33.0,PT3600S
2022-03-01 08:00:00,811389.0,16261409724.0,1817433040.0,13857179.0,7595965.0,12957.0,30.0,PT3600S
2022-03-01 08:00:00,811423.0,12867983112.0,1629270103.0,11285836.0,6013956.0,61987.0,80.0,PT3600S
2022-03-01 08:00:00,811447.0,17659382885.0,2494914345.0,15151546.0,7410165.0,16077.0,49.0,PT3600S
2022-03-01 08:00:00,811448.0,28334880431.0,3007143106.0,24277015.0,12501269.0,20381.0,243.0,PT3600S
2022-03-01 08:00:00,811449.0,11024171555.0,1071247573.0,9717341.0,4488018.0,2793.0,5.0,PT3600S
2022-03-01 08:00:00,811450.0,11749766389.0,2382951478.0,10497092.0,5888990.0,10212.0,32.0,PT3600S
2022-03-01 08:00:00,811451.0,3983946683.0,581845338.0,3729983.0,1644543.0,2861.0,5.0,PT3600S
2022-03-01 08:00:00,811452.0,25572350861.0,2546037461.0,22225778.0,10861281.0,11915.0,113.0,PT3600S
2022-03-01 08:00:00,811453.0,19194532607.0,3133667889.0,17077949.0,8590994.0,13422.0,55.0,PT3600S
2022-03-01 08:00:00,811454.0,2676389611.0,288150549.0,2411898.0,1016504.0,372.0,7.0,PT3600S
2022-03-01 08:00:00,811455.0,23753871679.0,3391694934.0,21391913.0,11318302.0,67829.0,137.0,PT3600S
2022-03-01 08:00:00,811456.0,6875809370.0,910888807.0,6226920.0,3253165.0,2237.0,19.0,PT3600S
2022-03-01 08:00:00,811461.0,2487779966.0,189367205.0,2074226.0,704047.0,242.0,4.0,PT3600S
2022-03-01 08:00:00,811462.0,3976933482.0,362481571.0,3546190.0,1370495.0,120924.0,98.0,PT3600S
2022-03-01 08:00:00,811463.0,19796031735.0,2527111505.0,17377706.0,8730074.0,22708.0,91.0,PT3600S
2022-03-01 08:00:00,811465.0,7848810976.0,2903838093.0,7552846.0,5137446.0,42277.0,44.0,PT3600S
2022-03-01 08:00:00,811466.0,448196241.0,252701987.0,498100.0,359813.0,0.0,0.0,PT3600S
2022-03-01 08:00:00,811467.0,17175734334.0,2601521700.0,14998887.0,8110915.0,16913.0,150.0,PT3600S
2022-03-01 08:00:00,811468.0,7226961114.0,2713544688.0,7179534.0,4660637.0,167.0,3.0,PT3600S
2022-03-01 08:00:00,811469.0,20116508068.0,3172216093.0,17989060.0,9198965.0,299730.0,605.0,PT3600S
2022-03-01 08:00:00,811470.0,779420186.0,54711376.0,691234.0,301667.0,0.0,0.0,PT3600S
2022-03-01 08:00:00,811471.0,11150922895.0,2223343144.0,10016534.0,5684089.0,10854.0,26.0,PT3600S
2022-03-01 08:00:00,811472.0,10624417975.0,1230818687.0,9500110.0,4644831.0,17234.0,93.0,PT3600S
2022-03-01 08:00:00,811473.0,19835341396.0,2433845569.0,17731100.0,10460309.0,116017.0,198.0,PT3600S
2022-03-01 08:00:00,811474.0,9912697417.0,1033952185.0,8706414.0,4230307.0,37557.0,92.0,PT3600S
2022-03-01 08:00:00,811475.0,13286677030.0,1784927761.0,11508628.0,6017294.0,16534.0,164.0,PT3600S
2022-03-01 08:00:00,817589.0,12125610783.0,1377918572.0,10703039.0,5192163.0,11381.0,16.0,PT3600S
2022-03-01 08:00:00,817609.0,14479569276.0,1821410462.0,12947559.0,6546765.0,39745.0,121.0,PT3600S
2022-03-01 08:00:00,817610.0,21786621491.0,3991290588.0,19633688.0,10611789.0,371044.0,780.0,PT3600S
2022-03-01 08:00:00,817611.0,7630161519.0,1205954769.0,6954435.0,3329087.0,79836.0,78.0,PT3600S
2022-03-01 08:00:00,817613.0,15610870471.0,2043375910.0,13217305.0,7131854.0,2066.0,18.0,PT3600S
2022-03-01 08:00:00,817614.0,2971523897.0,342355716.0,2923297.0,1330606.0,214.0,4.0,PT3600S
2022-03-01 08:00:00,817615.0,12509632482.0,2353336623.0,10960483.0,6204332.0,82298.0,146.0,PT3600S
2022-03-01 08:00:00,817635.0,17213665745.0,3244852084.0,16189660.0,9152812.0,91634.0,199.0,PT3600S
2022-03-01 08:00:00,832642.0,22315156745.0,5155317343.0,20415088.0,12719766.0,34361.0,172.0,PT3600S
2022-03-01 08:00:00,832643.0,13855093975.0,2403634240.0,12399755.0,7086204.0,47140.0,57.0,PT3600S
2022-03-01 08:00:00,10288380.0,3961333751.0,241868540.0,3363892.0,1457842.0,164.0,1.0,PT3600S
2022-03-01 08:00:00,11156417.0,551889702.0,93735349.0,531810.0,309177.0,68.0,1.0,PT3600S
2022-03-01 09:00:00,809206.0,12480193111.0,1237481986.0,11224437.0,5694883.0,32335.0,61.0,PT3600S
2022-03-01 09:00:00,809207.0,16139643111.0,1840973041.0,14026879.0,7047261.0,21625.0,24.0,PT3600S
2022-03-01 09:00:00,809269.0,13182362164.0,1835377646.0,11494369.0,5603858.0,127985.0,110.0,PT3600S
2022-03-01 09:00:00,810496.0,26986751227.0,4127087023.0,24345578.0,13706336.0,48321.0,138.0,PT3600S
2022-03-01 09:00:00,810520.0,40147479.0,4767919.0,43025.0,29732.0,0.0,0.0,PT3600S
2022-03-01 09:00:00,810562.0,19079366309.0,2238411190.0,16928202.0,8109442.0,37237.0,95.0,PT3600S
2022-03-01 09:00:00,810571.0,15727782135.0,2239642830.0,13613505.0,7636158.0,3180.0,9.0,PT3600S
2022-03-01 09:00:00,810600.0,787713078.0,25977438.0,658087.0,161164.0,288.0,3.0,PT3600S
2022-03-01 09:00:00,810607.0,3046425976.0,447749389.0,2789322.0,1434347.0,221.0,5.0,PT3600S
2022-03-01 09:00:00,810626.0,416847063.0,22437292.0,356848.0,137288.0,0.0,0.0,PT3600S
2022-03-01 09:00:00,810637.0,18161330489.0,2114552196.0,16089152.0,8090791.0,25053.0,70.0,PT3600S
2022-03-01 09:00:00,810654.0,22290312383.0,3997608419.0,20296164.0,12091130.0,116964.0,144.0,PT3600S
2022-03-01 09:00:00,810667.0,21288606133.0,2563562456.0,18786541.0,9525845.0,51842.0,107.0,PT3600S
2022-03-01 09:00:00,810668.0,1335759234.0,133202978.0,1166112.0,571542.0,107.0,1.0,PT3600S
2022-03-01 09:00:00,810679.0,27785431597.0,4248771601.0,24228518.0,14548783.0,8661.0,33.0,PT3600S
2022-03-01 09:00:00,810683.0,15351965612.0,1944227643.0,13430652.0,7534883.0,8195.0,37.0,PT3600S
2022-03-01 09:00:00,810739.0,14104433198.0,1232182932.0,12185829.0,5233403.0,18003.0,52.0,PT3600S
2022-03-01 09:00:00,810741.0,16568737170.0,2030796691.0,14777180.0,8016185.0,8375.0,104.0,PT3600S
2022-03-01 09:00:00,810754.0,41291334035.0,6633841487.0,36943478.0,22519869.0,70021.0,194.0,PT3600S
2022-03-01 09:00:00,810777.0,26479763242.0,2563489430.0,22959117.0,11300070.0,288967.0,343.0,PT3600S
2022-03-01 09:00:00,810784.0,5745116235.0,485598895.0,4908508.0,2432714.0,601.0,1.0,PT3600S
2022-03-01 09:00:00,810789.0,13513239757.0,2232232180.0,11917678.0,6119427.0,5616.0,34.0,PT3600S
2022-03-01 09:00:00,810790.0,0.0,0.0,0.0,0.0,0.0,0.0,PT3600S
2022-03-01 09:00:00,810811.0,19142097545.0,3063139555.0,17063921.0,9627821.0,138922.0,181.0,PT3600S
2022-03-01 09:00:00,810812.0,19386195153.0,2774662391.0,17234096.0,9345061.0,7143.0,34.0,PT3600S
2022-03-01 09:00:00,810876.0,10642163057.0,1671650621.0,9111250.0,4820546.0,10397.0,20.0,PT3600S
2022-03-01 09:00:00,810914.0,3981384990.0,516281963.0,3612007.0,1874449.0,371.0,4.0,PT3600S
2022-03-01 09:00:00,810922.0,10856150658.0,1161773990.0,9477267.0,5098982.0,19124.0,81.0,PT3600S
2022-03-01 09:00:00,810926.0,5303466028.0,1249861800.0,4933463.0,2753917.0,1667.0,7.0,PT3600S
2022-03-01 09:00:00,810927.0,16467771070.0,2540704729.0,14970803.0,7868561.0,37866.0,68.0,PT3600S
2022-03-01 09:00:00,810948.0,5359316383.0,561930846.0,4830532.0,2648663.0,15748.0,63.0,PT3600S
2022-03-01 09:00:00,810951.0,1068745286.0,62989441.0,933199.0,389517.0,8.0,1.0,PT3600S
2022-03-01 09:00:00,810952.0,783672316.0,98549817.0,765626.0,444839.0,511.0,2.0,PT3600S
2022-03-01 09:00:00,810969.0,9195505808.0,1077486356.0,7892967.0,5014741.0,139011.0,126.0,PT3600S
2022-03-01 09:00:00,810982.0,31285265977.0,3528859185.0,28242842.0,15864325.0,218095.0,398.0,PT3600S
2022-03-01 09:00:00,810989.0,3865221784.0,1008042394.0,3490667.0,2094618.0,237.0,6.0,PT3600S
2022-03-01 09:00:00,810993.0,30354483018.0,5424442199.0,27365790.0,15702980.0,72908.0,163.0,PT3600S
2022-03-01 09:00:00,811013.0,23335076863.0,4466787331.0,21412634.0,12069851.0,237020.0,318.0,PT3600S
2022-03-01 09:00:00,811090.0,10290120693.0,1961105447.0,9659081.0,4987760.0,14551.0,56.0,PT3600S
2022-03-01 09:00:00,811101.0,17341732716.0,4724961062.0,16182285.0,10003066.0,11929.0,24.0,PT3600S
2022-03-01 09:00:00,811148.0,8260977704.0,1508793482.0,7802669.0,4969677.0,18019.0,47.0,PT3600S
2022-03-01 09:00:00,811156.0,4641659457.0,499828010.0,3957149.0,2094785.0,25002.0,27.0,PT3600S
2022-03-01 09:00:00,811170.0,11727633914.0,954462640.0,9875866.0,4782308.0,47722.0,114.0,PT3600S
2022-03-01 09:00:00,811206.0,27592448904.0,4571952716.0,25199662.0,13102648.0,159445.0,260.0,PT3600S
2022-03-01 09:00:00,811312.0,15136580502.0,2607426524.0,13975498.0,7515761.0,17312.0,44.0,PT3600S
2022-03-01 09:00:00,811314.0,27996172363.0,8300074534.0,25610074.0,17134790.0,75423.0,240.0,PT3600S
2022-03-01 09:00:00,811334.0,14543737191.0,1498615069.0,12721844.0,6521680.0,9498.0,44.0,PT3600S
2022-03-01 09:00:00,811341.0,19577766611.0,2164042111.0,17086053.0,9069847.0,80218.0,139.0,PT3600S
2022-03-01 09:00:00,811358.0,2547463415.0,344894194.0,2228817.0,918903.0,525.0,5.0,PT3600S
2022-03-01 09:00:00,811383.0,7949742322.0,1010864503.0,6936972.0,3126381.0,60246.0,84.0,PT3600S
2022-03-01 09:00:00,811384.0,14105987717.0,1889141932.0,12716296.0,7498145.0,15485.0,41.0,PT3600S
2022-03-01 09:00:00,811389.0,14911561218.0,1854914210.0,12710619.0,6797467.0,7412.0,16.0,PT3600S
2022-03-01 09:00:00,811423.0,12344863984.0,1568866647.0,11248576.0,5690231.0,28216.0,54.0,PT3600S
2022-03-01 09:00:00,811447.0,14392207011.0,1408396226.0,12596927.0,5801998.0,106255.0,113.0,PT3600S
2022-03-01 09:00:00,811448.0,30468298895.0,6046908778.0,27402699.0,16379245.0,44393.0,146.0,PT3600S
2022-03-01 09:00:00,811449.0,17849460805.0,1399493472.0,15294964.0,6640505.0,9343.0,27.0,PT3600S
2022-03-01 09:00:00,811450.0,12769814683.0,2942255856.0,11493967.0,6932233.0,112725.0,147.0,PT3600S
2022-03-01 09:00:00,811451.0,3281056776.0,307001767.0,2875204.0,1374067.0,8730.0,10.0,PT3600S
2022-03-01 09:00:00,811452.0,21819753487.0,2340399427.0,19680100.0,10466395.0,57211.0,173.0,PT3600S
2022-03-01 09:00:00,811453.0,17044721625.0,2122550068.0,15307001.0,7804831.0,6428.0,44.0,PT3600S
2022-03-01 09:00:00,811454.0,3578334879.0,249044651.0,3168112.0,1283164.0,2017.0,3.0,PT3600S
2022-03-01 09:00:00,811455.0,25079782097.0,2857750888.0,22303005.0,11544241.0,220530.0,242.0,PT3600S
2022-03-01 09:00:00,811456.0,10576737791.0,1700879109.0,9596126.0,5731379.0,632.0,14.0,PT3600S
2022-03-01 09:00:00,811461.0,639185909.0,139651653.0,686248.0,390689.0,0.0,0.0,PT3600S
2022-03-01 09:00:00,811462.0,2150327458.0,256425933.0,1937604.0,992573.0,367.0,1.0,PT3600S
2022-03-01 09:00:00,811463.0,21624174885.0,2937522998.0,18847040.0,9820763.0,99034.0,151.0,PT3600S
2022-03-01 09:00:00,811465.0,13092098208.0,1809635303.0,11357788.0,5675783.0,139159.0,120.0,PT3600S
2022-03-01 09:00:00,811466.0,308534144.0,306327847.0,449533.0,356052.0,0.0,0.0,PT3600S
2022-03-01 09:00:00,811467.0,19976818222.0,3029288084.0,17712584.0,9868578.0,72745.0,235.0,PT3600S
2022-03-01 09:00:00,811468.0,9727363430.0,858662158.0,8606847.0,3998459.0,86620.0,78.0,PT3600S
2022-03-01 09:00:00,811469.0,24178784720.0,3336745378.0,21802146.0,12328886.0,18853.0,206.0,PT3600S
2022-03-01 09:00:00,811470.0,566542432.0,33051122.0,477813.0,118096.0,0.0,0.0,PT3600S
2022-03-01 09:00:00,811471.0,12869908695.0,2106515592.0,11688069.0,6058469.0,36561.0,57.0,PT3600S
2022-03-01 09:00:00,811472.0,10935960894.0,1268929296.0,9835099.0,4906231.0,42259.0,109.0,PT3600S
2022-03-01 09:00:00,811473.0,24367287349.0,3575902285.0,21973299.0,13427260.0,166363.0,284.0,PT3600S
2022-03-01 09:00:00,811474.0,10773782151.0,940433894.0,9182457.0,4502880.0,81641.0,150.0,PT3600S
2022-03-01 09:00:00,811475.0,16335364856.0,2057493156.0,14260742.0,8055868.0,99935.0,331.0,PT3600S
2022-03-01 09:00:00,817589.0,12579811869.0,2270200194.0,11086542.0,6446020.0,3095.0,9.0,PT3600S
2022-03-01 09:00:00,817609.0,21634292199.0,2583210394.0,18819909.0,9989045.0,57645.0,168.0,PT3600S
2022-03-01 09:00:00,817610.0,25253718174.0,5178635026.0,23493543.0,12716253.0,269527.0,654.0,PT3600S
2022-03-01 09:00:00,817611.0,12839938402.0,1687071858.0,11190553.0,5815980.0,40239.0,55.0,PT3600S
2022-03-01 09:00:00,817613.0,16384224515.0,1625332258.0,13985086.0,6782564.0,199113.0,179.0,PT3600S
2022-03-01 09:00:00,817614.0,3850483437.0,334425043.0,3370615.0,1541054.0,8.0,1.0,PT3600S
2022-03-01 09:00:00,817615.0,14804769650.0,1691192356.0,12708168.0,7148264.0,45598.0,171.0,PT3600S
2022-03-01 09:00:00,817635.0,18209749119.0,2967018197.0,18661064.0,10550877.0,12735.0,117.0,PT3600S
2022-03-01 09:00:00,832642.0,24200862038.0,3526081379.0,22064129.0,12479203.0,30815.0,179.0,PT3600S
2022-03-01 09:00:00,832643.0,14898197914.0,2342758691.0,13169340.0,7257573.0,60924.0,88.0,PT3600S
2022-03-01 09:00:00,10288380.0,3596847853.0,300220211.0,3154107.0,1553772.0,2075.0,17.0,PT3600S
2022-03-01 09:00:00,11156417.0,1063982344.0,67378528.0,915760.0,368341.0,1081.0,9.0,PT3600S
2022-03-01 10:00:00,809206.0,12882672975.0,1473726203.0,11601351.0,5867900.0,18873.0,72.0,PT3600S
2022-03-01 10:00:00,809207.0,13278066809.0,1517600131.0,12444399.0,6036357.0,16920.0,20.0,PT3600S
2022-03-01 10:00:00,809269.0,10922731449.0,1421544011.0,9773126.0,4921834.0,22497.0,25.0,PT3600S
2022-03-01 10:00:00,810496.0,29455627560.0,5064835003.0,27353537.0,16560071.0,36819.0,101.0,PT3600S
2022-03-01 10:00:00,810520.0,31341704.0,1906111.0,25978.0,9943.0,0.0,0.0,PT3600S
2022-03-01 10:00:00,810562.0,23424428865.0,2603662231.0,20501703.0,9262710.0,79307.0,131.0,PT3600S
2022-03-01 10:00:00,810571.0,11570106126.0,1992957933.0,10630999.0,5735829.0,2658.0,20.0,PT3600S
2022-03-01 10:00:00,810600.0,293882949.0,82575151.0,288393.0,164010.0,0.0,0.0,PT3600S
2022-03-01 10:00:00,810607.0,4156896753.0,306013008.0,3494898.0,1868302.0,1810.0,10.0,PT3600S
2022-03-01 10:00:00,810626.0,380208046.0,47931581.0,384175.0,187782.0,0.0,0.0,PT3600S
2022-03-01 10:00:00,810637.0,21122879477.0,2274966954.0,18395945.0,8921667.0,27516.0,101.0,PT3600S
2022-03-01 10:00:00,810654.0,18169966543.0,7500603147.0,19509349.0,14004238.0,248252.0,239.0,PT3600S
2022-03-01 10:00:00,810667.0,20439270666.0,6389023397.0,19749339.0,12301108.0,52094.0,102.0,PT3600S
2022-03-01 10:00:00,810668.0,1194212387.0,156338897.0,1091516.0,597382.0,0.0,0.0,PT3600S
2022-03-01 10:00:00,810679.0,21759823132.0,2463793433.0,19291601.0,10014473.0,10451.0,20.0,PT3600S
2022-03-01 10:00:00,810683.0,18622509846.0,2151070758.0,15877622.0,8482552.0,388686.0,363.0,PT3600S
2022-03-01 10:00:00,810739.0,16463240724.0,1939462181.0,14496977.0,6663432.0,107774.0,134.0,PT3600S
2022-03-01 10:00:00,810741.0,21437111577.0,2523753799.0,19108909.0,10063852.0,43375.0,146.0,PT3600S
2022-03-01 10:00:00,810754.0,46492082029.0,6630477659.0,41488874.0,24194918.0,292555.0,394.0,PT3600S
2022-03-01 10:00:00,810777.0,27721672943.0,2733024427.0,24279576.0,12280685.0,45567.0,159.0,PT3600S
2022-03-01 10:00:00,810784.0,5693874597.0,463789871.0,4963054.0,2508723.0,1508.0,2.0,PT3600S
2022-03-01 10:00:00,810789.0,13644908581.0,2126253650.0,11985441.0,7189386.0,35039.0,73.0,PT3600S
2022-03-01 10:00:00,810790.0,0.0,0.0,0.0,0.0,0.0,0.0,PT3600S
2022-03-01 10:00:00,810811.0,16534286021.0,2368354689.0,14528107.0,8373142.0,112598.0,155.0,PT3600S
2022-03-01 10:00:00,810812.0,22494855258.0,3033886651.0,19914259.0,11137873.0,26414.0,74.0,PT3600S
2022-03-01 10:00:00,810876.0,9450464929.0,808137821.0,7994622.0,3572543.0,56010.0,56.0,PT3600S
2022-03-01 10:00:00,810914.0,4914612086.0,419761880.0,4114349.0,1671180.0,1636.0,6.0,PT3600S
2022-03-01 10:00:00,810922.0,10039485262.0,905684277.0,8540016.0,4779505.0,139908.0,188.0,PT3600S
2022-03-01 10:00:00,810926.0,5510257654.0,1634310800.0,5097907.0,3334258.0,651.0,5.0,PT3600S
2022-03-01 10:00:00,810927.0,16109057132.0,3248966442.0,14837334.0,9050218.0,213512.0,191.0,PT3600S
2022-03-01 10:00:00,810948.0,17161725668.0,2074622378.0,14803991.0,8659269.0,11920.0,137.0,PT3600S
2022-03-01 10:00:00,810951.0,961122135.0,95833059.0,879196.0,448956.0,8.0,1.0,PT3600S
2022-03-01 10:00:00,810952.0,937250448.0,162911840.0,867072.0,528917.0,200.0,2.0,PT3600S
2022-03-01 10:00:00,810969.0,12643768774.0,1297735405.0,10834279.0,6612029.0,2591.0,21.0,PT3600S
2022-03-01 10:00:00,810982.0,33743516751.0,4308302279.0,31331411.0,19456438.0,216357.0,379.0,PT3600S
2022-03-01 10:00:00,810989.0,5430814259.0,538045040.0,4521921.0,1875710.0,3644.0,7.0,PT3600S
2022-03-01 10:00:00,810993.0,29386647619.0,3805372993.0,25534658.0,12632672.0,162734.0,250.0,PT3600S
2022-03-01 10:00:00,811013.0,29937179424.0,6360249524.0,27508094.0,15132480.0,55044.0,169.0,PT3600S
2022-03-01 10:00:00,811090.0,8983205548.0,2009598115.0,8753943.0,4821956.0,14160.0,59.0,PT3600S
2022-03-01 10:00:00,811101.0,13563346255.0,3430531212.0,12595289.0,7513866.0,94850.0,102.0,PT3600S
2022-03-01 10:00:00,811148.0,10255027253.0,1703615522.0,9156989.0,5604333.0,10091.0,48.0,PT3600S
2022-03-01 10:00:00,811156.0,5497760197.0,384124530.0,4946202.0,2063796.0,12040.0,16.0,PT3600S
2022-03-01 10:00:00,811170.0,11310979608.0,1324991293.0,10404430.0,5474057.0,36828.0,125.0,PT3600S
2022-03-01 10:00:00,811206.0,31517031216.0,3628029641.0,28048923.0,14372784.0,85575.0,232.0,PT3600S
2022-03-01 10:00:00,811312.0,15213597540.0,2665346983.0,13834301.0,7729270.0,75982.0,92.0,PT3600S
2022-03-01 10:00:00,811314.0,26869751232.0,3574394899.0,24068540.0,14446283.0,31450.0,210.0,PT3600S
2022-03-01 10:00:00,811334.0,13781280170.0,1889337635.0,12311409.0,6245869.0,20146.0,53.0,PT3600S
2022-03-01 10:00:00,811341.0,22256284530.0,2127499050.0,19233893.0,10090542.0,41031.0,106.0,PT3600S
2022-03-01 10:00:00,811358.0,2123406038.0,169867222.0,1811981.0,777553.0,16.0,2.0,PT3600S
2022-03-01 10:00:00,811383.0,9681579440.0,1120207809.0,8378982.0,3962187.0,10014.0,63.0,PT3600S
2022-03-01 10:00:00,811384.0,15628521162.0,2302901996.0,13809555.0,9142901.0,809483.0,1084.0,PT3600S
2022-03-01 10:00:00,811389.0,10550862509.0,1109626460.0,9381080.0,4484334.0,45128.0,50.0,PT3600S
2022-03-01 10:00:00,811423.0,12582924010.0,1718182570.0,11421310.0,6373738.0,38094.0,115.0,PT3600S
2022-03-01 10:00:00,811447.0,13155336924.0,1372897563.0,11305010.0,5236730.0,77959.0,97.0,PT3600S
2022-03-01 10:00:00,811448.0,29152273228.0,6477183123.0,26800690.0,16416406.0,179850.0,303.0,PT3600S
2022-03-01 10:00:00,811449.0,15912282276.0,1381800244.0,13742374.0,5791341.0,56923.0,53.0,PT3600S
2022-03-01 10:00:00,811450.0,15413031567.0,3241384589.0,13599052.0,7826230.0,7438.0,29.0,PT3600S
2022-03-01 10:00:00,811451.0,4224936802.0,375534785.0,3508203.0,1752287.0,884.0,14.0,PT3600S
2022-03-01 10:00:00,811452.0,20655422222.0,2473067658.0,18837047.0,10023422.0,96450.0,202.0,PT3600S
2022-03-01 10:00:00,811453.0,17517859411.0,1914981498.0,15709154.0,7467274.0,34603.0,87.0,PT3600S
2022-03-01 10:00:00,811454.0,3409268522.0,364986394.0,3081090.0,1327911.0,881.0,8.0,PT3600S
2022-03-01 10:00:00,811455.0,24390241935.0,3683407322.0,21823133.0,11901877.0,61126.0,95.0,PT3600S
2022-03-01 10:00:00,811456.0,11922765582.0,2230416669.0,11038202.0,6342451.0,7219.0,27.0,PT3600S
2022-03-01 10:00:00,811461.0,1421636875.0,308884741.0,1393761.0,735620.0,0.0,0.0,PT3600S
2022-03-01 10:00:00,811462.0,2881408101.0,218408262.0,2380311.0,1146102.0,764.0,6.0,PT3600S
2022-03-01 10:00:00,811463.0,18616798342.0,3828302266.0,16960307.0,9749808.0,66635.0,129.0,PT3600S
2022-03-01 10:00:00,811465.0,13591878321.0,1180546057.0,11410806.0,4943319.0,8649.0,25.0,PT3600S
2022-03-01 10:00:00,811466.0,283923289.0,240939822.0,391802.0,289323.0,0.0,0.0,PT3600S
2022-03-01 10:00:00,811467.0,22829338668.0,3143882979.0,20195797.0,12000419.0,252884.0,381.0,PT3600S
2022-03-01 10:00:00,811468.0,8138458710.0,1118322645.0,7943797.0,3597374.0,19154.0,32.0,PT3600S
2022-03-01 10:00:00,811469.0,26092276645.0,6555442364.0,24569289.0,16499615.0,36767.0,209.0,PT3600S
2022-03-01 10:00:00,811470.0,470034510.0,31659721.0,429323.0,136506.0,99.0,1.0,PT3600S
2022-03-01 10:00:00,811471.0,15161066303.0,2116600504.0,13534815.0,6723821.0,57851.0,117.0,PT3600S
2022-03-01 10:00:00,811472.0,10544891780.0,1070265839.0,9396029.0,4961596.0,41946.0,103.0,PT3600S
2022-03-01 10:00:00,811473.0,25261559471.0,3859131622.0,23005276.0,13656756.0,110834.0,232.0,PT3600S
2022-03-01 10:00:00,811474.0,11892938469.0,1080886197.0,10393240.0,5275978.0,25985.0,114.0,PT3600S
2022-03-01 10:00:00,811475.0,15542767097.0,3032065046.0,14181495.0,8779359.0,118181.0,367.0,PT3600S
2022-03-01 10:00:00,817589.0,17891600510.0,2073960749.0,14961982.0,7495202.0,1924.0,17.0,PT3600S
2022-03-01 10:00:00,817609.0,25947111913.0,5267622721.0,23432352.0,14955896.0,125449.0,264.0,PT3600S
2022-03-01 10:00:00,817610.0,27696853494.0,5468932665.0,25743931.0,14256645.0,174923.0,856.0,PT3600S
2022-03-01 10:00:00,817611.0,11736366798.0,1244146891.0,10181803.0,5096592.0,16377.0,54.0,PT3600S
2022-03-01 10:00:00,817612.0,646139821.0,285810708.0,591789.0,412038.0,0.0,0.0,PT3600S
2022-03-01 10:00:00,817613.0,19879172202.0,1329285501.0,16550172.0,7318949.0,2805.0,22.0,PT3600S
2022-03-01 10:00:00,817614.0,3341016482.0,317612752.0,3081574.0,1384247.0,75.0,2.0,PT3600S
2022-03-01 10:00:00,817615.0,12566932365.0,2801256588.0,11661613.0,7531270.0,25872.0,166.0,PT3600S
2022-03-01 10:00:00,817635.0,18592347482.0,1929931569.0,18833269.0,10662096.0,24338.0,169.0,PT3600S
2022-03-01 10:00:00,832642.0,27500512833.0,3468680957.0,24850202.0,14151927.0,291570.0,618.0,PT3600S
2022-03-01 10:00:00,832643.0,15198125589.0,2506329360.0,13562648.0,7706340.0,58949.0,96.0,PT3600S
2022-03-01 10:00:00,10288380.0,3710574502.0,401635947.0,3367016.0,1615351.0,3184.0,20.0,PT3600S
2022-03-01 10:00:00,11156417.0,814185678.0,223249816.0,771738.0,512575.0,1923.0,8.0,PT3600S
2022-03-01 11:00:00,809206.0,13765795571.0,1387081087.0,12238732.0,5960504.0,5288.0,40.0,PT3600S
2022-03-01 11:00:00,809207.0,9892387685.0,1041941859.0,8947468.0,4220602.0,3583.0,15.0,PT3600S
2022-03-01 11:00:00,809269.0,15115901423.0,1910324402.0,13139912.0,6988857.0,12720.0,21.0,PT3600S
2022-03-01 11:00:00,810496.0,33558398015.0,5436926286.0,30939723.0,18468951.0,130744.0,189.0,PT3600S
2022-03-01 11:00:00,810520.0,5960956.0,1928558.0,8276.0,6459.0,0.0,0.0,PT3600S
2022-03-01 11:00:00,810562.0,21244054330.0,2999306551.0,18895431.0,9048496.0,135807.0,204.0,PT3600S
2022-03-01 11:00:00,810571.0,11671965746.0,1571173972.0,10552792.0,5452240.0,3866.0,4.0,PT3600S
2022-03-01 11:00:00,810600.0,309209551.0,112917247.0,326728.0,223755.0,0.0,0.0,PT3600S
2022-03-01 11:00:00,810607.0,2228967077.0,209226477.0,1985414.0,1019399.0,2473.0,10.0,PT3600S
2022-03-01 11:00:00,810626.0,1985874708.0,675789620.0,1992799.0,1078348.0,137.0,1.0,PT3600S
2022-03-01 11:00:00,810637.0,23564559112.0,2508579900.0,20109682.0,10021944.0,18931.0,108.0,PT3600S
2022-03-01 11:00:00,810654.0,19606849533.0,4149867332.0,18459317.0,11286684.0,63171.0,96.0,PT3600S
2022-03-01 11:00:00,810667.0,20004743878.0,3290952377.0,18225337.0,9863818.0,62812.0,104.0,PT3600S
2022-03-01 11:00:00,810668.0,2572901050.0,168579873.0,2013347.0,1072252.0,977.0,2.0,PT3600S
2022-03-01 11:00:00,810679.0,24691663250.0,2322584269.0,21679777.0,10026471.0,61587.0,80.0,PT3600S
2022-03-01 11:00:00,810683.0,18373643250.0,3443372122.0,16160195.0,8505581.0,2848.0,46.0,PT3600S
2022-03-01 11:00:00,810739.0,16205585415.0,4440333996.0,15271042.0,9237864.0,59145.0,124.0,PT3600S
2022-03-01 11:00:00,810741.0,21011654468.0,3173200241.0,19224179.0,10702518.0,30297.0,171.0,PT3600S
2022-03-01 11:00:00,810754.0,47053367947.0,7982410379.0,42829182.0,26109729.0,336647.0,398.0,PT3600S
2022-03-01 11:00:00,810777.0,31147151643.0,2597673001.0,26312244.0,12295576.0,45844.0,111.0,PT3600S
2022-03-01 11:00:00,810784.0,6211051425.0,529412097.0,5317238.0,2673130.0,1273.0,8.0,PT3600S
