begintime,sk_object,1282423987,1282423988,duration
2022-03-01 00:00:00,630566.0,3.239,2.919,PT3600S
2022-03-01 00:00:00,630567.0,3.24,2.92,PT3600S
2022-03-01 00:00:00,630581.0,3.234,2.915,PT3600S
2022-03-01 00:00:00,630582.0,3.234,2.917,PT3600S
2022-03-01 01:00:00,630566.0,2.078,1.813,PT3600S
2022-03-01 01:00:00,630567.0,2.074,1.812,PT3600S
2022-03-01 01:00:00,630581.0,2.076,1.813,PT3600S
2022-03-01 01:00:00,630582.0,2.075,1.809,PT3600S
2022-03-01 02:00:00,630566.0,1.621,1.386,PT3600S
2022-03-01 02:00:00,630567.0,1.624,1.389,PT3600S
2022-03-01 02:00:00,630581.0,1.62,1.385,PT3600S
2022-03-01 02:00:00,630582.0,1.622,1.39,PT3600S
2022-03-01 03:00:00,630566.0,1.445,1.239,PT3600S
2022-03-01 03:00:00,630567.0,1.446,1.24,PT3600S
2022-03-01 03:00:00,630581.0,1.446,1.241,PT3600S
2022-03-01 03:00:00,630582.0,1.445,1.24,PT3600S
2022-03-01 04:00:00,630566.0,1.471,1.309,PT3600S
2022-03-01 04:00:00,630567.0,1.471,1.305,PT3600S
2022-03-01 04:00:00,630581.0,1.472,1.31,PT3600S
2022-03-01 04:00:00,630582.0,1.471,1.307,PT3600S
2022-03-01 05:00:00,630566.0,2.061,1.847,PT3600S
2022-03-01 05:00:00,630567.0,2.058,1.848,PT3600S
2022-03-01 05:00:00,630581.0,2.059,1.847,PT3600S
2022-03-01 05:00:00,630582.0,2.057,1.845,PT3600S
2022-03-01 06:00:00,630566.0,4.032,3.712,PT3600S
2022-03-01 06:00:00,630567.0,4.031,3.709,PT3600S
2022-03-01 06:00:00,630581.0,4.031,3.71,PT3600S
2022-03-01 06:00:00,630582.0,4.034,3.712,PT3600S
2022-03-01 07:00:00,630566.0,9.424,9.058,PT3600S
2022-03-01 07:00:00,630567.0,9.414,9.058,PT3600S
2022-03-01 07:00:00,630581.0,9.421,9.052,PT3600S
2022-03-01 07:00:00,630582.0,9.418,9.053,PT3600S
2022-03-01 08:00:00,630566.0,13.269,12.787,PT3600S
2022-03-01 08:00:00,630567.0,13.268,12.779,PT3600S
2022-03-01 08:00:00,630581.0,13.272,12.777,PT3600S
2022-03-01 08:00:00,630582.0,13.258,12.776,PT3600S
2022-03-01 09:00:00,630566.0,14.1,13.518,PT3600S
2022-03-01 09:00:00,630567.0,14.089,13.524,PT3600S
2022-03-01 09:00:00,630581.0,14.09,13.519,PT3600S
2022-03-01 09:00:00,630582.0,14.086,13.517,PT3600S
2022-03-01 10:00:00,630566.0,13.877,13.245,PT3600S
2022-03-01 10:00:00,630567.0,13.881,13.249,PT3600S
2022-03-01 10:00:00,630581.0,13.873,13.244,PT3600S
2022-03-01 10:00:00,630582.0,13.874,13.25,PT3600S
2022-03-01 11:00:00,630566.0,13.501,12.93,PT3600S
2022-03-01 11:00:00,630567.0,13.504,12.932,PT3600S
2022-03-01 11:00:00,630581.0,13.503,12.928,PT3600S
2022-03-01 11:00:00,630582.0,13.509,12.928,PT3600S
2022-03-01 12:00:00,630566.0,12.779,12.174,PT3600S
2022-03-01 12:00:00,630567.0,12.782,12.179,PT3600S
2022-03-01 12:00:00,630581.0,12.776,12.185,PT3600S
2022-03-01 12:00:00,630582.0,12.776,12.182,PT3600S
2022-03-01 13:00:00,630566.0,12.462,11.803,PT3600S
2022-03-01 13:00:00,630567.0,12.473,11.798,PT3600S
2022-03-01 13:00:00,630581.0,12.462,11.805,PT3600S
2022-03-01 13:00:00,630582.0,12.462,11.808,PT3600S
2022-03-01 14:00:00,630566.0,13.168,12.458,PT3600S
2022-03-01 14:00:00,630567.0,13.162,12.452,PT3600S
2022-03-01 14:00:00,630581.0,13.168,12.449,PT3600S
2022-03-01 14:00:00,630582.0,13.168,12.459,PT3600S
2022-03-01 15:00:00,630566.0,12.905,12.201,PT3600S
2022-03-01 15:00:00,630567.0,12.905,12.197,PT3600S
2022-03-01 15:00:00,630581.0,12.906,12.193,PT3600S
2022-03-01 15:00:00,630582.0,12.908,12.194,PT3600S
2022-03-01 16:00:00,630566.0,12.438,11.793,PT3600S
2022-03-01 16:00:00,630567.0,12.436,11.804,PT3600S
2022-03-01 16:00:00,630581.0,12.436,11.806,PT3600S
2022-03-01 16:00:00,630582.0,12.439,11.794,PT3600S
2022-03-01 17:00:00,630566.0,12.682,12.084,PT3600S
2022-03-01 17:00:00,630567.0,12.668,12.08,PT3600S
2022-03-01 17:00:00,630581.0,12.671,12.08,PT3600S
2022-03-01 17:00:00,630582.0,12.676,12.087,PT3600S
2022-03-01 18:00:00,630566.0,13.714,13.099,PT3600S
2022-03-01 18:00:00,630567.0,13.71,13.087,PT3600S
2022-03-01 18:00:00,630581.0,13.719,13.09,PT3600S
2022-03-01 18:00:00,630582.0,13.712,13.078,PT3600S
2022-03-01 19:00:00,630566.0,17.037,16.48,PT3600S
2022-03-01 19:00:00,630567.0,17.028,16.469,PT3600S
2022-03-01 19:00:00,630581.0,17.035,16.475,PT3600S
2022-03-01 19:00:00,630582.0,17.039,16.467,PT3600S
2022-03-01 20:00:00,630566.0,19.257,18.891,PT3600S
2022-03-01 20:00:00,630567.0,19.27,18.88,PT3600S
2022-03-01 20:00:00,630581.0,19.258,18.873,PT3600S
2022-03-01 20:00:00,630582.0,19.261,18.889,PT3600S
2022-03-01 21:00:00,630566.0,16.619,16.273,PT3600S
2022-03-01 21:00:00,630567.0,16.626,16.281,PT3600S
2022-03-01 21:00:00,630581.0,16.612,16.279,PT3600S
2022-03-01 21:00:00,630582.0,16.623,16.293,PT3600S
2022-03-01 22:00:00,630566.0,10.996,10.565,PT3600S
2022-03-01 22:00:00,630567.0,11.001,10.572,PT3600S
2022-03-01 22:00:00,630581.0,10.994,10.566,PT3600S
2022-03-01 22:00:00,630582.0,10.997,10.57,PT3600S
2022-03-01 23:00:00,630566.0,5.863,5.47,PT3600S
2022-03-01 23:00:00,630567.0,5.868,5.473,PT3600S
2022-03-01 23:00:00,630581.0,5.868,5.461,PT3600S
2022-03-01 23:00:00,630582.0,5.859,5.475,PT3600S
2022-03-02 00:00:00,630566.0,3.18,2.853,PT3600S
2022-03-02 00:00:00,630567.0,3.18,2.849,PT3600S
2022-03-02 00:00:00,630581.0,3.178,2.853,PT3600S
2022-03-02 00:00:00,630582.0,3.178,2.85,PT3600S
2022-03-02 01:00:00,630566.0,2.035,1.765,PT3600S
2022-03-02 01:00:00,630567.0,2.036,1.765,PT3600S
2022-03-02 01:00:00,630581.0,2.034,1.762,PT3600S
2022-03-02 01:00:00,630582.0,2.035,1.761,PT3600S
2022-03-02 02:00:00,630566.0,1.57,1.335,PT3600S
2022-03-02 02:00:00,630567.0,1.571,1.337,PT3600S
2022-03-02 02:00:00,630581.0,1.571,1.337,PT3600S
2022-03-02 02:00:00,630582.0,1.57,1.339,PT3600S
2022-03-02 03:00:00,630566.0,1.355,1.151,PT3600S
2022-03-02 03:00:00,630567.0,1.354,1.154,PT3600S
2022-03-02 03:00:00,630581.0,1.355,1.155,PT3600S
2022-03-02 03:00:00,630582.0,1.356,1.15,PT3600S
2022-03-02 04:00:00,630566.0,1.36,1.205,PT3600S
2022-03-02 04:00:00,630567.0,1.361,1.209,PT3600S
2022-03-02 04:00:00,630581.0,1.36,1.203,PT3600S
2022-03-02 04:00:00,630582.0,1.36,1.204,PT3600S
2022-03-02 05:00:00,630566.0,1.96,1.755,PT3600S
2022-03-02 05:00:00,630567.0,1.958,1.755,PT3600S
2022-03-02 05:00:00,630581.0,1.96,1.755,PT3600S
2022-03-02 05:00:00,630582.0,1.959,1.755,PT3600S
2022-03-02 06:00:00,630566.0,3.745,3.455,PT3600S
2022-03-02 06:00:00,630567.0,3.744,3.454,PT3600S
2022-03-02 06:00:00,630581.0,3.754,3.455,PT3600S
2022-03-02 06:00:00,630582.0,3.745,3.454,PT3600S
2022-03-02 07:00:00,630566.0,9.14,8.8,PT3600S
2022-03-02 07:00:00,630567.0,9.146,8.801,PT3600S
2022-03-02 07:00:00,630581.0,9.148,8.806,PT3600S
2022-03-02 07:00:00,630582.0,9.147,8.807,PT3600S
2022-03-02 08:00:00,630566.0,12.751,12.275,PT3600S
2022-03-02 08:00:00,630567.0,12.746,12.272,PT3600S
2022-03-02 08:00:00,630581.0,12.755,12.266,PT3600S
2022-03-02 08:00:00,630582.0,12.746,12.27,PT3600S
2022-03-02 09:00:00,630566.0,13.472,12.944,PT3600S
2022-03-02 09:00:00,630567.0,13.476,12.956,PT3600S
2022-03-02 09:00:00,630581.0,13.473,12.953,PT3600S
2022-03-02 09:00:00,630582.0,13.477,12.959,PT3600S
2022-03-02 11:00:00,630566.0,13.108,12.523,PT3600S
2022-03-02 11:00:00,630567.0,13.107,12.528,PT3600S
2022-03-02 11:00:00,630581.0,13.102,12.527,PT3600S
2022-03-02 11:00:00,630582.0,13.104,12.522,PT3600S
2022-03-02 14:00:00,630566.0,12.297,11.67,PT3600S
2022-03-02 14:00:00,630567.0,12.301,11.674,PT3600S
2022-03-02 14:00:00,630581.0,12.3,11.667,PT3600S
2022-03-02 14:00:00,630582.0,12.306,11.66,PT3600S
2022-03-02 16:00:00,630566.0,12.322,11.677,PT3600S
2022-03-02 16:00:00,630567.0,12.322,11.669,PT3600S
2022-03-02 16:00:00,630581.0,12.324,11.675,PT3600S
2022-03-02 16:00:00,630582.0,12.324,11.668,PT3600S
2022-03-03 03:00:00,630566.0,1.278,1.087,PT3600S
2022-03-03 03:00:00,630567.0,1.275,1.088,PT3600S
2022-03-03 03:00:00,630581.0,1.276,1.086,PT3600S
2022-03-03 03:00:00,630582.0,1.276,1.086,PT3600S
2022-03-02 10:00:00,630566.0,13.494,12.965,PT3600S
2022-03-02 10:00:00,630567.0,13.492,12.976,PT3600S
2022-03-02 10:00:00,630581.0,13.495,12.974,PT3600S
2022-03-02 10:00:00,630582.0,13.494,12.964,PT3600S
2022-03-02 12:00:00,630566.0,12.829,12.195,PT3600S
2022-03-02 12:00:00,630567.0,12.828,12.192,PT3600S
2022-03-02 12:00:00,630581.0,12.834,12.204,PT3600S
2022-03-02 12:00:00,630582.0,12.819,12.189,PT3600S
2022-03-02 13:00:00,630566.0,12.179,11.538,PT3600S
2022-03-02 13:00:00,630567.0,12.183,11.541,PT3600S
2022-03-02 13:00:00,630581.0,12.183,11.532,PT3600S
2022-03-02 13:00:00,630582.0,12.176,11.537,PT3600S
2022-03-02 15:00:00,630566.0,12.376,11.72,PT3600S
2022-03-02 15:00:00,630567.0,12.378,11.724,PT3600S
2022-03-02 15:00:00,630581.0,12.379,11.712,PT3600S
2022-03-02 15:00:00,630582.0,12.378,11.724,PT3600S
2022-03-02 17:00:00,630566.0,13.079,12.381,PT3600S
2022-03-02 17:00:00,630567.0,13.078,12.383,PT3600S
2022-03-02 17:00:00,630581.0,13.082,12.388,PT3600S
2022-03-02 17:00:00,630582.0,13.085,12.374,PT3600S
2022-03-02 18:00:00,630566.0,14.171,13.458,PT3600S
2022-03-02 18:00:00,630567.0,14.163,13.457,PT3600S
2022-03-02 18:00:00,630581.0,14.17,13.465,PT3600S
2022-03-02 18:00:00,630582.0,14.177,13.46,PT3600S
2022-03-02 19:00:00,630566.0,17.6,16.988,PT3600S
2022-03-02 19:00:00,630567.0,17.609,16.983,PT3600S
2022-03-02 19:00:00,630581.0,17.606,16.986,PT3600S
2022-03-02 19:00:00,630582.0,17.608,16.973,PT3600S
2022-03-02 20:00:00,630566.0,19.385,18.936,PT3600S
2022-03-02 20:00:00,630567.0,19.367,18.92,PT3600S
2022-03-02 20:00:00,630581.0,19.374,18.921,PT3600S
2022-03-02 20:00:00,630582.0,19.37,18.92,PT3600S
2022-03-02 21:00:00,630566.0,16.278,15.798,PT3600S
2022-03-02 21:00:00,630567.0,16.292,15.808,PT3600S
2022-03-02 21:00:00,630581.0,16.284,15.808,PT3600S
2022-03-02 21:00:00,630582.0,16.282,15.797,PT3600S
2022-03-02 22:00:00,630566.0,10.579,10.036,PT3600S
2022-03-02 22:00:00,630567.0,10.573,10.042,PT3600S
2022-03-02 22:00:00,630581.0,10.567,10.033,PT3600S
2022-03-02 22:00:00,630582.0,10.577,10.026,PT3600S
2022-03-02 23:00:00,630566.0,5.759,5.295,PT3600S
2022-03-02 23:00:00,630567.0,5.758,5.294,PT3600S
2022-03-02 23:00:00,630581.0,5.757,5.299,PT3600S
2022-03-02 23:00:00,630582.0,5.759,5.297,PT3600S
2022-03-03 00:00:00,630566.0,3.351,2.983,PT3600S
2022-03-03 00:00:00,630567.0,3.355,2.984,PT3600S
2022-03-03 00:00:00,630581.0,3.35,2.983,PT3600S
2022-03-03 00:00:00,630582.0,3.349,2.981,PT3600S
2022-03-03 01:00:00,630566.0,2.025,1.752,PT3600S
2022-03-03 01:00:00,630567.0,2.024,1.757,PT3600S
2022-03-03 01:00:00,630581.0,2.026,1.759,PT3600S
2022-03-03 01:00:00,630582.0,2.029,1.754,PT3600S
2022-03-03 02:00:00,630566.0,1.474,1.261,PT3600S
2022-03-03 02:00:00,630567.0,1.476,1.258,PT3600S
2022-03-03 02:00:00,630581.0,1.477,1.262,PT3600S
2022-03-03 02:00:00,630582.0,1.474,1.259,PT3600S
2022-03-03 04:00:00,630566.0,1.399,1.238,PT3600S
2022-03-03 04:00:00,630567.0,1.4,1.244,PT3600S
2022-03-03 04:00:00,630581.0,1.401,1.243,PT3600S
2022-03-03 04:00:00,630582.0,1.402,1.242,PT3600S
2022-03-03 05:00:00,630566.0,1.962,1.753,PT3600S
2022-03-03 05:00:00,630567.0,1.964,1.753,PT3600S
2022-03-03 05:00:00,630581.0,1.962,1.753,PT3600S
2022-03-03 05:00:00,630582.0,1.964,1.754,PT3600S
2022-03-03 06:00:00,630566.0,3.848,3.537,PT3600S
2022-03-03 06:00:00,630567.0,3.846,3.539,PT3600S
2022-03-03 06:00:00,630581.0,3.85,3.544,PT3600S
2022-03-03 06:00:00,630582.0,3.85,3.544,PT3600S
2022-03-03 07:00:00,630566.0,9.387,9.014,PT3600S
2022-03-03 07:00:00,630567.0,9.381,9.019,PT3600S
2022-03-03 07:00:00,630581.0,9.379,9.02,PT3600S
2022-03-03 07:00:00,630582.0,9.38,9.017,PT3600S
2022-03-03 08:00:00,630566.0,13.324,12.854,PT3600S
2022-03-03 08:00:00,630567.0,13.322,12.856,PT3600S
2022-03-03 08:00:00,630581.0,13.311,12.845,PT3600S
2022-03-03 08:00:00,630582.0,13.312,12.861,PT3600S
2022-03-03 09:00:00,630566.0,13.996,13.464,PT3600S
2022-03-03 09:00:00,630567.0,14.004,13.466,PT3600S
2022-03-03 09:00:00,630581.0,14.001,13.467,PT3600S
2022-03-03 09:00:00,630582.0,14.003,13.463,PT3600S
2022-03-03 10:00:00,630566.0,13.733,13.207,PT3600S
2022-03-03 10:00:00,630567.0,13.73,13.211,PT3600S
2022-03-03 10:00:00,630581.0,13.734,13.21,PT3600S
2022-03-03 10:00:00,630582.0,13.734,13.208,PT3600S
2022-03-03 11:00:00,630566.0,13.418,12.863,PT3600S
2022-03-03 11:00:00,630567.0,13.415,12.865,PT3600S
2022-03-03 11:00:00,630581.0,13.415,12.875,PT3600S
2022-03-03 11:00:00,630582.0,13.411,12.855,PT3600S
2022-03-03 12:00:00,630566.0,12.808,12.214,PT3600S
2022-03-03 12:00:00,630567.0,12.803,12.231,PT3600S
2022-03-03 12:00:00,630581.0,12.808,12.226,PT3600S
2022-03-03 12:00:00,630582.0,12.802,12.229,PT3600S
2022-03-03 13:00:00,630566.0,12.139,11.487,PT3600S
2022-03-03 13:00:00,630567.0,12.137,11.483,PT3600S
2022-03-03 13:00:00,630581.0,12.138,11.488,PT3600S
2022-03-03 13:00:00,630582.0,12.137,11.489,PT3600S
2022-03-03 14:00:00,630566.0,12.209,11.571,PT3600S
2022-03-03 14:00:00,630567.0,12.215,11.575,PT3600S
2022-03-03 14:00:00,630581.0,12.211,11.581,PT3600S
2022-03-03 14:00:00,630582.0,12.21,11.573,PT3600S
2022-03-03 15:00:00,630566.0,12.223,11.593,PT3600S
2022-03-03 15:00:00,630567.0,12.212,11.586,PT3600S
2022-03-03 15:00:00,630581.0,12.217,11.588,PT3600S
2022-03-03 15:00:00,630582.0,12.222,11.606,PT3600S
2022-03-03 16:00:00,630566.0,12.055,11.443,PT3600S
2022-03-03 16:00:00,630567.0,12.056,11.446,PT3600S
2022-03-03 16:00:00,630581.0,12.063,11.444,PT3600S
2022-03-03 16:00:00,630582.0,12.066,11.452,PT3600S
2022-03-03 17:00:00,630566.0,12.731,12.135,PT3600S
2022-03-03 17:00:00,630567.0,12.732,12.137,PT3600S
2022-03-03 17:00:00,630581.0,12.738,12.139,PT3600S
2022-03-03 17:00:00,630582.0,12.735,12.136,PT3600S
2022-03-03 18:00:00,630566.0,13.8,13.238,PT3600S
2022-03-03 18:00:00,630567.0,13.807,13.227,PT3600S
2022-03-03 18:00:00,630581.0,13.808,13.237,PT3600S
2022-03-03 18:00:00,630582.0,13.805,13.235,PT3600S
2022-03-03 19:00:00,630566.0,17.446,16.977,PT3600S
2022-03-03 19:00:00,630567.0,17.447,16.98,PT3600S
2022-03-03 19:00:00,630581.0,17.447,16.978,PT3600S
2022-03-03 19:00:00,630582.0,17.442,16.98,PT3600S
2022-03-03 20:00:00,630566.0,19.381,19.059,PT3600S
2022-03-03 20:00:00,630567.0,19.391,19.045,PT3600S
2022-03-03 20:00:00,630581.0,19.392,19.058,PT3600S
2022-03-03 20:00:00,630582.0,19.399,19.061,PT3600S
2022-03-03 21:00:00,630566.0,16.468,16.074,PT3600S
2022-03-03 21:00:00,630567.0,16.467,16.074,PT3600S
2022-03-03 21:00:00,630581.0,16.462,16.069,PT3600S
2022-03-03 21:00:00,630582.0,16.461,16.074,PT3600S
2022-03-03 22:00:00,630566.0,10.566,10.062,PT3600S
2022-03-03 22:00:00,630567.0,10.56,10.062,PT3600S
2022-03-03 22:00:00,630581.0,10.556,10.06,PT3600S
2022-03-03 22:00:00,630582.0,10.553,10.059,PT3600S
2022-03-03 23:00:00,630566.0,5.731,5.28,PT3600S
2022-03-03 23:00:00,630567.0,5.729,5.298,PT3600S
2022-03-03 23:00:00,630581.0,5.729,5.284,PT3600S
2022-03-03 23:00:00,630582.0,5.737,5.285,PT3600S
2022-03-06 02:00:00,630566.0,1.889,1.624,PT3600S
2022-03-06 02:00:00,630567.0,1.89,1.616,PT3600S
2022-03-06 02:00:00,630581.0,1.89,1.62,PT3600S
2022-03-06 02:00:00,630582.0,1.889,1.623,PT3600S
2022-03-06 03:00:00,630566.0,1.586,1.353,PT3600S
2022-03-06 03:00:00,630567.0,1.587,1.356,PT3600S
2022-03-06 03:00:00,630581.0,1.588,1.358,PT3600S
2022-03-06 03:00:00,630582.0,1.589,1.359,PT3600S
2022-03-06 04:00:00,630566.0,1.567,1.382,PT3600S
2022-03-06 04:00:00,630567.0,1.569,1.384,PT3600S
2022-03-06 04:00:00,630581.0,1.568,1.384,PT3600S
2022-03-06 04:00:00,630582.0,1.568,1.383,PT3600S
2022-03-06 05:00:00,630566.0,1.925,1.72,PT3600S
2022-03-06 05:00:00,630567.0,1.925,1.721,PT3600S
2022-03-06 05:00:00,630581.0,1.926,1.719,PT3600S
2022-03-06 05:00:00,630582.0,1.926,1.722,PT3600S
2022-03-06 06:00:00,630566.0,3.386,3.113,PT3600S
2022-03-06 06:00:00,630567.0,3.392,3.117,PT3600S
2022-03-06 06:00:00,630581.0,3.394,3.113,PT3600S
2022-03-06 06:00:00,630582.0,3.387,3.109,PT3600S
2022-03-06 07:00:00,630566.0,8.576,8.228,PT3600S
2022-03-06 07:00:00,630567.0,8.579,8.237,PT3600S
2022-03-06 07:00:00,630581.0,8.581,8.232,PT3600S
2022-03-06 07:00:00,630582.0,8.576,8.227,PT3600S
2022-03-06 08:00:00,630566.0,12.073,11.743,PT3600S
2022-03-06 08:00:00,630567.0,12.07,11.747,PT3600S
2022-03-06 08:00:00,630581.0,12.064,11.738,PT3600S
2022-03-06 08:00:00,630582.0,12.069,11.73,PT3600S
2022-03-06 09:00:00,630566.0,13.103,12.674,PT3600S
2022-03-06 09:00:00,630567.0,13.103,12.67,PT3600S
2022-03-06 09:00:00,630581.0,13.11,12.661,PT3600S
2022-03-06 09:00:00,630582.0,13.104,12.672,PT3600S
2022-03-06 10:00:00,630566.0,13.047,12.581,PT3600S
2022-03-06 10:00:00,630567.0,13.056,12.578,PT3600S
2022-03-06 10:00:00,630581.0,13.051,12.589,PT3600S
2022-03-06 10:00:00,630582.0,13.054,12.587,PT3600S
2022-03-06 11:00:00,630566.0,12.587,12.061,PT3600S
2022-03-06 11:00:00,630567.0,12.585,12.066,PT3600S
2022-03-06 11:00:00,630581.0,12.586,12.063,PT3600S
2022-03-06 11:00:00,630582.0,12.58,12.062,PT3600S
2022-03-06 12:00:00,630566.0,12.387,11.813,PT3600S
2022-03-06 12:00:00,630567.0,12.389,11.825,PT3600S
2022-03-06 12:00:00,630581.0,12.395,11.83,PT3600S
2022-03-06 12:00:00,630582.0,12.379,11.815,PT3600S
2022-03-06 13:00:00,630566.0,12.416,11.789,PT3600S
2022-03-06 13:00:00,630567.0,12.406,11.79,PT3600S
2022-03-06 13:00:00,630581.0,12.416,11.789,PT3600S
2022-03-06 13:00:00,630582.0,12.414,11.783,PT3600S
2022-03-06 14:00:00,630566.0,12.74,12.11,PT3600S
2022-03-06 14:00:00,630567.0,12.73,12.109,PT3600S
2022-03-06 14:00:00,630581.0,12.738,12.107,PT3600S
2022-03-06 14:00:00,630582.0,12.733,12.104,PT3600S
2022-03-06 15:00:00,630566.0,12.719,12.075,PT3600S
2022-03-06 15:00:00,630567.0,12.718,12.077,PT3600S
2022-03-06 15:00:00,630581.0,12.718,12.075,PT3600S
2022-03-06 15:00:00,630582.0,12.728,12.075,PT3600S
2022-03-06 16:00:00,630566.0,12.681,12.038,PT3600S
2022-03-06 16:00:00,630567.0,12.684,12.041,PT3600S
2022-03-06 16:00:00,630581.0,12.682,12.04,PT3600S
2022-03-06 16:00:00,630582.0,12.686,12.031,PT3600S
2022-03-06 17:00:00,630566.0,13.619,12.962,PT3600S
2022-03-06 17:00:00,630567.0,13.615,12.957,PT3600S
2022-03-06 17:00:00,630581.0,13.618,12.967,PT3600S
2022-03-06 17:00:00,630582.0,13.618,12.953,PT3600S
2022-03-06 18:00:00,630566.0,14.504,13.862,PT3600S
2022-03-06 18:00:00,630567.0,14.505,13.869,PT3600S
2022-03-06 18:00:00,630581.0,14.506,13.874,PT3600S
2022-03-06 18:00:00,630582.0,14.505,13.865,PT3600S
2022-03-06 19:00:00,630566.0,17.861,17.359,PT3600S
2022-03-06 19:00:00,630567.0,17.869,17.368,PT3600S
2022-03-06 19:00:00,630581.0,17.866,17.36,PT3600S
2022-03-06 19:00:00,630582.0,17.874,17.361,PT3600S
2022-03-06 20:00:00,630566.0,19.131,18.785,PT3600S
2022-03-06 20:00:00,630567.0,19.139,18.781,PT3600S
2022-03-06 20:00:00,630581.0,19.13,18.79,PT3600S
2022-03-06 20:00:00,630582.0,19.138,18.787,PT3600S
2022-03-06 21:00:00,630566.0,16.212,15.892,PT3600S
2022-03-06 21:00:00,630567.0,16.215,15.888,PT3600S
2022-03-06 21:00:00,630581.0,16.206,15.894,PT3600S
2022-03-06 21:00:00,630582.0,16.222,15.887,PT3600S
2022-03-06 22:00:00,630566.0,10.66,10.206,PT3600S
2022-03-06 22:00:00,630567.0,10.657,10.183,PT3600S
2022-03-06 22:00:00,630581.0,10.657,10.191,PT3600S
2022-03-06 22:00:00,630582.0,10.66,10.193,PT3600S
2022-03-06 23:00:00,630566.0,5.773,5.349,PT3600S
2022-03-06 23:00:00,630567.0,5.777,5.335,PT3600S
2022-03-06 23:00:00,630581.0,5.776,5.352,PT3600S
2022-03-06 23:00:00,630582.0,5.786,5.345,PT3600S
2022-03-07 00:00:00,630566.0,3.08,2.766,PT3600S
2022-03-07 00:00:00,630567.0,3.078,2.762,PT3600S
2022-03-07 00:00:00,630581.0,3.078,2.766,PT3600S
2022-03-07 00:00:00,630582.0,3.079,2.763,PT3600S
2022-03-07 01:00:00,630566.0,1.964,1.72,PT3600S
2022-03-07 01:00:00,630567.0,1.965,1.718,PT3600S
2022-03-07 01:00:00,630581.0,1.964,1.714,PT3600S
2022-03-07 01:00:00,630582.0,1.966,1.718,PT3600S
2022-03-07 02:00:00,630566.0,1.517,1.297,PT3600S
2022-03-07 02:00:00,630567.0,1.516,1.297,PT3600S
2022-03-07 02:00:00,630581.0,1.519,1.298,PT3600S
2022-03-07 02:00:00,630582.0,1.518,1.298,PT3600S
2022-03-07 03:00:00,630566.0,1.339,1.142,PT3600S
2022-03-07 03:00:00,630567.0,1.339,1.14,PT3600S
2022-03-07 03:00:00,630581.0,1.341,1.141,PT3600S
2022-03-07 03:00:00,630582.0,1.341,1.14,PT3600S
2022-03-07 04:00:00,630566.0,1.374,1.219,PT3600S
2022-03-07 04:00:00,630567.0,1.373,1.215,PT3600S
2022-03-07 04:00:00,630581.0,1.371,1.217,PT3600S
2022-03-07 04:00:00,630582.0,1.373,1.216,PT3600S
2022-03-07 05:00:00,630566.0,1.977,1.771,PT3600S
2022-03-07 05:00:00,630567.0,1.98,1.774,PT3600S
2022-03-07 05:00:00,630581.0,1.98,1.774,PT3600S
2022-03-07 05:00:00,630582.0,1.979,1.775,PT3600S
2022-03-07 06:00:00,630566.0,3.854,3.539,PT3600S
2022-03-07 06:00:00,630567.0,3.855,3.54,PT3600S
2022-03-07 06:00:00,630581.0,3.855,3.543,PT3600S
2022-03-07 06:00:00,630582.0,3.851,3.535,PT3600S
2022-03-07 07:00:00,630566.0,9.351,9.019,PT3600S
2022-03-07 07:00:00,630567.0,9.36,9.012,PT3600S
2022-03-07 07:00:00,630581.0,9.359,9.007,PT3600S
2022-03-07 07:00:00,630582.0,9.351,9.014,PT3600S
2022-03-07 09:00:00,630566.0,14.002,13.57,PT3600S
2022-03-07 09:00:00,630567.0,13.998,13.586,PT3600S
2022-03-07 09:00:00,630581.0,14.01,13.583,PT3600S
2022-03-07 09:00:00,630582.0,14.007,13.577,PT3600S
2022-03-07 10:00:00,630566.0,14.048,13.539,PT3600S
2022-03-07 10:00:00,630567.0,14.048,13.546,PT3600S
2022-03-07 10:00:00,630581.0,14.045,13.526,PT3600S
2022-03-07 10:00:00,630582.0,14.054,13.547,PT3600S
2022-03-07 11:00:00,630566.0,13.675,13.103,PT3600S
2022-03-07 11:00:00,630567.0,13.67,13.098,PT3600S
2022-03-07 11:00:00,630581.0,13.675,13.101,PT3600S
2022-03-07 11:00:00,630582.0,13.679,13.116,PT3600S
2022-03-07 12:00:00,630566.0,13.09,12.525,PT3600S
2022-03-07 12:00:00,630567.0,13.089,12.524,PT3600S
2022-03-07 12:00:00,630581.0,13.092,12.521,PT3600S
2022-03-07 12:00:00,630582.0,13.087,12.521,PT3600S
2022-03-07 13:00:00,630566.0,12.478,11.885,PT3600S
2022-03-07 13:00:00,630567.0,12.486,11.884,PT3600S
2022-03-07 13:00:00,630581.0,12.479,11.892,PT3600S
2022-03-07 13:00:00,630582.0,12.483,11.887,PT3600S
2022-03-07 14:00:00,630566.0,12.867,12.264,PT3600S
2022-03-07 14:00:00,630567.0,12.867,12.26,PT3600S
2022-03-07 14:00:00,630581.0,12.87,12.258,PT3600S
2022-03-07 14:00:00,630582.0,12.875,12.259,PT3600S
2022-03-07 15:00:00,630566.0,12.921,12.259,PT3600S
2022-03-07 15:00:00,630567.0,12.925,12.265,PT3600S
2022-03-07 15:00:00,630581.0,12.914,12.266,PT3600S
2022-03-07 15:00:00,630582.0,12.927,12.272,PT3600S
2022-03-07 16:00:00,630566.0,12.899,12.246,PT3600S
2022-03-07 16:00:00,630567.0,12.9,12.25,PT3600S
2022-03-07 16:00:00,630581.0,12.902,12.253,PT3600S
2022-03-07 16:00:00,630582.0,12.903,12.241,PT3600S
2022-03-07 17:00:00,630566.0,13.421,12.761,PT3600S
2022-03-07 17:00:00,630567.0,13.42,12.748,PT3600S
2022-03-07 17:00:00,630581.0,13.415,12.762,PT3600S
2022-03-07 17:00:00,630582.0,13.424,12.756,PT3600S
2022-03-07 18:00:00,630566.0,14.441,13.744,PT3600S
2022-03-07 18:00:00,630567.0,14.434,13.761,PT3600S
2022-03-07 18:00:00,630581.0,14.438,13.75,PT3600S
2022-03-07 18:00:00,630582.0,14.434,13.742,PT3600S
2022-03-07 19:00:00,630566.0,18.143,17.557,PT3600S
2022-03-07 19:00:00,630567.0,18.156,17.548,PT3600S
2022-03-07 19:00:00,630581.0,18.146,17.566,PT3600S
2022-03-07 19:00:00,630582.0,18.143,17.553,PT3600S
2022-03-07 20:00:00,630566.0,19.774,19.334,PT3600S
2022-03-07 20:00:00,630567.0,19.775,19.342,PT3600S
2022-03-07 20:00:00,630581.0,19.771,19.333,PT3600S
2022-03-07 20:00:00,630582.0,19.773,19.336,PT3600S
2022-03-07 21:00:00,630566.0,17.202,16.896,PT3600S
2022-03-07 21:00:00,630567.0,17.189,16.902,PT3600S
2022-03-07 21:00:00,630581.0,17.21,16.904,PT3600S
2022-03-07 21:00:00,630582.0,17.204,16.904,PT3600S
2022-03-07 22:00:00,630566.0,11.383,10.989,PT3600S
2022-03-07 22:00:00,630567.0,11.375,10.984,PT3600S
2022-03-07 22:00:00,630581.0,11.376,10.994,PT3600S
2022-03-07 22:00:00,630582.0,11.383,10.986,PT3600S
2022-03-07 23:00:00,630566.0,6.322,5.953,PT3600S
2022-03-07 23:00:00,630567.0,6.316,5.945,PT3600S
2022-03-07 23:00:00,630581.0,6.318,5.947,PT3600S
2022-03-07 23:00:00,630582.0,6.32,5.942,PT3600S
2022-03-09 23:00:00,630566.0,6.728,6.242,PT3600S
2022-03-09 23:00:00,630567.0,6.731,6.233,PT3600S
2022-03-09 23:00:00,630581.0,6.725,6.229,PT3600S
2022-03-09 23:00:00,630582.0,6.732,6.244,PT3600S
2022-03-10 00:00:00,630566.0,3.832,3.428,PT3600S
2022-03-10 00:00:00,630567.0,3.83,3.429,PT3600S
2022-03-10 00:00:00,630581.0,3.83,3.429,PT3600S
2022-03-10 00:00:00,630582.0,3.834,3.428,PT3600S
2022-03-10 01:00:00,630566.0,2.196,1.91,PT3600S
2022-03-10 01:00:00,630567.0,2.195,1.912,PT3600S
2022-03-10 01:00:00,630581.0,2.195,1.917,PT3600S
2022-03-10 01:00:00,630582.0,2.197,1.914,PT3600S
2022-03-10 03:00:00,630566.0,1.357,1.15,PT3600S
2022-03-10 03:00:00,630567.0,1.359,1.149,PT3600S
2022-03-10 03:00:00,630581.0,1.357,1.151,PT3600S
2022-03-10 03:00:00,630582.0,1.356,1.15,PT3600S
2022-03-10 04:00:00,630566.0,1.423,1.246,PT3600S
2022-03-10 04:00:00,630567.0,1.419,1.248,PT3600S
2022-03-10 04:00:00,630581.0,1.421,1.247,PT3600S
2022-03-10 04:00:00,630582.0,1.42,1.247,PT3600S
2022-03-10 05:00:00,630566.0,1.983,1.772,PT3600S
2022-03-10 05:00:00,630567.0,1.98,1.774,PT3600S
2022-03-10 05:00:00,630581.0,1.982,1.768,PT3600S
2022-03-10 05:00:00,630582.0,1.979,1.77,PT3600S
2022-03-10 06:00:00,630566.0,3.969,3.671,PT3600S
2022-03-10 06:00:00,630567.0,3.972,3.673,PT3600S
2022-03-10 06:00:00,630581.0,3.968,3.677,PT3600S
2022-03-10 06:00:00,630582.0,3.964,3.667,PT3600S
2022-03-10 07:00:00,630566.0,9.199,8.831,PT3600S
2022-03-10 07:00:00,630567.0,9.198,8.849,PT3600S
2022-03-10 07:00:00,630581.0,9.206,8.847,PT3600S
2022-03-10 07:00:00,630582.0,9.198,8.835,PT3600S
2022-03-10 09:00:00,630566.0,13.531,13.082,PT3600S
2022-03-10 09:00:00,630567.0,13.526,13.075,PT3600S
2022-03-10 09:00:00,630581.0,13.533,13.083,PT3600S
2022-03-10 09:00:00,630582.0,13.528,13.073,PT3600S
2022-03-10 11:00:00,630566.0,12.882,12.28,PT3600S
2022-03-10 11:00:00,630567.0,12.886,12.276,PT3600S
2022-03-10 11:00:00,630581.0,12.883,12.279,PT3600S
2022-03-10 11:00:00,630582.0,12.883,12.28,PT3600S
2022-03-10 12:00:00,630566.0,12.322,11.73,PT3600S
2022-03-10 12:00:00,630567.0,12.324,11.734,PT3600S
2022-03-10 12:00:00,630581.0,12.323,11.744,PT3600S
2022-03-10 12:00:00,630582.0,12.318,11.724,PT3600S
2022-03-10 13:00:00,630566.0,11.807,11.183,PT3600S
2022-03-10 13:00:00,630567.0,11.805,11.18,PT3600S
2022-03-10 13:00:00,630581.0,11.804,11.172,PT3600S
2022-03-10 13:00:00,630582.0,11.81,11.186,PT3600S
2022-03-10 14:00:00,630566.0,12.104,11.461,PT3600S
2022-03-10 14:00:00,630567.0,12.1,11.469,PT3600S
2022-03-10 14:00:00,630581.0,12.107,11.454,PT3600S
2022-03-10 14:00:00,630582.0,12.105,11.459,PT3600S
2022-03-10 15:00:00,630566.0,12.091,11.466,PT3600S
2022-03-10 15:00:00,630567.0,12.092,11.453,PT3600S
2022-03-10 15:00:00,630581.0,12.101,11.453,PT3600S
2022-03-10 15:00:00,630582.0,12.093,11.456,PT3600S
2022-03-10 16:00:00,630566.0,12.068,11.451,PT3600S
2022-03-10 16:00:00,630567.0,12.058,11.449,PT3600S
2022-03-10 16:00:00,630581.0,12.062,11.455,PT3600S
2022-03-10 16:00:00,630582.0,12.064,11.459,PT3600S
2022-03-10 17:00:00,630566.0,12.687,12.048,PT3600S
2022-03-10 17:00:00,630567.0,12.693,12.041,PT3600S
2022-03-10 17:00:00,630581.0,12.686,12.04,PT3600S
2022-03-10 17:00:00,630582.0,12.694,12.054,PT3600S
2022-03-10 18:00:00,630566.0,13.667,12.974,PT3600S
2022-03-10 18:00:00,630567.0,13.669,12.97,PT3600S
2022-03-10 18:00:00,630581.0,13.665,12.986,PT3600S
2022-03-10 18:00:00,630582.0,13.662,12.984,PT3600S
2022-03-10 19:00:00,630566.0,17.001,16.424,PT3600S
2022-03-10 19:00:00,630567.0,17.0,16.418,PT3600S
2022-03-10 19:00:00,630581.0,16.992,16.431,PT3600S
2022-03-10 19:00:00,630582.0,16.998,16.426,PT3600S
2022-03-10 20:00:00,630566.0,18.989,18.569,PT3600S
2022-03-10 20:00:00,630567.0,18.988,18.588,PT3600S
2022-03-10 20:00:00,630581.0,18.995,18.578,PT3600S
2022-03-10 20:00:00,630582.0,18.989,18.583,PT3600S
2022-03-10 21:00:00,630566.0,16.566,16.247,PT3600S
2022-03-10 21:00:00,630567.0,16.567,16.26,PT3600S
2022-03-10 21:00:00,630581.0,16.555,16.233,PT3600S
2022-03-10 21:00:00,630582.0,16.561,16.254,PT3600S
2022-03-10 22:00:00,630566.0,11.516,11.12,PT3600S
2022-03-10 22:00:00,630567.0,11.513,11.117,PT3600S
2022-03-10 22:00:00,630581.0,11.515,11.113,PT3600S
2022-03-10 22:00:00,630582.0,11.511,11.118,PT3600S
2022-03-10 23:00:00,630566.0,6.213,5.839,PT3600S
2022-03-10 23:00:00,630567.0,6.212,5.833,PT3600S
2022-03-10 23:00:00,630581.0,6.215,5.827,PT3600S
2022-03-10 23:00:00,630582.0,6.215,5.83,PT3600S
2022-03-11 00:00:00,630566.0,3.421,3.073,PT3600S
2022-03-11 00:00:00,630567.0,3.423,3.077,PT3600S
2022-03-11 00:00:00,630581.0,3.422,3.076,PT3600S
2022-03-11 00:00:00,630582.0,3.42,3.074,PT3600S
2022-03-11 01:00:00,630566.0,2.178,1.904,PT3600S
2022-03-11 01:00:00,630567.0,2.175,1.906,PT3600S
2022-03-11 01:00:00,630581.0,2.175,1.9,PT3600S
2022-03-11 01:00:00,630582.0,2.176,1.903,PT3600S
2022-03-11 02:00:00,630566.0,1.594,1.358,PT3600S
2022-03-11 02:00:00,630567.0,1.596,1.354,PT3600S
2022-03-11 02:00:00,630581.0,1.593,1.354,PT3600S
2022-03-11 02:00:00,630582.0,1.595,1.357,PT3600S
2022-03-10 10:00:00,630566.0,13.727,13.155,PT3600S
2022-03-10 10:00:00,630567.0,13.722,13.155,PT3600S
2022-03-10 10:00:00,630581.0,13.721,13.15,PT3600S
2022-03-10 10:00:00,630582.0,13.725,13.156,PT3600S
2022-03-11 03:00:00,630566.0,1.29,1.097,PT3600S
2022-03-11 03:00:00,630567.0,1.291,1.094,PT3600S
2022-03-11 03:00:00,630581.0,1.289,1.093,PT3600S
2022-03-11 03:00:00,630582.0,1.291,1.097,PT3600S
2022-03-11 04:00:00,630566.0,1.316,1.162,PT3600S
2022-03-11 04:00:00,630567.0,1.316,1.164,PT3600S
2022-03-11 04:00:00,630581.0,1.317,1.163,PT3600S
2022-03-11 04:00:00,630582.0,1.316,1.165,PT3600S
2022-03-11 05:00:00,630566.0,1.939,1.739,PT3600S
2022-03-11 05:00:00,630567.0,1.938,1.737,PT3600S
2022-03-11 05:00:00,630581.0,1.939,1.737,PT3600S
2022-03-11 05:00:00,630582.0,1.938,1.737,PT3600S
2022-03-11 06:00:00,630566.0,4.115,3.815,PT3600S
2022-03-11 06:00:00,630567.0,4.111,3.81,PT3600S
2022-03-11 06:00:00,630581.0,4.111,3.805,PT3600S
2022-03-11 06:00:00,630582.0,4.112,3.814,PT3600S
2022-03-11 07:00:00,630566.0,9.629,9.232,PT3600S
2022-03-11 07:00:00,630567.0,9.631,9.229,PT3600S
2022-03-11 07:00:00,630581.0,9.629,9.229,PT3600S
2022-03-11 07:00:00,630582.0,9.635,9.238,PT3600S
2022-03-11 08:00:00,630566.0,13.2,12.706,PT3600S
2022-03-11 08:00:00,630567.0,13.194,12.71,PT3600S
2022-03-11 08:00:00,630581.0,13.189,12.709,PT3600S
2022-03-11 08:00:00,630582.0,13.194,12.704,PT3600S
2022-03-11 09:00:00,630566.0,14.065,13.536,PT3600S
2022-03-11 09:00:00,630567.0,14.073,13.528,PT3600S
2022-03-11 09:00:00,630581.0,14.068,13.527,PT3600S
2022-03-11 09:00:00,630582.0,14.076,13.53,PT3600S
2022-03-11 10:00:00,630566.0,13.548,13.015,PT3600S
2022-03-11 10:00:00,630567.0,13.543,13.01,PT3600S
2022-03-11 10:00:00,630581.0,13.553,13.0,PT3600S
2022-03-11 10:00:00,630582.0,13.553,13.006,PT3600S
2022-03-11 11:00:00,630566.0,13.164,12.569,PT3600S
2022-03-11 11:00:00,630567.0,13.155,12.588,PT3600S
2022-03-11 11:00:00,630581.0,13.162,12.588,PT3600S
2022-03-11 11:00:00,630582.0,13.157,12.568,PT3600S
2022-03-11 12:00:00,630566.0,12.293,11.695,PT3600S
2022-03-11 12:00:00,630567.0,12.297,11.68,PT3600S
2022-03-11 12:00:00,630581.0,12.292,11.684,PT3600S
2022-03-11 12:00:00,630582.0,12.284,11.683,PT3600S
2022-03-11 13:00:00,630566.0,10.365,9.789,PT3600S
2022-03-11 13:00:00,630567.0,10.362,9.795,PT3600S
2022-03-11 13:00:00,630581.0,10.366,9.791,PT3600S
2022-03-11 13:00:00,630582.0,10.363,9.787,PT3600S
2022-03-11 14:00:00,630566.0,12.65,12.037,PT3600S
2022-03-11 14:00:00,630567.0,12.647,12.036,PT3600S
2022-03-11 14:00:00,630581.0,12.649,12.049,PT3600S
2022-03-11 14:00:00,630582.0,12.645,12.045,PT3600S
2022-03-11 15:00:00,630566.0,13.265,12.614,PT3600S
2022-03-11 15:00:00,630567.0,13.262,12.623,PT3600S
2022-03-11 15:00:00,630581.0,13.258,12.611,PT3600S
2022-03-11 15:00:00,630582.0,13.262,12.627,PT3600S
2022-03-11 16:00:00,630566.0,12.646,12.012,PT3600S
2022-03-11 16:00:00,630567.0,12.656,12.005,PT3600S
2022-03-11 16:00:00,630581.0,12.653,12.01,PT3600S
2022-03-11 16:00:00,630582.0,12.66,12.016,PT3600S
2022-03-11 17:00:00,630566.0,12.984,12.513,PT3600S
2022-03-11 17:00:00,630567.0,12.989,12.517,PT3600S
2022-03-11 17:00:00,630581.0,12.991,12.51,PT3600S
2022-03-11 17:00:00,630582.0,12.982,12.514,PT3600S
2022-03-11 18:00:00,630566.0,13.648,13.024,PT3600S
2022-03-11 18:00:00,630567.0,13.642,13.025,PT3600S
2022-03-11 18:00:00,630581.0,13.653,13.027,PT3600S
2022-03-11 18:00:00,630582.0,13.652,13.021,PT3600S
2022-03-11 19:00:00,630566.0,17.201,16.633,PT3600S
2022-03-11 19:00:00,630567.0,17.197,16.647,PT3600S
2022-03-11 19:00:00,630581.0,17.2,16.641,PT3600S
2022-03-11 19:00:00,630582.0,17.201,16.648,PT3600S
2022-03-11 20:00:00,630566.0,19.481,19.104,PT3600S
2022-03-11 20:00:00,630567.0,19.48,19.097,PT3600S
2022-03-11 20:00:00,630581.0,19.463,19.11,PT3600S
2022-03-11 20:00:00,630582.0,19.479,19.117,PT3600S
2022-03-11 21:00:00,630566.0,16.851,16.468,PT3600S
2022-03-11 21:00:00,630567.0,16.842,16.455,PT3600S
2022-03-11 21:00:00,630581.0,16.847,16.454,PT3600S
2022-03-11 21:00:00,630582.0,16.847,16.451,PT3600S
2022-03-11 22:00:00,630566.0,11.259,10.791,PT3600S
2022-03-11 22:00:00,630567.0,11.262,10.775,PT3600S
2022-03-11 22:00:00,630581.0,11.262,10.787,PT3600S
2022-03-11 22:00:00,630582.0,11.254,10.772,PT3600S
2022-03-11 23:00:00,630566.0,6.042,5.636,PT3600S
2022-03-11 23:00:00,630567.0,6.043,5.641,PT3600S
2022-03-11 23:00:00,630581.0,6.043,5.629,PT3600S
2022-03-11 23:00:00,630582.0,6.042,5.635,PT3600S
2022-03-12 05:00:00,630566.0,1.938,1.721,PT3600S
2022-03-12 05:00:00,630567.0,1.941,1.721,PT3600S
2022-03-12 05:00:00,630581.0,1.938,1.72,PT3600S
2022-03-12 05:00:00,630582.0,1.941,1.725,PT3600S
2022-03-12 06:00:00,630566.0,3.629,3.371,PT3600S
2022-03-12 06:00:00,630567.0,3.631,3.369,PT3600S
2022-03-12 06:00:00,630581.0,3.628,3.376,PT3600S
2022-03-12 06:00:00,630582.0,3.632,3.375,PT3600S
2022-03-12 07:00:00,630566.0,9.045,8.819,PT3600S
2022-03-12 07:00:00,630567.0,9.039,8.834,PT3600S
2022-03-12 07:00:00,630581.0,9.041,8.83,PT3600S
2022-03-12 07:00:00,630582.0,9.041,8.833,PT3600S
2022-03-12 09:00:00,630566.0,12.927,12.554,PT3600S
2022-03-12 09:00:00,630567.0,12.935,12.565,PT3600S
2022-03-12 09:00:00,630581.0,12.928,12.568,PT3600S
2022-03-12 09:00:00,630582.0,12.928,12.565,PT3600S
2022-03-12 10:00:00,630566.0,12.946,12.475,PT3600S
2022-03-12 10:00:00,630567.0,12.954,12.472,PT3600S
2022-03-12 10:00:00,630581.0,12.941,12.474,PT3600S
2022-03-12 10:00:00,630582.0,12.947,12.469,PT3600S
2022-03-12 11:00:00,630566.0,12.408,11.886,PT3600S
2022-03-12 11:00:00,630567.0,12.405,11.877,PT3600S
2022-03-12 11:00:00,630581.0,12.407,11.881,PT3600S
2022-03-12 11:00:00,630582.0,12.411,11.867,PT3600S
2022-03-12 12:00:00,630566.0,12.115,11.53,PT3600S
2022-03-12 12:00:00,630567.0,12.11,11.526,PT3600S
2022-03-12 12:00:00,630581.0,12.118,11.528,PT3600S
2022-03-12 12:00:00,630582.0,12.11,11.533,PT3600S
2022-03-12 13:00:00,630566.0,11.821,11.226,PT3600S
2022-03-12 13:00:00,630567.0,11.824,11.226,PT3600S
2022-03-12 13:00:00,630581.0,11.825,11.219,PT3600S
2022-03-12 13:00:00,630582.0,11.824,11.221,PT3600S
2022-03-12 14:00:00,630566.0,11.587,10.984,PT3600S
2022-03-12 14:00:00,630567.0,11.585,10.991,PT3600S
2022-03-12 14:00:00,630581.0,11.586,10.983,PT3600S
2022-03-12 14:00:00,630582.0,11.598,10.984,PT3600S
2022-03-12 15:00:00,630566.0,11.436,10.818,PT3600S
2022-03-12 15:00:00,630567.0,11.437,10.826,PT3600S
2022-03-12 15:00:00,630581.0,11.434,10.822,PT3600S
2022-03-12 15:00:00,630582.0,11.439,10.821,PT3600S
2022-03-12 16:00:00,630566.0,11.465,10.839,PT3600S
2022-03-12 16:00:00,630567.0,11.46,10.837,PT3600S
2022-03-12 16:00:00,630581.0,11.456,10.826,PT3600S
2022-03-12 16:00:00,630582.0,11.465,10.828,PT3600S
2022-03-12 17:00:00,630566.0,11.842,11.215,PT3600S
2022-03-12 17:00:00,630567.0,11.84,11.214,PT3600S
2022-03-12 17:00:00,630581.0,11.84,11.218,PT3600S
2022-03-12 17:00:00,630582.0,11.834,11.213,PT3600S
2022-03-12 18:00:00,630566.0,12.849,12.183,PT3600S
2022-03-12 18:00:00,630567.0,12.849,12.197,PT3600S
2022-03-12 18:00:00,630581.0,12.844,12.195,PT3600S
2022-03-12 18:00:00,630582.0,12.848,12.195,PT3600S
2022-03-12 19:00:00,630566.0,16.806,16.248,PT3600S
2022-03-12 19:00:00,630567.0,16.8,16.248,PT3600S
2022-03-12 19:00:00,630581.0,16.805,16.249,PT3600S
2022-03-12 19:00:00,630582.0,16.805,16.238,PT3600S
2022-03-12 20:00:00,630566.0,18.918,18.509,PT3600S
2022-03-12 20:00:00,630567.0,18.909,18.502,PT3600S
2022-03-12 20:00:00,630581.0,18.918,18.496,PT3600S
2022-03-12 20:00:00,630582.0,18.915,18.495,PT3600S
2022-03-12 21:00:00,630566.0,16.505,16.091,PT3600S
2022-03-12 21:00:00,630567.0,16.51,16.1,PT3600S
2022-03-12 21:00:00,630581.0,16.499,16.096,PT3600S
2022-03-12 21:00:00,630582.0,16.504,16.1,PT3600S
2022-03-12 22:00:00,630566.0,11.345,10.871,PT3600S
2022-03-12 22:00:00,630567.0,11.338,10.861,PT3600S
2022-03-12 22:00:00,630581.0,11.332,10.865,PT3600S
2022-03-12 22:00:00,630582.0,11.336,10.871,PT3600S
2022-03-12 23:00:00,630566.0,6.366,5.943,PT3600S
2022-03-12 23:00:00,630567.0,6.373,5.932,PT3600S
2022-03-12 23:00:00,630581.0,6.374,5.939,PT3600S
2022-03-12 23:00:00,630582.0,6.361,5.943,PT3600S
2022-03-13 00:00:00,630566.0,3.739,3.38,PT3600S
2022-03-13 00:00:00,630567.0,3.737,3.371,PT3600S
2022-03-13 00:00:00,630581.0,3.739,3.377,PT3600S
2022-03-13 00:00:00,630582.0,3.741,3.373,PT3600S
2022-03-13 01:00:00,630566.0,2.53,2.228,PT3600S
2022-03-13 01:00:00,630567.0,2.526,2.229,PT3600S
2022-03-13 01:00:00,630581.0,2.526,2.231,PT3600S
2022-03-13 01:00:00,630582.0,2.528,2.229,PT3600S
2022-03-13 04:00:00,630566.0,1.485,1.287,PT3600S
2022-03-13 04:00:00,630567.0,1.484,1.286,PT3600S
2022-03-13 04:00:00,630581.0,1.482,1.288,PT3600S
2022-03-13 04:00:00,630582.0,1.485,1.289,PT3600S
2022-03-13 05:00:00,630566.0,1.93,1.7,PT3600S
2022-03-13 05:00:00,630567.0,1.93,1.704,PT3600S
2022-03-13 05:00:00,630581.0,1.929,1.7,PT3600S
2022-03-13 05:00:00,630582.0,1.929,1.701,PT3600S
2022-03-13 06:00:00,630566.0,3.427,3.127,PT3600S
2022-03-13 06:00:00,630567.0,3.43,3.125,PT3600S
2022-03-13 06:00:00,630581.0,3.429,3.13,PT3600S
2022-03-13 06:00:00,630582.0,3.431,3.129,PT3600S
2022-03-13 07:00:00,630566.0,8.016,7.685,PT3600S
2022-03-13 07:00:00,630567.0,8.022,7.69,PT3600S
2022-03-13 07:00:00,630581.0,8.02,7.68,PT3600S
2022-03-13 07:00:00,630582.0,8.019,7.703,PT3600S
2022-03-13 08:00:00,630566.0,11.004,10.689,PT3600S
2022-03-13 08:00:00,630567.0,11.008,10.692,PT3600S
2022-03-13 08:00:00,630581.0,10.999,10.694,PT3600S
2022-03-13 08:00:00,630582.0,11.005,10.693,PT3600S
2022-03-13 09:00:00,630566.0,11.833,11.452,PT3600S
2022-03-13 09:00:00,630567.0,11.834,11.443,PT3600S
2022-03-13 09:00:00,630581.0,11.842,11.452,PT3600S
2022-03-13 09:00:00,630582.0,11.833,11.448,PT3600S
2022-03-13 10:00:00,630566.0,11.413,10.991,PT3600S
2022-03-13 10:00:00,630567.0,11.407,10.987,PT3600S
2022-03-13 10:00:00,630581.0,11.412,10.997,PT3600S
2022-03-13 10:00:00,630582.0,11.411,10.99,PT3600S
2022-03-13 11:00:00,630566.0,11.018,10.56,PT3600S
2022-03-13 11:00:00,630567.0,11.014,10.562,PT3600S
2022-03-13 11:00:00,630581.0,11.019,10.557,PT3600S
2022-03-13 11:00:00,630582.0,11.028,10.559,PT3600S
2022-03-13 12:00:00,630566.0,10.998,10.485,PT3600S
2022-03-13 12:00:00,630567.0,11.006,10.491,PT3600S
2022-03-13 12:00:00,630581.0,10.995,10.491,PT3600S
2022-03-13 12:00:00,630582.0,10.999,10.486,PT3600S
2022-03-13 13:00:00,630566.0,11.125,10.612,PT3600S
2022-03-13 13:00:00,630567.0,11.124,10.597,PT3600S
2022-03-13 13:00:00,630581.0,11.128,10.613,PT3600S
2022-03-13 13:00:00,630582.0,11.127,10.61,PT3600S
2022-03-13 15:00:00,630566.0,11.35,10.843,PT3600S
2022-03-13 15:00:00,630567.0,11.355,10.846,PT3600S
2022-03-13 15:00:00,630581.0,11.352,10.841,PT3600S
2022-03-13 15:00:00,630582.0,11.349,10.842,PT3600S
2022-03-13 16:00:00,630566.0,11.532,10.941,PT3600S
2022-03-13 16:00:00,630567.0,11.54,10.936,PT3600S
2022-03-13 16:00:00,630581.0,11.539,10.935,PT3600S
2022-03-13 16:00:00,630582.0,11.544,10.938,PT3600S
2022-03-13 17:00:00,630566.0,12.365,11.716,PT3600S
2022-03-13 17:00:00,630567.0,12.353,11.715,PT3600S
2022-03-13 17:00:00,630581.0,12.36,11.712,PT3600S
2022-03-13 17:00:00,630582.0,12.361,11.715,PT3600S
2022-03-13 18:00:00,630566.0,14.857,14.101,PT3600S
2022-03-13 18:00:00,630567.0,14.863,14.093,PT3600S
2022-03-13 18:00:00,630581.0,14.845,14.091,PT3600S
2022-03-13 18:00:00,630582.0,14.856,14.093,PT3600S
2022-03-13 19:00:00,630566.0,16.864,16.274,PT3600S
2022-03-13 19:00:00,630567.0,16.868,16.277,PT3600S
2022-03-13 19:00:00,630581.0,16.863,16.278,PT3600S
2022-03-13 19:00:00,630582.0,16.874,16.289,PT3600S
2022-03-13 20:00:00,630566.0,17.328,16.899,PT3600S
2022-03-13 20:00:00,630567.0,17.335,16.896,PT3600S
2022-03-13 20:00:00,630581.0,17.331,16.894,PT3600S
2022-03-13 20:00:00,630582.0,17.324,16.896,PT3600S
2022-03-13 21:00:00,630566.0,14.774,14.359,PT3600S
2022-03-13 21:00:00,630567.0,14.79,14.36,PT3600S
2022-03-13 21:00:00,630581.0,14.773,14.367,PT3600S
2022-03-13 21:00:00,630582.0,14.776,14.358,PT3600S
2022-03-13 22:00:00,630566.0,9.388,8.929,PT3600S
2022-03-13 22:00:00,630567.0,9.395,8.947,PT3600S
2022-03-13 22:00:00,630581.0,9.39,8.944,PT3600S
2022-03-13 22:00:00,630582.0,9.393,8.936,PT3600S
2022-03-13 23:00:00,630566.0,4.389,4.054,PT3600S
2022-03-13 23:00:00,630567.0,4.394,4.063,PT3600S
2022-03-13 23:00:00,630581.0,4.395,4.052,PT3600S
2022-03-13 23:00:00,630582.0,4.393,4.053,PT3600S
2022-03-14 00:00:00,630566.0,2.213,1.994,PT3600S
2022-03-14 00:00:00,630567.0,2.215,2.0,PT3600S
2022-03-14 00:00:00,630581.0,2.213,1.997,PT3600S
2022-03-14 00:00:00,630582.0,2.21,1.997,PT3600S
2022-03-14 01:00:00,630566.0,1.645,1.443,PT3600S
2022-03-14 01:00:00,630567.0,1.646,1.44,PT3600S
2022-03-14 01:00:00,630581.0,1.646,1.443,PT3600S
2022-03-14 01:00:00,630582.0,1.647,1.443,PT3600S
2022-03-14 02:00:00,630566.0,1.414,1.202,PT3600S
2022-03-14 02:00:00,630567.0,1.417,1.205,PT3600S
2022-03-14 02:00:00,630581.0,1.417,1.202,PT3600S
2022-03-14 02:00:00,630582.0,1.414,1.202,PT3600S
2022-03-14 03:00:00,630566.0,1.32,1.121,PT3600S
2022-03-14 03:00:00,630567.0,1.319,1.123,PT3600S
2022-03-14 03:00:00,630581.0,1.319,1.12,PT3600S
2022-03-14 03:00:00,630582.0,1.319,1.118,PT3600S
2022-03-14 04:00:00,630566.0,1.4,1.209,PT3600S
2022-03-14 04:00:00,630567.0,1.402,1.209,PT3600S
2022-03-14 04:00:00,630581.0,1.401,1.213,PT3600S
2022-03-14 04:00:00,630582.0,1.402,1.209,PT3600S
2022-03-14 05:00:00,630566.0,1.997,1.76,PT3600S
2022-03-14 05:00:00,630567.0,1.994,1.762,PT3600S
2022-03-14 05:00:00,630581.0,1.993,1.759,PT3600S
2022-03-14 05:00:00,630582.0,1.996,1.757,PT3600S
2022-03-14 06:00:00,630566.0,3.802,3.492,PT3600S
2022-03-14 06:00:00,630567.0,3.797,3.494,PT3600S
2022-03-14 06:00:00,630581.0,3.794,3.484,PT3600S
2022-03-14 06:00:00,630582.0,3.799,3.49,PT3600S
2022-03-14 07:00:00,630566.0,8.382,8.081,PT3600S
2022-03-14 07:00:00,630567.0,8.374,8.059,PT3600S
2022-03-14 07:00:00,630581.0,8.371,8.06,PT3600S
2022-03-14 07:00:00,630582.0,8.376,8.065,PT3600S
2022-03-14 08:00:00,630566.0,11.67,11.324,PT3600S
2022-03-14 08:00:00,630567.0,11.665,11.322,PT3600S
2022-03-14 08:00:00,630581.0,11.668,11.323,PT3600S
2022-03-14 08:00:00,630582.0,11.669,11.332,PT3600S
2022-03-14 09:00:00,630566.0,12.421,12.027,PT3600S
2022-03-14 09:00:00,630567.0,12.422,12.029,PT3600S
2022-03-14 09:00:00,630581.0,12.424,12.015,PT3600S
2022-03-14 09:00:00,630582.0,12.414,12.026,PT3600S
2022-03-14 10:00:00,630566.0,12.183,11.724,PT3600S
2022-03-14 10:00:00,630567.0,12.177,11.738,PT3600S
2022-03-14 10:00:00,630581.0,12.177,11.731,PT3600S
2022-03-14 10:00:00,630582.0,12.18,11.724,PT3600S
2022-03-14 11:00:00,630566.0,11.394,10.922,PT3600S
2022-03-14 11:00:00,630567.0,11.391,10.924,PT3600S
2022-03-14 11:00:00,630581.0,11.397,10.915,PT3600S
2022-03-14 11:00:00,630582.0,11.394,10.933,PT3600S
2022-03-14 12:00:00,630566.0,10.811,10.335,PT3600S
2022-03-14 12:00:00,630567.0,10.815,10.321,PT3600S
2022-03-14 12:00:00,630581.0,10.806,10.329,PT3600S
2022-03-14 12:00:00,630582.0,10.817,10.325,PT3600S
2022-03-14 13:00:00,630566.0,10.164,9.697,PT3600S
2022-03-14 13:00:00,630567.0,10.167,9.686,PT3600S
2022-03-14 13:00:00,630581.0,10.163,9.691,PT3600S
2022-03-14 13:00:00,630582.0,10.163,9.697,PT3600S
2022-03-14 14:00:00,630566.0,10.41,9.936,PT3600S
2022-03-14 14:00:00,630567.0,10.407,9.941,PT3600S
2022-03-14 14:00:00,630581.0,10.408,9.935,PT3600S
2022-03-14 14:00:00,630582.0,10.408,9.938,PT3600S
2022-03-14 15:00:00,630566.0,10.414,9.95,PT3600S
2022-03-14 15:00:00,630567.0,10.418,9.95,PT3600S
2022-03-14 15:00:00,630581.0,10.409,9.957,PT3600S
2022-03-14 15:00:00,630582.0,10.415,9.948,PT3600S
2022-03-14 16:00:00,630566.0,10.456,9.962,PT3600S
2022-03-14 16:00:00,630567.0,10.456,9.961,PT3600S
2022-03-14 16:00:00,630581.0,10.449,9.971,PT3600S
2022-03-14 16:00:00,630582.0,10.454,9.955,PT3600S
2022-03-14 17:00:00,630566.0,11.091,10.578,PT3600S
2022-03-14 17:00:00,630567.0,11.086,10.586,PT3600S
2022-03-14 17:00:00,630581.0,11.092,10.586,PT3600S
2022-03-14 17:00:00,630582.0,11.096,10.583,PT3600S
2022-03-14 18:00:00,630566.0,11.958,11.437,PT3600S
2022-03-14 18:00:00,630567.0,11.963,11.429,PT3600S
2022-03-14 18:00:00,630581.0,11.959,11.433,PT3600S
2022-03-14 18:00:00,630582.0,11.962,11.44,PT3600S
2022-03-14 19:00:00,630566.0,15.191,14.802,PT3600S
2022-03-14 19:00:00,630567.0,15.192,14.79,PT3600S
2022-03-14 19:00:00,630581.0,15.187,14.798,PT3600S
2022-03-14 19:00:00,630582.0,15.189,14.795,PT3600S
2022-03-14 20:00:00,630566.0,15.556,15.33,PT3600S
2022-03-14 20:00:00,630567.0,15.56,15.345,PT3600S
2022-03-14 20:00:00,630581.0,15.553,15.355,PT3600S
2022-03-14 20:00:00,630582.0,15.553,15.349,PT3600S
2022-03-14 21:00:00,630566.0,15.304,15.054,PT3600S
2022-03-14 21:00:00,630567.0,15.306,15.057,PT3600S
2022-03-14 21:00:00,630581.0,15.302,15.053,PT3600S
2022-03-14 21:00:00,630582.0,15.306,15.053,PT3600S
2022-03-14 22:00:00,630566.0,9.873,9.526,PT3600S
2022-03-14 22:00:00,630567.0,9.877,9.535,PT3600S
2022-03-14 22:00:00,630581.0,9.885,9.541,PT3600S
2022-03-14 22:00:00,630582.0,9.878,9.53,PT3600S
2022-03-14 23:00:00,630566.0,4.931,4.582,PT3600S
2022-03-14 23:00:00,630567.0,4.932,4.586,PT3600S
2022-03-14 23:00:00,630581.0,4.933,4.586,PT3600S
2022-03-14 23:00:00,630582.0,4.934,4.579,PT3600S
2022-03-15 00:00:00,630566.0,2.745,2.469,PT3600S
2022-03-15 00:00:00,630567.0,2.745,2.469,PT3600S
2022-03-15 00:00:00,630581.0,2.745,2.469,PT3600S
2022-03-15 00:00:00,630582.0,2.743,2.469,PT3600S
2022-03-15 01:00:00,630566.0,1.948,1.707,PT3600S
2022-03-15 01:00:00,630567.0,1.947,1.705,PT3600S
2022-03-15 01:00:00,630581.0,1.948,1.701,PT3600S
2022-03-15 01:00:00,630582.0,1.947,1.701,PT3600S
2022-03-12 08:00:00,630566.0,12.204,11.902,PT3600S
2022-03-12 08:00:00,630567.0,12.212,11.89,PT3600S
2022-03-12 08:00:00,630581.0,12.202,11.889,PT3600S
2022-03-12 08:00:00,630582.0,12.204,11.893,PT3600S
2022-03-15 02:00:00,630566.0,1.562,1.328,PT3600S
2022-03-15 02:00:00,630567.0,1.559,1.326,PT3600S
2022-03-15 02:00:00,630581.0,1.56,1.325,PT3600S
2022-03-15 02:00:00,630582.0,1.559,1.326,PT3600S
2022-03-15 03:00:00,630566.0,1.352,1.147,PT3600S
2022-03-15 03:00:00,630567.0,1.353,1.148,PT3600S
2022-03-15 03:00:00,630581.0,1.352,1.148,PT3600S
2022-03-15 03:00:00,630582.0,1.349,1.147,PT3600S
2022-03-15 04:00:00,630566.0,1.367,1.2,PT3600S
2022-03-15 04:00:00,630567.0,1.366,1.2,PT3600S
2022-03-15 04:00:00,630581.0,1.367,1.197,PT3600S
2022-03-15 04:00:00,630582.0,1.367,1.197,PT3600S
2022-03-15 05:00:00,630566.0,1.969,1.752,PT3600S
2022-03-15 05:00:00,630567.0,1.969,1.754,PT3600S
2022-03-15 05:00:00,630581.0,1.966,1.752,PT3600S
2022-03-15 05:00:00,630582.0,1.966,1.754,PT3600S
2022-03-15 06:00:00,630566.0,3.827,3.557,PT3600S
2022-03-15 06:00:00,630567.0,3.829,3.554,PT3600S
2022-03-15 06:00:00,630581.0,3.826,3.555,PT3600S
2022-03-15 06:00:00,630582.0,3.83,3.556,PT3600S
2022-03-15 07:00:00,630566.0,8.873,8.576,PT3600S
2022-03-15 07:00:00,630567.0,8.87,8.583,PT3600S
2022-03-15 07:00:00,630581.0,8.857,8.572,PT3600S
2022-03-15 07:00:00,630582.0,8.873,8.576,PT3600S
2022-03-15 08:00:00,630566.0,12.125,11.755,PT3600S
2022-03-15 08:00:00,630567.0,12.126,11.753,PT3600S
2022-03-15 08:00:00,630581.0,12.122,11.755,PT3600S
2022-03-15 08:00:00,630582.0,12.132,11.769,PT3600S
2022-03-15 09:00:00,630566.0,12.838,12.47,PT3600S
2022-03-15 09:00:00,630567.0,12.829,12.464,PT3600S
2022-03-15 09:00:00,630581.0,12.834,12.455,PT3600S
2022-03-15 09:00:00,630582.0,12.835,12.473,PT3600S
2022-03-15 10:00:00,630566.0,12.544,12.07,PT3600S
2022-03-15 10:00:00,630567.0,12.542,12.071,PT3600S
2022-03-15 10:00:00,630581.0,12.556,12.083,PT3600S
2022-03-15 10:00:00,630582.0,12.544,12.084,PT3600S
2022-03-15 12:00:00,630566.0,11.542,11.05,PT3600S
2022-03-15 12:00:00,630567.0,11.541,11.05,PT3600S
2022-03-15 12:00:00,630581.0,11.543,11.053,PT3600S
2022-03-15 12:00:00,630582.0,11.546,11.041,PT3600S
2022-03-15 13:00:00,630566.0,11.193,10.712,PT3600S
2022-03-15 13:00:00,630567.0,11.194,10.706,PT3600S
2022-03-15 13:00:00,630581.0,11.191,10.694,PT3600S
2022-03-15 13:00:00,630582.0,11.195,10.701,PT3600S
2022-03-15 15:00:00,630566.0,11.029,10.58,PT3600S
2022-03-15 15:00:00,630567.0,11.033,10.574,PT3600S
2022-03-15 15:00:00,630581.0,11.027,10.574,PT3600S
2022-03-15 15:00:00,630582.0,11.033,10.572,PT3600S
2022-03-15 16:00:00,630566.0,11.189,10.704,PT3600S
2022-03-15 16:00:00,630567.0,11.19,10.707,PT3600S
2022-03-15 16:00:00,630581.0,11.183,10.703,PT3600S
2022-03-15 16:00:00,630582.0,11.189,10.699,PT3600S
2022-03-15 17:00:00,630566.0,11.8,11.286,PT3600S
2022-03-15 17:00:00,630567.0,11.798,11.295,PT3600S
2022-03-15 17:00:00,630581.0,11.797,11.289,PT3600S
2022-03-15 17:00:00,630582.0,11.8,11.294,PT3600S
2022-03-15 18:00:00,630566.0,12.967,12.374,PT3600S
2022-03-15 18:00:00,630567.0,12.967,12.369,PT3600S
2022-03-15 18:00:00,630581.0,12.978,12.379,PT3600S
2022-03-15 18:00:00,630582.0,12.979,12.377,PT3600S
2022-03-15 19:00:00,630566.0,16.407,15.967,PT3600S
2022-03-15 19:00:00,630567.0,16.403,15.971,PT3600S
2022-03-15 19:00:00,630581.0,16.411,15.968,PT3600S
2022-03-15 19:00:00,630582.0,16.403,15.973,PT3600S
2022-03-15 20:00:00,630566.0,17.613,17.31,PT3600S
2022-03-15 20:00:00,630567.0,17.615,17.321,PT3600S
2022-03-15 20:00:00,630581.0,17.607,17.313,PT3600S
2022-03-15 20:00:00,630582.0,17.611,17.31,PT3600S
2022-03-15 21:00:00,630566.0,15.369,15.034,PT3600S
2022-03-15 21:00:00,630567.0,15.375,15.031,PT3600S
2022-03-15 21:00:00,630581.0,15.37,15.043,PT3600S
2022-03-15 21:00:00,630582.0,15.369,15.056,PT3600S
2022-03-15 22:00:00,630566.0,10.925,10.478,PT3600S
2022-03-15 22:00:00,630567.0,10.93,10.492,PT3600S
2022-03-15 22:00:00,630581.0,10.911,10.478,PT3600S
2022-03-15 22:00:00,630582.0,10.927,10.49,PT3600S
2022-03-15 14:00:00,630566.0,11.098,10.623,PT3600S
2022-03-15 14:00:00,630567.0,11.09,10.635,PT3600S
2022-03-15 14:00:00,630581.0,11.093,10.635,PT3600S
2022-03-15 14:00:00,630582.0,11.098,10.622,PT3600S
