begintime,sk_object,1593835835,duration
2022-03-01 00:00:00,874062.0,0.13998806,PT3600S
2022-03-01 00:00:00,884285.0,0.31655335,PT3600S
2022-03-01 00:00:00,884286.0,0.097509168,PT3600S
2022-03-01 00:00:00,884287.0,0.14618444,PT3600S
2022-03-01 00:00:00,884288.0,0.14688778,PT3600S
2022-03-01 00:00:00,884289.0,0.29804277,PT3600S
2022-03-01 00:00:00,884290.0,0.2739836,PT3600S
2022-03-01 00:00:00,884291.0,0.20959334,PT3600S
2022-03-01 00:00:00,884292.0,0.23378861,PT3600S
2022-03-01 00:00:00,884293.0,0.14233805,PT3600S
2022-03-01 00:00:00,884294.0,0.1047,PT3600S
2022-03-01 00:00:00,884295.0,0.13946472,PT3600S
2022-03-01 00:00:00,884296.0,0.12005611,PT3600S
2022-03-01 00:00:00,884297.0,0.097896948,PT3600S
2022-03-01 00:00:00,884298.0,0.11031,PT3600S
2022-03-01 00:00:00,884299.0,0.19935694,PT3600S
2022-03-01 00:00:00,884300.0,0.13924056,PT3600S
2022-03-01 00:00:00,884301.0,0.22415778,PT3600S
2022-03-01 00:00:00,884302.0,0.11948334,PT3600S
2022-03-01 00:00:00,884303.0,0.30528751,PT3600S
2022-03-01 00:00:00,884304.0,0.11680472,PT3600S
2022-03-01 00:00:00,884305.0,0.14995223,PT3600S
2022-03-01 00:00:00,884306.0,0.32809752,PT3600S
2022-03-01 00:00:00,884307.0,0.27862528,PT3600S
2022-03-01 00:00:00,884308.0,0.22167751,PT3600S
2022-03-01 00:00:00,884309.0,0.15173167,PT3600S
2022-03-01 00:00:00,884310.0,0.15101638,PT3600S
2022-03-01 00:00:00,884311.0,0.14416084,PT3600S
2022-03-01 00:00:00,884312.0,0.31260943,PT3600S
2022-03-01 00:00:00,884313.0,0.28213888,PT3600S
2022-03-01 00:00:00,884314.0,0.13808389,PT3600S
2022-03-01 00:00:00,884315.0,0.10643861,PT3600S
2022-03-01 00:00:00,884316.0,0.09989278,PT3600S
2022-03-01 00:00:00,884317.0,0.30856252,PT3600S
2022-03-01 00:00:00,884318.0,0.24973333,PT3600S
2022-03-01 00:00:00,884319.0,0.34563804,PT3600S
2022-03-01 00:00:00,884320.0,0.14505583,PT3600S
2022-03-01 00:00:00,884321.0,0.27491444,PT3600S
2022-03-01 00:00:00,884322.0,0.3125264,PT3600S
2022-03-01 00:00:00,884323.0,0.13449778,PT3600S
2022-03-01 00:00:00,884324.0,0.31165361,PT3600S
2022-03-01 00:00:00,884325.0,0.14208111,PT3600S
2022-03-01 00:00:00,884326.0,0.098820001,PT3600S
2022-03-01 00:00:00,884327.0,0.14167611,PT3600S
2022-03-01 00:00:00,884328.0,0.1119139,PT3600S
2022-03-01 00:00:00,884329.0,0.12075916,PT3600S
2022-03-01 00:00:00,884330.0,0.28811333,PT3600S
2022-03-01 00:00:00,884331.0,0.3118611,PT3600S
2022-03-01 00:00:00,884332.0,0.27979639,PT3600S
2022-03-01 00:00:00,884333.0,0.23740083,PT3600S
2022-03-01 00:00:00,884334.0,0.095479727,PT3600S
2022-03-01 00:00:00,884335.0,0.30001223,PT3600S
2022-03-01 00:00:00,884336.0,0.26186028,PT3600S
2022-03-01 00:00:00,884337.0,0.25944081,PT3600S
2022-03-01 00:00:00,884338.0,0.25880641,PT3600S
2022-03-01 00:00:00,884339.0,0.26291776,PT3600S
2022-03-01 00:00:00,884340.0,0.14923611,PT3600S
2022-03-01 00:00:00,884341.0,0.17048694,PT3600S
2022-03-01 00:00:00,884342.0,0.24105555,PT3600S
2022-03-01 00:00:00,884343.0,0.23874918,PT3600S
2022-03-01 00:00:00,884344.0,0.13982973,PT3600S
2022-03-01 00:00:00,884345.0,0.23973666,PT3600S
2022-03-01 00:00:00,884346.0,0.27224222,PT3600S
2022-03-01 00:00:00,884347.0,0.10475139,PT3600S
2022-03-01 00:00:00,884348.0,0.15624946,PT3600S
2022-03-01 00:00:00,884349.0,0.25885749,PT3600S
2022-03-01 00:00:00,884350.0,0.1501275,PT3600S
2022-03-01 00:00:00,884351.0,0.26342082,PT3600S
2022-03-01 00:00:00,884352.0,0.10930139,PT3600S
2022-03-01 00:00:00,884353.0,0.20768943,PT3600S
2022-03-01 00:00:00,884354.0,0.14680834,PT3600S
2022-03-01 00:00:00,884355.0,0.21623807,PT3600S
2022-03-01 00:00:00,884356.0,0.14788666,PT3600S
2022-03-01 00:00:00,884357.0,0.11142862,PT3600S
2022-03-01 00:00:00,884358.0,0.19066584,PT3600S
2022-03-01 00:00:00,884359.0,0.30276138,PT3600S
2022-03-01 00:00:00,884361.0,0.097635277,PT3600S
2022-03-01 00:00:00,884362.0,0.08766,PT3600S
2022-03-01 00:00:00,884363.0,0.14096195,PT3600S
2022-03-01 00:00:00,884364.0,0.25084972,PT3600S
2022-03-01 00:00:00,884365.0,0.14531639,PT3600S
2022-03-01 00:00:00,884366.0,0.23885,PT3600S
2022-03-01 00:00:00,884367.0,0.10174111,PT3600S
2022-03-01 00:00:00,884368.0,0.145785,PT3600S
2022-03-01 00:00:00,884369.0,0.29032499,PT3600S
2022-03-01 00:00:00,884370.0,0.23091361,PT3600S
2022-03-01 00:00:00,884371.0,0.21918333,PT3600S
2022-03-01 00:00:00,884372.0,0.095764726,PT3600S
2022-03-01 00:00:00,884373.0,0.10524751,PT3600S
2022-03-01 00:00:00,884374.0,0.13816027,PT3600S
2022-03-01 00:00:00,884375.0,0.21466056,PT3600S
2022-03-01 00:00:00,884376.0,0.2910189,PT3600S
2022-03-01 00:00:00,884377.0,0.096885279,PT3600S
2022-03-01 00:00:00,884378.0,0.19118583,PT3600S
2022-03-01 00:00:00,884379.0,0.14714305,PT3600S
2022-03-01 00:00:00,884380.0,0.17105277,PT3600S
2022-03-01 00:00:00,884381.0,0.10133944,PT3600S
2022-03-01 00:00:00,884382.0,0.26329112,PT3600S
2022-03-01 00:00:00,884383.0,0.12790501,PT3600S
2022-03-01 00:00:00,884384.0,0.11102861,PT3600S
2022-03-01 00:00:00,884385.0,0.098142505,PT3600S
2022-03-01 00:00:00,884386.0,0.22992387,PT3600S
2022-03-01 00:00:00,884387.0,0.10230111,PT3600S
2022-03-01 00:00:00,884388.0,0.23813334,PT3600S
2022-03-01 00:00:00,884389.0,0.20096028,PT3600S
2022-03-01 00:00:00,884390.0,0.1918136,PT3600S
2022-03-01 00:00:00,884391.0,0.23756084,PT3600S
2022-03-01 00:00:00,884392.0,0.15099362,PT3600S
2022-03-01 00:00:00,884393.0,0.10520527,PT3600S
2022-03-01 00:00:00,884394.0,0.098570548,PT3600S
2022-03-01 00:00:00,884395.0,0.15000999,PT3600S
2022-03-01 00:00:00,884396.0,0.28042889,PT3600S
2022-03-01 00:00:00,884397.0,0.25847888,PT3600S
2022-03-01 00:00:00,884398.0,0.18499945,PT3600S
2022-03-01 00:00:00,884399.0,0.26413167,PT3600S
2022-03-01 00:00:00,884400.0,0.11183806,PT3600S
2022-03-01 00:00:00,884401.0,0.13977917,PT3600S
2022-03-01 00:00:00,884402.0,0.22138333,PT3600S
2022-03-01 00:00:00,884403.0,0.25382641,PT3600S
2022-03-01 00:00:00,884404.0,0.094457492,PT3600S
2022-03-01 00:00:00,884405.0,0.28775638,PT3600S
2022-03-01 00:00:00,884406.0,0.29193085,PT3600S
2022-03-01 00:00:00,884407.0,0.096614994,PT3600S
2022-03-01 00:00:00,884408.0,0.103645,PT3600S
2022-03-01 00:00:00,884409.0,0.14660999,PT3600S
2022-03-01 00:00:00,884410.0,0.3013764,PT3600S
2022-03-01 00:00:00,884411.0,0.10439445,PT3600S
2022-03-01 00:00:00,884412.0,0.29822111,PT3600S
2022-03-01 00:00:00,884413.0,0.27643836,PT3600S
2022-03-01 00:00:00,884414.0,0.14620695,PT3600S
2022-03-01 00:00:00,884416.0,0.1473825,PT3600S
2022-03-01 00:00:00,884417.0,0.23149028,PT3600S
2022-03-01 00:00:00,884418.0,0.11406612,PT3600S
2022-03-01 00:00:00,884419.0,0.15285334,PT3600S
2022-03-01 00:00:00,884420.0,0.14278223,PT3600S
2022-03-01 00:00:00,884421.0,0.15686861,PT3600S
2022-03-01 00:00:00,884422.0,0.1570075,PT3600S
2022-03-01 00:00:00,884423.0,0.166095,PT3600S
2022-03-01 00:00:00,884424.0,0.14213723,PT3600S
2022-03-01 00:00:00,884425.0,0.10530667,PT3600S
2022-03-01 00:00:00,884426.0,0.15845001,PT3600S
2022-03-01 00:00:00,884427.0,0.11475861,PT3600S
2022-03-01 00:00:00,884428.0,0.14642279,PT3600S
2022-03-01 00:00:00,884429.0,0.11297861,PT3600S
2022-03-01 00:00:00,884430.0,0.14594445,PT3600S
2022-03-01 00:00:00,884431.0,0.14832056,PT3600S
2022-03-01 00:00:00,884432.0,0.23384222,PT3600S
2022-03-01 00:00:00,884434.0,0.27090138,PT3600S
2022-03-01 00:00:00,884435.0,0.10594112,PT3600S
2022-03-01 00:00:00,884436.0,0.27396306,PT3600S
2022-03-01 00:00:00,884437.0,0.14620277,PT3600S
2022-03-01 00:00:00,884438.0,0.24102557,PT3600S
2022-03-01 00:00:00,884439.0,0.10147694,PT3600S
2022-03-01 00:00:00,884440.0,0.16123584,PT3600S
2022-03-01 00:00:00,884441.0,0.099625833,PT3600S
2022-03-01 00:00:00,884442.0,0.14123027,PT3600S
2022-03-01 00:00:00,884443.0,0.1423386,PT3600S
2022-03-01 00:00:00,884444.0,0.10004528,PT3600S
2022-03-01 00:00:00,884446.0,0.14036195,PT3600S
2022-03-01 00:00:00,884447.0,0.24855389,PT3600S
2022-03-01 00:00:00,884448.0,0.14093918,PT3600S
2022-03-01 00:00:00,884449.0,0.16885555,PT3600S
2022-03-01 00:00:00,884450.0,0.14444417,PT3600S
2022-03-01 00:00:00,884451.0,0.26017419,PT3600S
2022-03-01 00:00:00,884452.0,0.10205056,PT3600S
2022-03-01 00:00:00,884453.0,0.11574084,PT3600S
2022-03-01 00:00:00,884454.0,0.10852556,PT3600S
2022-03-01 00:00:00,884455.0,0.19450668,PT3600S
2022-03-01 00:00:00,884456.0,0.13930528,PT3600S
2022-03-01 00:00:00,884457.0,0.27839252,PT3600S
2022-03-01 00:00:00,884458.0,0.10350167,PT3600S
2022-03-01 00:00:00,884459.0,0.17315,PT3600S
2022-03-01 00:00:00,884460.0,0.15652084,PT3600S
2022-03-01 00:00:00,884461.0,0.20352499,PT3600S
2022-03-01 00:00:00,884463.0,0.13805027,PT3600S
2022-03-01 00:00:00,884464.0,0.11192445,PT3600S
2022-03-01 00:00:00,884465.0,0.17506167,PT3600S
2022-03-01 00:00:00,884466.0,0.23043334,PT3600S
2022-03-01 00:00:00,884467.0,0.13765028,PT3600S
2022-03-01 00:00:00,884468.0,0.15109557,PT3600S
2022-03-01 00:00:00,884469.0,0.13807973,PT3600S
2022-03-01 00:00:00,884470.0,0.15363194,PT3600S
2022-03-01 00:00:00,884471.0,0.24160111,PT3600S
2022-03-01 00:00:00,884472.0,0.15890805,PT3600S
2022-03-01 00:00:00,884473.0,0.24575056,PT3600S
2022-03-01 00:00:00,884474.0,0.093588054,PT3600S
2022-03-01 00:00:00,884475.0,0.24165833,PT3600S
2022-03-01 00:00:00,884476.0,0.14528695,PT3600S
2022-03-01 00:00:00,884477.0,0.12108722,PT3600S
2022-03-01 00:00:00,884478.0,0.26342002,PT3600S
2022-03-01 00:00:00,884479.0,0.26507026,PT3600S
2022-03-01 00:00:00,884480.0,0.25188974,PT3600S
2022-03-01 00:00:00,884481.0,0.26866305,PT3600S
2022-03-01 00:00:00,884482.0,0.28532222,PT3600S
2022-03-01 00:00:00,884483.0,0.23621139,PT3600S
2022-03-01 00:00:00,884484.0,0.29610723,PT3600S
2022-03-01 00:00:00,884485.0,0.11833334,PT3600S
2022-03-01 00:00:00,884486.0,0.13794029,PT3600S
2022-03-01 00:00:00,884602.0,0.14681083,PT3600S
2022-03-01 00:00:00,884603.0,0.10207306,PT3600S
2022-03-01 01:00:00,874062.0,0.13912918,PT3600S
2022-03-01 01:00:00,884285.0,0.3154614,PT3600S
2022-03-01 01:00:00,884286.0,0.097507507,PT3600S
2022-03-01 01:00:00,884287.0,0.14102332,PT3600S
2022-03-01 01:00:00,884288.0,0.14688694,PT3600S
2022-03-01 01:00:00,884289.0,0.29775113,PT3600S
2022-03-01 01:00:00,884290.0,0.27263084,PT3600S
2022-03-01 01:00:00,884291.0,0.20835167,PT3600S
2022-03-01 01:00:00,884292.0,0.2331647,PT3600S
2022-03-01 01:00:00,884293.0,0.14117861,PT3600S
2022-03-01 01:00:00,884294.0,0.10279444,PT3600S
2022-03-01 01:00:00,884295.0,0.13963777,PT3600S
2022-03-01 01:00:00,884296.0,0.11946389,PT3600S
2022-03-01 01:00:00,884297.0,0.0978975,PT3600S
2022-03-01 01:00:00,884298.0,0.11007389,PT3600S
2022-03-01 01:00:00,884299.0,0.19857556,PT3600S
2022-03-01 01:00:00,884300.0,0.13853446,PT3600S
2022-03-01 01:00:00,884301.0,0.22363083,PT3600S
2022-03-01 01:00:00,884302.0,0.11948334,PT3600S
2022-03-01 01:00:00,884303.0,0.30486441,PT3600S
2022-03-01 01:00:00,884304.0,0.11697194,PT3600S
2022-03-01 01:00:00,884305.0,0.15114111,PT3600S
2022-03-01 01:00:00,884306.0,0.32791251,PT3600S
2022-03-01 01:00:00,884307.0,0.27825165,PT3600S
2022-03-01 01:00:00,884308.0,0.21536222,PT3600S
2022-03-01 01:00:00,884309.0,0.15046361,PT3600S
2022-03-01 01:00:00,884310.0,0.15100667,PT3600S
2022-03-01 01:00:00,884311.0,0.14402889,PT3600S
2022-03-01 01:00:00,884312.0,0.31166166,PT3600S
2022-03-01 01:00:00,884313.0,0.28131637,PT3600S
2022-03-01 01:00:00,884314.0,0.13776501,PT3600S
2022-03-01 01:00:00,884315.0,0.10638167,PT3600S
2022-03-01 01:00:00,884316.0,0.099674165,PT3600S
2022-03-01 01:00:00,884317.0,0.30716196,PT3600S
2022-03-01 01:00:00,884318.0,0.24973333,PT3600S
2022-03-01 01:00:00,884319.0,0.34278446,PT3600S
2022-03-01 01:00:00,884320.0,0.1445225,PT3600S
2022-03-01 01:00:00,884321.0,0.27397221,PT3600S
2022-03-01 01:00:00,884322.0,0.30643165,PT3600S
2022-03-01 01:00:00,884323.0,0.13677083,PT3600S
2022-03-01 01:00:00,884324.0,0.31130195,PT3600S
2022-03-01 01:00:00,884325.0,0.14094722,PT3600S
2022-03-01 01:00:00,884326.0,0.098260835,PT3600S
2022-03-01 01:00:00,884327.0,0.14056778,PT3600S
2022-03-01 01:00:00,884328.0,0.11116945,PT3600S
2022-03-01 01:00:00,884329.0,0.11949667,PT3600S
2022-03-01 01:00:00,884330.0,0.28671971,PT3600S
2022-03-01 01:00:00,884331.0,0.30528417,PT3600S
2022-03-01 01:00:00,884332.0,0.27880001,PT3600S
2022-03-01 01:00:00,884333.0,0.23582944,PT3600S
2022-03-01 01:00:00,884334.0,0.095659442,PT3600S
2022-03-01 01:00:00,884335.0,0.29933363,PT3600S
2022-03-01 01:00:00,884336.0,0.26131165,PT3600S
2022-03-01 01:00:00,884337.0,0.25836667,PT3600S
2022-03-01 01:00:00,884338.0,0.25664696,PT3600S
2022-03-01 01:00:00,884339.0,0.26264554,PT3600S
2022-03-01 01:00:00,884340.0,0.14463526,PT3600S
2022-03-01 01:00:00,884341.0,0.17047417,PT3600S
2022-03-01 01:00:00,884342.0,0.23978415,PT3600S
2022-03-01 01:00:00,884343.0,0.23732667,PT3600S
2022-03-01 01:00:00,884344.0,0.13965695,PT3600S
2022-03-01 01:00:00,884345.0,0.23844999,PT3600S
2022-03-01 01:00:00,884346.0,0.27083001,PT3600S
2022-03-01 01:00:00,884347.0,0.1048975,PT3600S
2022-03-01 01:00:00,884348.0,0.15524277,PT3600S
2022-03-01 01:00:00,884349.0,0.25858277,PT3600S
2022-03-01 01:00:00,884350.0,0.14951639,PT3600S
2022-03-01 01:00:00,884351.0,0.26342359,PT3600S
2022-03-01 01:00:00,884352.0,0.10879889,PT3600S
2022-03-01 01:00:00,884353.0,0.20766194,PT3600S
2022-03-01 01:00:00,884354.0,0.14590138,PT3600S
2022-03-01 01:00:00,884355.0,0.21555001,PT3600S
2022-03-01 01:00:00,884356.0,0.14606194,PT3600S
2022-03-01 01:00:00,884357.0,0.11142027,PT3600S
2022-03-01 01:00:00,884358.0,0.19016001,PT3600S
2022-03-01 01:00:00,884359.0,0.30151665,PT3600S
2022-03-01 01:00:00,884360.0,0.11581445,PT3600S
2022-03-01 01:00:00,884361.0,0.097638339,PT3600S
2022-03-01 01:00:00,884362.0,0.087663613,PT3600S
2022-03-01 01:00:00,884363.0,0.14018945,PT3600S
2022-03-01 01:00:00,884364.0,0.24696387,PT3600S
2022-03-01 01:00:00,884365.0,0.14531195,PT3600S
2022-03-01 01:00:00,884366.0,0.23885,PT3600S
2022-03-01 01:00:00,884367.0,0.10049694,PT3600S
2022-03-01 01:00:00,884368.0,0.14291,PT3600S
2022-03-01 01:00:00,884369.0,0.28848779,PT3600S
2022-03-01 01:00:00,884370.0,0.22623195,PT3600S
2022-03-01 01:00:00,884371.0,0.21918333,PT3600S
2022-03-01 01:00:00,884372.0,0.095764443,PT3600S
2022-03-01 01:00:00,884374.0,0.13815305,PT3600S
2022-03-01 01:00:00,884375.0,0.21249223,PT3600S
2022-03-01 01:00:00,884376.0,0.2905342,PT3600S
2022-03-01 01:00:00,884377.0,0.096383885,PT3600S
2022-03-01 01:00:00,884378.0,0.18967444,PT3600S
2022-03-01 01:00:00,884379.0,0.14682639,PT3600S
2022-03-01 01:00:00,884380.0,0.16765806,PT3600S
2022-03-01 01:00:00,884381.0,0.10134416,PT3600S
2022-03-01 01:00:00,884382.0,0.2623136,PT3600S
2022-03-01 01:00:00,884383.0,0.12788695,PT3600S
2022-03-01 01:00:00,884384.0,0.11073028,PT3600S
2022-03-01 01:00:00,884385.0,0.098146111,PT3600S
2022-03-01 01:00:00,884386.0,0.23063944,PT3600S
2022-03-01 01:00:00,884387.0,0.1025175,PT3600S
2022-03-01 01:00:00,884388.0,0.23745,PT3600S
2022-03-01 01:00:00,884389.0,0.2010161,PT3600S
2022-03-01 01:00:00,884390.0,0.19181222,PT3600S
2022-03-01 01:00:00,884391.0,0.23230889,PT3600S
2022-03-01 01:00:00,884392.0,0.15098888,PT3600S
2022-03-01 01:00:00,884393.0,0.10507056,PT3600S
2022-03-01 01:00:00,884394.0,0.098823607,PT3600S
2022-03-01 01:00:00,884395.0,0.14972445,PT3600S
2022-03-01 01:00:00,884396.0,0.27806526,PT3600S
2022-03-01 01:00:00,884397.0,0.25849056,PT3600S
2022-03-01 01:00:00,884398.0,0.18499361,PT3600S
2022-03-01 01:00:00,884399.0,0.25950193,PT3600S
2022-03-01 01:00:00,884400.0,0.11241667,PT3600S
2022-03-01 01:00:00,884401.0,0.13922307,PT3600S
2022-03-01 01:00:00,884402.0,0.21977861,PT3600S
2022-03-01 01:00:00,884403.0,0.25420195,PT3600S
2022-03-01 01:00:00,884405.0,0.28730667,PT3600S
2022-03-01 01:00:00,884406.0,0.29116306,PT3600S
2022-03-01 01:00:00,884407.0,0.096608892,PT3600S
2022-03-01 01:00:00,884408.0,0.10364194,PT3600S
2022-03-01 01:00:00,884409.0,0.14517418,PT3600S
2022-03-01 01:00:00,884410.0,0.29960334,PT3600S
2022-03-01 01:00:00,884411.0,0.10158417,PT3600S
2022-03-01 01:00:00,884412.0,0.2958225,PT3600S
2022-03-01 01:00:00,884413.0,0.27601418,PT3600S
2022-03-01 01:00:00,884414.0,0.14568555,PT3600S
2022-03-01 01:00:00,884416.0,0.1466925,PT3600S
2022-03-01 01:00:00,884417.0,0.25776613,PT3600S
2022-03-01 01:00:00,884418.0,0.11383333,PT3600S
2022-03-01 01:00:00,884419.0,0.15230249,PT3600S
2022-03-01 01:00:00,884420.0,0.14144361,PT3600S
2022-03-01 01:00:00,884421.0,0.15573333,PT3600S
2022-03-01 01:00:00,884422.0,0.15701444,PT3600S
2022-03-01 01:00:00,884423.0,0.16580001,PT3600S
2022-03-01 01:00:00,884424.0,0.14195666,PT3600S
2022-03-01 01:00:00,884425.0,0.10532222,PT3600S
2022-03-01 01:00:00,884426.0,0.15845001,PT3600S
2022-03-01 01:00:00,884427.0,0.11595722,PT3600S
2022-03-01 01:00:00,884428.0,0.14598499,PT3600S
2022-03-01 01:00:00,884429.0,0.11297111,PT3600S
2022-03-01 01:00:00,884430.0,0.14562777,PT3600S
2022-03-01 01:00:00,884431.0,0.14833277,PT3600S
2022-03-01 01:00:00,884432.0,0.23347029,PT3600S
2022-03-01 01:00:00,884434.0,0.27031666,PT3600S
2022-03-01 01:00:00,884435.0,0.1059461,PT3600S
2022-03-01 01:00:00,884436.0,0.2796486,PT3600S
2022-03-01 01:00:00,884437.0,0.14594668,PT3600S
2022-03-01 01:00:00,884438.0,0.24003722,PT3600S
2022-03-01 01:00:00,884439.0,0.10081583,PT3600S
2022-03-01 01:00:00,884440.0,0.1612314,PT3600S
2022-03-01 01:00:00,884441.0,0.099627778,PT3600S
2022-03-01 01:00:00,884442.0,0.14120805,PT3600S
2022-03-01 01:00:00,884443.0,0.14234889,PT3600S
2022-03-01 01:00:00,884444.0,0.10004249,PT3600S
2022-03-01 01:00:00,884446.0,0.13895777,PT3600S
2022-03-01 01:00:00,884447.0,0.2482,PT3600S
2022-03-01 01:00:00,884448.0,0.14008389,PT3600S
2022-03-01 01:00:00,884449.0,0.16795221,PT3600S
2022-03-01 01:00:00,884450.0,0.14445028,PT3600S
2022-03-01 01:00:00,884451.0,0.25857639,PT3600S
2022-03-01 01:00:00,884452.0,0.1021186,PT3600S
2022-03-01 01:00:00,884453.0,0.11381055,PT3600S
2022-03-01 01:00:00,884454.0,0.10803083,PT3600S
2022-03-01 01:00:00,884455.0,0.19330361,PT3600S
2022-03-01 01:00:00,884456.0,0.13901666,PT3600S
2022-03-01 01:00:00,884457.0,0.27788609,PT3600S
2022-03-01 01:00:00,884458.0,0.10346305,PT3600S
2022-03-01 01:00:00,884459.0,0.17250139,PT3600S
2022-03-01 01:00:00,884460.0,0.155835,PT3600S
2022-03-01 01:00:00,884461.0,0.20263889,PT3600S
2022-03-01 01:00:00,884463.0,0.1380036,PT3600S
2022-03-01 01:00:00,884464.0,0.11191667,PT3600S
2022-03-01 01:00:00,884465.0,0.17505389,PT3600S
2022-03-01 01:00:00,884466.0,0.23043306,PT3600S
2022-03-01 01:00:00,884467.0,0.1376,PT3600S
2022-03-01 01:00:00,884468.0,0.15048,PT3600S
2022-03-01 01:00:00,884469.0,0.13676694,PT3600S
2022-03-01 01:00:00,884470.0,0.15331694,PT3600S
2022-03-01 01:00:00,884471.0,0.2406975,PT3600S
2022-03-01 01:00:00,884472.0,0.15824917,PT3600S
2022-03-01 01:00:00,884473.0,0.24499972,PT3600S
2022-03-01 01:00:00,884474.0,0.093653053,PT3600S
2022-03-01 01:00:00,884475.0,0.24117056,PT3600S
2022-03-01 01:00:00,884476.0,0.14529333,PT3600S
2022-03-01 01:00:00,884477.0,0.11833223,PT3600S
2022-03-01 01:00:00,884478.0,0.26197582,PT3600S
2022-03-01 01:00:00,884479.0,0.26494557,PT3600S
2022-03-01 01:00:00,884480.0,0.2507053,PT3600S
2022-03-01 01:00:00,884481.0,0.26887554,PT3600S
2022-03-01 01:00:00,884482.0,0.2841675,PT3600S
2022-03-01 01:00:00,884483.0,0.23531528,PT3600S
2022-03-01 01:00:00,884484.0,0.29450303,PT3600S
2022-03-01 01:00:00,884485.0,0.11833,PT3600S
2022-03-01 01:00:00,884486.0,0.13793972,PT3600S
2022-03-01 01:00:00,884602.0,0.14617334,PT3600S
2022-03-01 01:00:00,884603.0,0.10206667,PT3600S
2022-03-01 02:00:00,874062.0,0.13926806,PT3600S
2022-03-01 02:00:00,884285.0,0.31471223,PT3600S
2022-03-01 02:00:00,884286.0,0.097444437,PT3600S
2022-03-01 02:00:00,884287.0,0.10690777,PT3600S
2022-03-01 02:00:00,884288.0,0.14703667,PT3600S
2022-03-01 02:00:00,884289.0,0.29756749,PT3600S
2022-03-01 02:00:00,884290.0,0.27260891,PT3600S
2022-03-01 02:00:00,884291.0,0.20708168,PT3600S
2022-03-01 02:00:00,884292.0,0.2320675,PT3600S
2022-03-01 02:00:00,884293.0,0.14130361,PT3600S
2022-03-01 02:00:00,884294.0,0.085133888,PT3600S
2022-03-01 02:00:00,884295.0,0.13965777,PT3600S
2022-03-01 02:00:00,884296.0,0.11882472,PT3600S
2022-03-01 02:00:00,884297.0,0.09752278,PT3600S
2022-03-01 02:00:00,884298.0,0.11025444,PT3600S
2022-03-01 02:00:00,884299.0,0.19739,PT3600S
2022-03-01 02:00:00,884300.0,0.13781695,PT3600S
2022-03-01 02:00:00,884301.0,0.22334835,PT3600S
2022-03-01 02:00:00,884302.0,0.11948334,PT3600S
2022-03-01 02:00:00,884303.0,0.30468944,PT3600S
2022-03-01 02:00:00,884304.0,0.11856554,PT3600S
2022-03-01 02:00:00,884305.0,0.15559223,PT3600S
2022-03-01 02:00:00,884306.0,0.3279472,PT3600S
2022-03-01 02:00:00,884307.0,0.27821332,PT3600S
2022-03-01 02:00:00,884308.0,0.17726694,PT3600S
2022-03-01 02:00:00,884309.0,0.14988388,PT3600S
2022-03-01 02:00:00,884310.0,0.15013,PT3600S
2022-03-01 02:00:00,884311.0,0.14174111,PT3600S
2022-03-01 02:00:00,884312.0,0.31101722,PT3600S
2022-03-01 02:00:00,884313.0,0.28083861,PT3600S
2022-03-01 02:00:00,884314.0,0.13776083,PT3600S
2022-03-01 02:00:00,884315.0,0.10716388,PT3600S
2022-03-01 02:00:00,884316.0,0.098905832,PT3600S
2022-03-01 02:00:00,884317.0,0.30792361,PT3600S
2022-03-01 02:00:00,884318.0,0.24973333,PT3600S
2022-03-01 02:00:00,884319.0,0.33915725,PT3600S
2022-03-01 02:00:00,884320.0,0.14397751,PT3600S
2022-03-01 02:00:00,884321.0,0.27361387,PT3600S
2022-03-01 02:00:00,884322.0,0.31231833,PT3600S
2022-03-01 02:00:00,884323.0,0.13548556,PT3600S
2022-03-01 02:00:00,884324.0,0.31044111,PT3600S
2022-03-01 02:00:00,884325.0,0.14094695,PT3600S
2022-03-01 02:00:00,884326.0,0.098250829,PT3600S
2022-03-01 02:00:00,884327.0,0.14055917,PT3600S
2022-03-01 02:00:00,884328.0,0.11115555,PT3600S
2022-03-01 02:00:00,884329.0,0.1194775,PT3600S
2022-03-01 02:00:00,884330.0,0.28614417,PT3600S
2022-03-01 02:00:00,884331.0,0.30903834,PT3600S
2022-03-01 02:00:00,884332.0,0.27803862,PT3600S
2022-03-01 02:00:00,884333.0,0.2348336,PT3600S
2022-03-01 02:00:00,884334.0,0.093902782,PT3600S
2022-03-01 02:00:00,884335.0,0.29925641,PT3600S
2022-03-01 02:00:00,884336.0,0.26085919,PT3600S
2022-03-01 02:00:00,884337.0,0.25836667,PT3600S
2022-03-01 02:00:00,884338.0,0.2555964,PT3600S
2022-03-01 02:00:00,884339.0,0.26090139,PT3600S
2022-03-01 02:00:00,884340.0,0.11352861,PT3600S
2022-03-01 02:00:00,884341.0,0.17046499,PT3600S
2022-03-01 02:00:00,884342.0,0.23919138,PT3600S
2022-03-01 02:00:00,884343.0,0.23731223,PT3600S
2022-03-01 02:00:00,884344.0,0.13929139,PT3600S
2022-03-01 02:00:00,884345.0,0.23844999,PT3600S
2022-03-01 02:00:00,884346.0,0.26998889,PT3600S
2022-03-01 02:00:00,884347.0,0.10490139,PT3600S
2022-03-01 02:00:00,884348.0,0.15460473,PT3600S
2022-03-01 02:00:00,884349.0,0.25648195,PT3600S
2022-03-01 02:00:00,884350.0,0.14951472,PT3600S
2022-03-01 02:00:00,884351.0,0.26128611,PT3600S
2022-03-01 02:00:00,884352.0,0.10795528,PT3600S
2022-03-01 02:00:00,884353.0,0.20766832,PT3600S
2022-03-01 02:00:00,884354.0,0.14517748,PT3600S
2022-03-01 02:00:00,884355.0,0.21555001,PT3600S
2022-03-01 02:00:00,884356.0,0.14557973,PT3600S
2022-03-01 02:00:00,884357.0,0.10956778,PT3600S
2022-03-01 02:00:00,884358.0,0.19013582,PT3600S
2022-03-01 02:00:00,884359.0,0.30111611,PT3600S
2022-03-01 02:00:00,884360.0,0.14212056,PT3600S
2022-03-01 02:00:00,884361.0,0.097643062,PT3600S
2022-03-01 02:00:00,884362.0,0.087654725,PT3600S
2022-03-01 02:00:00,884363.0,0.13971694,PT3600S
2022-03-01 02:00:00,884364.0,0.2467861,PT3600S
2022-03-01 02:00:00,884365.0,0.14532527,PT3600S
2022-03-01 02:00:00,884366.0,0.23696777,PT3600S
2022-03-01 02:00:00,884367.0,0.076042779,PT3600S
2022-03-01 02:00:00,884368.0,0.14457417,PT3600S
2022-03-01 02:00:00,884369.0,0.28762141,PT3600S
2022-03-01 02:00:00,884370.0,0.22948194,PT3600S
2022-03-01 02:00:00,884371.0,0.21918333,PT3600S
2022-03-01 02:00:00,884372.0,0.095758334,PT3600S
2022-03-01 02:00:00,884374.0,0.13815445,PT3600S
2022-03-01 02:00:00,884375.0,0.21052334,PT3600S
2022-03-01 02:00:00,884376.0,0.29012805,PT3600S
2022-03-01 02:00:00,884377.0,0.096443057,PT3600S
2022-03-01 02:00:00,884378.0,0.18966751,PT3600S
2022-03-01 02:00:00,884379.0,0.14654306,PT3600S
2022-03-01 02:00:00,884380.0,0.13223222,PT3600S
2022-03-01 02:00:00,884381.0,0.10074166,PT3600S
2022-03-01 02:00:00,884382.0,0.26197472,PT3600S
2022-03-01 02:00:00,884383.0,0.12790418,PT3600S
2022-03-01 02:00:00,884384.0,0.11071278,PT3600S
2022-03-01 02:00:00,884385.0,0.098148055,PT3600S
2022-03-01 02:00:00,884386.0,0.24031083,PT3600S
2022-03-01 02:00:00,884387.0,0.10381944,PT3600S
2022-03-01 02:00:00,884388.0,0.23566583,PT3600S
2022-03-01 02:00:00,884389.0,0.20099612,PT3600S
2022-03-01 02:00:00,884390.0,0.18860473,PT3600S
2022-03-01 02:00:00,884391.0,0.23562612,PT3600S
2022-03-01 02:00:00,884392.0,0.15098111,PT3600S
2022-03-01 02:00:00,884393.0,0.10507528,PT3600S
2022-03-01 02:00:00,884394.0,0.098200276,PT3600S
2022-03-01 02:00:00,884395.0,0.14957333,PT3600S
2022-03-01 02:00:00,884396.0,0.27476305,PT3600S
2022-03-01 02:00:00,884397.0,0.25850889,PT3600S
2022-03-01 02:00:00,884398.0,0.18500473,PT3600S
2022-03-01 02:00:00,884399.0,0.263515,PT3600S
2022-03-01 02:00:00,884400.0,0.11241667,PT3600S
2022-03-01 02:00:00,884401.0,0.1392214,PT3600S
2022-03-01 02:00:00,884402.0,0.21913332,PT3600S
2022-03-01 02:00:00,884403.0,0.25420555,PT3600S
2022-03-01 02:00:00,884404.0,0.080092221,PT3600S
2022-03-01 02:00:00,884405.0,0.28740084,PT3600S
2022-03-01 02:00:00,884406.0,0.29036444,PT3600S
2022-03-01 02:00:00,884407.0,0.096638612,PT3600S
2022-03-01 02:00:00,884408.0,0.10363805,PT3600S
2022-03-01 02:00:00,884409.0,0.1451764,PT3600S
2022-03-01 02:00:00,884410.0,0.29763365,PT3600S
2022-03-01 02:00:00,884411.0,0.079032227,PT3600S
2022-03-01 02:00:00,884412.0,0.29549247,PT3600S
2022-03-01 02:00:00,884413.0,0.27650473,PT3600S
2022-03-01 02:00:00,884414.0,0.14523223,PT3600S
2022-03-01 02:00:00,884416.0,0.14668971,PT3600S
2022-03-01 02:00:00,884417.0,0.25861222,PT3600S
2022-03-01 02:00:00,884418.0,0.11383333,PT3600S
2022-03-01 02:00:00,884419.0,0.15117334,PT3600S
2022-03-01 02:00:00,884420.0,0.14171249,PT3600S
2022-03-01 02:00:00,884421.0,0.15573333,PT3600S
2022-03-01 02:00:00,884422.0,0.1570075,PT3600S
2022-03-01 02:00:00,884423.0,0.16579972,PT3600S
2022-03-01 02:00:00,884424.0,0.14066473,PT3600S
2022-03-01 02:00:00,884425.0,0.10532445,PT3600S
2022-03-01 02:00:00,884426.0,0.15845001,PT3600S
2022-03-01 02:00:00,884427.0,0.11609194,PT3600S
2022-03-01 02:00:00,884428.0,0.14452082,PT3600S
2022-03-01 02:00:00,884429.0,0.1129775,PT3600S
2022-03-01 02:00:00,884430.0,0.14458862,PT3600S
2022-03-01 02:00:00,884431.0,0.14833251,PT3600S
2022-03-01 02:00:00,884432.0,0.23112389,PT3600S
2022-03-01 02:00:00,884434.0,0.26996082,PT3600S
2022-03-01 02:00:00,884435.0,0.10594278,PT3600S
2022-03-01 02:00:00,884436.0,0.28084472,PT3600S
2022-03-01 02:00:00,884437.0,0.14626555,PT3600S
2022-03-01 02:00:00,884438.0,0.23987834,PT3600S
2022-03-01 02:00:00,884439.0,0.10072361,PT3600S
2022-03-01 02:00:00,884440.0,0.16124195,PT3600S
2022-03-01 02:00:00,884441.0,0.09962333,PT3600S
2022-03-01 02:00:00,884442.0,0.13886,PT3600S
2022-03-01 02:00:00,884443.0,0.14189416,PT3600S
2022-03-01 02:00:00,884444.0,0.10004249,PT3600S
2022-03-01 02:00:00,884446.0,0.13894805,PT3600S
2022-03-01 02:00:00,884447.0,0.2482,PT3600S
2022-03-01 02:00:00,884448.0,0.13857001,PT3600S
2022-03-01 02:00:00,884449.0,0.16765305,PT3600S
2022-03-01 02:00:00,884450.0,0.14346695,PT3600S
2022-03-01 02:00:00,884451.0,0.25757611,PT3600S
2022-03-01 02:00:00,884452.0,0.10240889,PT3600S
2022-03-01 02:00:00,884453.0,0.11574194,PT3600S
2022-03-01 02:00:00,884454.0,0.096969448,PT3600S
2022-03-01 02:00:00,884455.0,0.19306166,PT3600S
2022-03-01 02:00:00,884456.0,0.13881861,PT3600S
2022-03-01 02:00:00,884457.0,0.2770575,PT3600S
2022-03-01 02:00:00,884458.0,0.10345556,PT3600S
2022-03-01 02:00:00,884459.0,0.17136666,PT3600S
2022-03-01 02:00:00,884460.0,0.15560111,PT3600S
2022-03-01 02:00:00,884461.0,0.20188361,PT3600S
2022-03-01 02:00:00,884463.0,0.1368264,PT3600S
2022-03-01 02:00:00,884464.0,0.11191667,PT3600S
2022-03-01 02:00:00,884465.0,0.1750575,PT3600S
2022-03-01 02:00:00,884466.0,0.23043111,PT3600S
2022-03-01 02:00:00,884467.0,0.1376,PT3600S
2022-03-01 02:00:00,884468.0,0.15067473,PT3600S
2022-03-01 02:00:00,884469.0,0.13669528,PT3600S
2022-03-01 02:00:00,884470.0,0.15258889,PT3600S
2022-03-01 02:00:00,884471.0,0.24009222,PT3600S
2022-03-01 02:00:00,884472.0,0.15726805,PT3600S
2022-03-01 02:00:00,884473.0,0.24499999,PT3600S
2022-03-01 02:00:00,884474.0,0.093642503,PT3600S
2022-03-01 02:00:00,884475.0,0.23919222,PT3600S
2022-03-01 02:00:00,884476.0,0.14472139,PT3600S
2022-03-01 02:00:00,884477.0,0.11997584,PT3600S
2022-03-01 02:00:00,884478.0,0.25839695,PT3600S
2022-03-01 02:00:00,884479.0,0.26539725,PT3600S
2022-03-01 02:00:00,884480.0,0.25043002,PT3600S
2022-03-01 02:00:00,884481.0,0.26867276,PT3600S
2022-03-01 02:00:00,884482.0,0.28365692,PT3600S
2022-03-01 02:00:00,884483.0,0.23477972,PT3600S
2022-03-01 02:00:00,884484.0,0.29385999,PT3600S
2022-03-01 02:00:00,884485.0,0.11833222,PT3600S
2022-03-01 02:00:00,884486.0,0.13788778,PT3600S
2022-03-01 02:00:00,884602.0,0.14600527,PT3600S
2022-03-01 02:00:00,884603.0,0.10038029,PT3600S
2022-03-01 03:00:00,874062.0,0.13927056,PT3600S
2022-03-01 03:00:00,884285.0,0.31533307,PT3600S
2022-03-01 03:00:00,884286.0,0.097443335,PT3600S
2022-03-01 03:00:00,884287.0,0.1421614,PT3600S
2022-03-01 03:00:00,884288.0,0.14720027,PT3600S
2022-03-01 03:00:00,884289.0,0.29776138,PT3600S
2022-03-01 03:00:00,884290.0,0.27042609,PT3600S
2022-03-01 03:00:00,884291.0,0.20709139,PT3600S
2022-03-01 03:00:00,884292.0,0.23198278,PT3600S
2022-03-01 03:00:00,884293.0,0.14151084,PT3600S
2022-03-01 03:00:00,884294.0,0.10445,PT3600S
2022-03-01 03:00:00,884295.0,0.1396475,PT3600S
2022-03-01 03:00:00,884296.0,0.11882222,PT3600S
2022-03-01 03:00:00,884297.0,0.096867502,PT3600S
2022-03-01 03:00:00,884298.0,0.11002917,PT3600S
2022-03-01 03:00:00,884299.0,0.19838473,PT3600S
2022-03-01 03:00:00,884300.0,0.137815,PT3600S
2022-03-01 03:00:00,884301.0,0.22327472,PT3600S
2022-03-01 03:00:00,884302.0,0.11948334,PT3600S
2022-03-01 03:00:00,884303.0,0.30466333,PT3600S
2022-03-01 03:00:00,884304.0,0.11868805,PT3600S
2022-03-01 03:00:00,884305.0,0.15579444,PT3600S
2022-03-01 03:00:00,884306.0,0.32792222,PT3600S
2022-03-01 03:00:00,884307.0,0.27795306,PT3600S
2022-03-01 03:00:00,884308.0,0.21784693,PT3600S
2022-03-01 03:00:00,884309.0,0.14965999,PT3600S
2022-03-01 03:00:00,884310.0,0.14697111,PT3600S
2022-03-01 03:00:00,884311.0,0.14413862,PT3600S
2022-03-01 03:00:00,884312.0,0.31108612,PT3600S
2022-03-01 03:00:00,884313.0,0.27995169,PT3600S
2022-03-01 03:00:00,884314.0,0.13677168,PT3600S
2022-03-01 03:00:00,884315.0,0.10701445,PT3600S
2022-03-01 03:00:00,884316.0,0.099080279,PT3600S
2022-03-01 03:00:00,884317.0,0.30237252,PT3600S
2022-03-01 03:00:00,884318.0,0.24973333,PT3600S
2022-03-01 03:00:00,884319.0,0.34126776,PT3600S
2022-03-01 03:00:00,884320.0,0.14161944,PT3600S
2022-03-01 03:00:00,884321.0,0.2733086,PT3600S
2022-03-01 03:00:00,884322.0,0.31355804,PT3600S
2022-03-01 03:00:00,884323.0,0.13529195,PT3600S
2022-03-01 03:00:00,884324.0,0.30915222,PT3600S
2022-03-01 03:00:00,884325.0,0.14094944,PT3600S
2022-03-01 03:00:00,884326.0,0.098268613,PT3600S
2022-03-01 03:00:00,884327.0,0.1405611,PT3600S
2022-03-01 03:00:00,884328.0,0.11114806,PT3600S
2022-03-01 03:00:00,884329.0,0.11949944,PT3600S
2022-03-01 03:00:00,884330.0,0.28567168,PT3600S
2022-03-01 03:00:00,884331.0,0.30702278,PT3600S
2022-03-01 03:00:00,884332.0,0.27771556,PT3600S
2022-03-01 03:00:00,884333.0,0.23483333,PT3600S
2022-03-01 03:00:00,884334.0,0.095675558,PT3600S
2022-03-01 03:00:00,884335.0,0.29835165,PT3600S
2022-03-01 03:00:00,884336.0,0.26067138,PT3600S
2022-03-01 03:00:00,884337.0,0.25836667,PT3600S
2022-03-01 03:00:00,884338.0,0.25523669,PT3600S
2022-03-01 03:00:00,884339.0,0.25922948,PT3600S
2022-03-01 03:00:00,884340.0,0.146005,PT3600S
2022-03-01 03:00:00,884341.0,0.1694636,PT3600S
2022-03-01 03:00:00,884342.0,0.23873332,PT3600S
2022-03-01 03:00:00,884343.0,0.2373139,PT3600S
2022-03-01 03:00:00,884344.0,0.13912639,PT3600S
2022-03-01 03:00:00,884345.0,0.23845027,PT3600S
2022-03-01 03:00:00,884346.0,0.26925585,PT3600S
2022-03-01 03:00:00,884347.0,0.10496083,PT3600S
2022-03-01 03:00:00,884348.0,0.15425111,PT3600S
2022-03-01 03:00:00,884349.0,0.25593334,PT3600S
2022-03-01 03:00:00,884350.0,0.14892471,PT3600S
2022-03-01 03:00:00,884351.0,0.26066777,PT3600S
2022-03-01 03:00:00,884352.0,0.10795972,PT3600S
2022-03-01 03:00:00,884353.0,0.20751086,PT3600S
2022-03-01 03:00:00,884354.0,0.14465305,PT3600S
2022-03-01 03:00:00,884355.0,0.21555001,PT3600S
2022-03-01 03:00:00,884356.0,0.14531693,PT3600S
2022-03-01 03:00:00,884357.0,0.11141667,PT3600S
2022-03-01 03:00:00,884358.0,0.18824223,PT3600S
2022-03-01 03:00:00,884359.0,0.30039221,PT3600S
2022-03-01 03:00:00,884360.0,0.1411625,PT3600S
2022-03-01 03:00:00,884361.0,0.097227499,PT3600S
2022-03-01 03:00:00,884362.0,0.08725667,PT3600S
2022-03-01 03:00:00,884363.0,0.13971806,PT3600S
2022-03-01 03:00:00,884364.0,0.24419056,PT3600S
2022-03-01 03:00:00,884365.0,0.14531639,PT3600S
2022-03-01 03:00:00,884366.0,0.23633333,PT3600S
2022-03-01 03:00:00,884367.0,0.10478472,PT3600S
2022-03-01 03:00:00,884368.0,0.1438425,PT3600S
2022-03-01 03:00:00,884369.0,0.28734529,PT3600S
2022-03-01 03:00:00,884370.0,0.22910999,PT3600S
2022-03-01 03:00:00,884371.0,0.21918333,PT3600S
2022-03-01 03:00:00,884372.0,0.095760286,PT3600S
2022-03-01 03:00:00,884373.0,0.076233611,PT3600S
2022-03-01 03:00:00,884374.0,0.13816583,PT3600S
2022-03-01 03:00:00,884375.0,0.21096139,PT3600S
2022-03-01 03:00:00,884376.0,0.29009417,PT3600S
2022-03-01 03:00:00,884377.0,0.095754713,PT3600S
2022-03-01 03:00:00,884378.0,0.18820249,PT3600S
2022-03-01 03:00:00,884379.0,0.14653471,PT3600S
2022-03-01 03:00:00,884380.0,0.16925168,PT3600S
2022-03-01 03:00:00,884381.0,0.015145278,PT3600S
2022-03-01 03:00:00,884382.0,0.26214308,PT3600S
2022-03-01 03:00:00,884383.0,0.12790862,PT3600S
2022-03-01 03:00:00,884384.0,0.11071584,PT3600S
2022-03-01 03:00:00,884385.0,0.098143898,PT3600S
2022-03-01 03:00:00,884386.0,0.23673584,PT3600S
2022-03-01 03:00:00,884387.0,0.10381556,PT3600S
2022-03-01 03:00:00,884388.0,0.23566666,PT3600S
2022-03-01 03:00:00,884389.0,0.20101056,PT3600S
2022-03-01 03:00:00,884390.0,0.19179611,PT3600S
2022-03-01 03:00:00,884391.0,0.2349022,PT3600S
2022-03-01 03:00:00,884392.0,0.15098529,PT3600S
2022-03-01 03:00:00,884393.0,0.1048625,PT3600S
2022-03-01 03:00:00,884394.0,0.098114997,PT3600S
2022-03-01 03:00:00,884395.0,0.14883555,PT3600S
2022-03-01 03:00:00,884396.0,0.27410722,PT3600S
2022-03-01 03:00:00,884397.0,0.25634247,PT3600S
2022-03-01 03:00:00,884398.0,0.18419388,PT3600S
2022-03-01 03:00:00,884399.0,0.26310664,PT3600S
2022-03-01 03:00:00,884400.0,0.11241667,PT3600S
2022-03-01 03:00:00,884401.0,0.13922,PT3600S
2022-03-01 03:00:00,884402.0,0.21913332,PT3600S
2022-03-01 03:00:00,884403.0,0.25404388,PT3600S
2022-03-01 03:00:00,884404.0,0.094597504,PT3600S
2022-03-01 03:00:00,884405.0,0.28705472,PT3600S
2022-03-01 03:00:00,884406.0,0.29031804,PT3600S
2022-03-01 03:00:00,884407.0,0.096665829,PT3600S
2022-03-01 03:00:00,884408.0,0.10364805,PT3600S
2022-03-01 03:00:00,884409.0,0.14517361,PT3600S
2022-03-01 03:00:00,884410.0,0.29095304,PT3600S
2022-03-01 03:00:00,884411.0,0.10618362,PT3600S
2022-03-01 03:00:00,884412.0,0.29466417,PT3600S
2022-03-01 03:00:00,884413.0,0.27839637,PT3600S
2022-03-01 03:00:00,884414.0,0.14245695,PT3600S
2022-03-01 03:00:00,884416.0,0.14668472,PT3600S
2022-03-01 03:00:00,884417.0,0.25676501,PT3600S
2022-03-01 03:00:00,884418.0,0.11383333,PT3600S
2022-03-01 03:00:00,884419.0,0.15117389,PT3600S
2022-03-01 03:00:00,884420.0,0.14273749,PT3600S
2022-03-01 03:00:00,884421.0,0.15538056,PT3600S
2022-03-01 03:00:00,884422.0,0.1563161,PT3600S
2022-03-01 03:00:00,884423.0,0.16580001,PT3600S
2022-03-01 03:00:00,884424.0,0.14058556,PT3600S
2022-03-01 03:00:00,884425.0,0.10531917,PT3600S
2022-03-01 03:00:00,884426.0,0.15845001,PT3600S
2022-03-01 03:00:00,884427.0,0.11607417,PT3600S
2022-03-01 03:00:00,884428.0,0.14447667,PT3600S
2022-03-01 03:00:00,884429.0,0.11297194,PT3600S
2022-03-01 03:00:00,884430.0,0.1445975,PT3600S
2022-03-01 03:00:00,884431.0,0.14765666,PT3600S
2022-03-01 03:00:00,884432.0,0.23112528,PT3600S
2022-03-01 03:00:00,884434.0,0.27009803,PT3600S
2022-03-01 03:00:00,884435.0,0.10594389,PT3600S
2022-03-01 03:00:00,884436.0,0.28059,PT3600S
2022-03-01 03:00:00,884437.0,0.146255,PT3600S
2022-03-01 03:00:00,884438.0,0.23902445,PT3600S
2022-03-01 03:00:00,884439.0,0.10074556,PT3600S
2022-03-01 03:00:00,884440.0,0.16059276,PT3600S
2022-03-01 03:00:00,884441.0,0.099625006,PT3600S
2022-03-01 03:00:00,884442.0,0.14081362,PT3600S
2022-03-01 03:00:00,884443.0,0.14090389,PT3600S
2022-03-01 03:00:00,884444.0,0.10004528,PT3600S
2022-03-01 03:00:00,884446.0,0.13854945,PT3600S
2022-03-01 03:00:00,884447.0,0.2482,PT3600S
2022-03-01 03:00:00,884448.0,0.13851082,PT3600S
2022-03-01 03:00:00,884449.0,0.16765583,PT3600S
2022-03-01 03:00:00,884450.0,0.14339888,PT3600S
2022-03-01 03:00:00,884451.0,0.25590026,PT3600S
2022-03-01 03:00:00,884452.0,0.10242778,PT3600S
2022-03-01 03:00:00,884453.0,0.11573917,PT3600S
2022-03-01 03:00:00,884454.0,0.10761362,PT3600S
2022-03-01 03:00:00,884455.0,0.19304612,PT3600S
2022-03-01 03:00:00,884456.0,0.13878167,PT3600S
2022-03-01 03:00:00,884457.0,0.27672169,PT3600S
2022-03-01 03:00:00,884458.0,0.10346083,PT3600S
2022-03-01 03:00:00,884459.0,0.17136666,PT3600S
2022-03-01 03:00:00,884460.0,0.15489417,PT3600S
2022-03-01 03:00:00,884461.0,0.20038334,PT3600S
2022-03-01 03:00:00,884463.0,0.13673556,PT3600S
2022-03-01 03:00:00,884464.0,0.11191667,PT3600S
2022-03-01 03:00:00,884465.0,0.1750675,PT3600S
2022-03-01 03:00:00,884466.0,0.22916055,PT3600S
2022-03-01 03:00:00,884467.0,0.1376,PT3600S
2022-03-01 03:00:00,884468.0,0.15067028,PT3600S
2022-03-01 03:00:00,884469.0,0.13670945,PT3600S
2022-03-01 03:00:00,884470.0,0.15221362,PT3600S
2022-03-01 03:00:00,884471.0,0.23959695,PT3600S
2022-03-01 03:00:00,884472.0,0.15672055,PT3600S
2022-03-01 03:00:00,884473.0,0.24499999,PT3600S
2022-03-01 03:00:00,884474.0,0.09364222,PT3600S
2022-03-01 03:00:00,884475.0,0.23922667,PT3600S
2022-03-01 03:00:00,884476.0,0.14383,PT3600S
2022-03-01 03:00:00,884477.0,0.11982222,PT3600S
2022-03-01 03:00:00,884478.0,0.25544637,PT3600S
2022-03-01 03:00:00,884479.0,0.26538557,PT3600S
2022-03-01 03:00:00,884480.0,0.24989414,PT3600S
2022-03-01 03:00:00,884481.0,0.2683692,PT3600S
2022-03-01 03:00:00,884482.0,0.28285778,PT3600S
2022-03-01 03:00:00,884483.0,0.23430611,PT3600S
2022-03-01 03:00:00,884484.0,0.29329196,PT3600S
2022-03-01 03:00:00,884485.0,0.11832667,PT3600S
2022-03-01 03:00:00,884486.0,0.1364886,PT3600S
2022-03-01 03:00:00,884602.0,0.14553334,PT3600S
2022-03-01 03:00:00,884603.0,0.10288694,PT3600S
2022-03-01 04:00:00,874062.0,0.1392675,PT3600S
2022-03-01 04:00:00,884285.0,0.31535947,PT3600S
2022-03-01 04:00:00,884286.0,0.097440004,PT3600S
2022-03-01 04:00:00,884287.0,0.14080751,PT3600S
2022-03-01 04:00:00,884288.0,0.14763139,PT3600S
2022-03-01 04:00:00,884289.0,0.29774278,PT3600S
2022-03-01 04:00:00,884290.0,0.26974833,PT3600S
2022-03-01 04:00:00,884291.0,0.20706445,PT3600S
2022-03-01 04:00:00,884292.0,0.23133388,PT3600S
2022-03-01 04:00:00,884293.0,0.14148501,PT3600S
2022-03-01 04:00:00,884294.0,0.10445,PT3600S
2022-03-01 04:00:00,884295.0,0.13966084,PT3600S
2022-03-01 04:00:00,884296.0,0.11881695,PT3600S
2022-03-01 04:00:00,884297.0,0.096859172,PT3600S
2022-03-01 04:00:00,884298.0,0.11002472,PT3600S
2022-03-01 04:00:00,884299.0,0.19825722,PT3600S
2022-03-01 04:00:00,884300.0,0.13782027,PT3600S
2022-03-01 04:00:00,884301.0,0.22306332,PT3600S
2022-03-01 04:00:00,884302.0,0.11948334,PT3600S
2022-03-01 04:00:00,884303.0,0.30488306,PT3600S
2022-03-01 04:00:00,884304.0,0.11869027,PT3600S
2022-03-01 04:00:00,884305.0,0.15581472,PT3600S
2022-03-01 04:00:00,884306.0,0.32792526,PT3600S
2022-03-01 04:00:00,884307.0,0.27806333,PT3600S
2022-03-01 04:00:00,884308.0,0.21783835,PT3600S
2022-03-01 04:00:00,884309.0,0.14952695,PT3600S
2022-03-01 04:00:00,884310.0,0.14968695,PT3600S
2022-03-01 04:00:00,884311.0,0.14391889,PT3600S
2022-03-01 04:00:00,884312.0,0.31229278,PT3600S
2022-03-01 04:00:00,884313.0,0.27975166,PT3600S
2022-03-01 04:00:00,884314.0,0.1342411,PT3600S
2022-03-01 04:00:00,884315.0,0.10699194,PT3600S
2022-03-01 04:00:00,884316.0,0.0990775,PT3600S
2022-03-01 04:00:00,884317.0,0.30760083,PT3600S
2022-03-01 04:00:00,884318.0,0.24822806,PT3600S
2022-03-01 04:00:00,884319.0,0.34151918,PT3600S
2022-03-01 04:00:00,884320.0,0.14033695,PT3600S
2022-03-01 04:00:00,884321.0,0.27301836,PT3600S
2022-03-01 04:00:00,884322.0,0.31209779,PT3600S
2022-03-01 04:00:00,884323.0,0.13528527,PT3600S
2022-03-01 04:00:00,884324.0,0.30882919,PT3600S
2022-03-01 04:00:00,884325.0,0.140955,PT3600S
2022-03-01 04:00:00,884326.0,0.098264158,PT3600S
2022-03-01 04:00:00,884327.0,0.14055139,PT3600S
2022-03-01 04:00:00,884328.0,0.11176445,PT3600S
2022-03-01 04:00:00,884329.0,0.11948971,PT3600S
2022-03-01 04:00:00,884330.0,0.2856003,PT3600S
2022-03-01 04:00:00,884331.0,0.30627859,PT3600S
2022-03-01 04:00:00,884332.0,0.2778264,PT3600S
2022-03-01 04:00:00,884333.0,0.23483333,PT3600S
2022-03-01 04:00:00,884334.0,0.095404722,PT3600S
2022-03-01 04:00:00,884335.0,0.2984342,PT3600S
2022-03-01 04:00:00,884336.0,0.26076248,PT3600S
2022-03-01 04:00:00,884337.0,0.25836667,PT3600S
2022-03-01 04:00:00,884338.0,0.25260833,PT3600S
2022-03-01 04:00:00,884339.0,0.25771642,PT3600S
2022-03-01 04:00:00,884340.0,0.14662416,PT3600S
2022-03-01 04:00:00,884341.0,0.16593611,PT3600S
2022-03-01 04:00:00,884342.0,0.2384336,PT3600S
2022-03-01 04:00:00,884343.0,0.23734139,PT3600S
2022-03-01 04:00:00,884344.0,0.13899916,PT3600S
2022-03-01 04:00:00,884345.0,0.23788388,PT3600S
2022-03-01 04:00:00,884346.0,0.26838306,PT3600S
2022-03-01 04:00:00,884347.0,0.10507749,PT3600S
2022-03-01 04:00:00,884348.0,0.15401778,PT3600S
2022-03-01 04:00:00,884349.0,0.25593388,PT3600S
2022-03-01 04:00:00,884350.0,0.14689639,PT3600S
2022-03-01 04:00:00,884351.0,0.26068085,PT3600S
2022-03-01 04:00:00,884352.0,0.10796,PT3600S
2022-03-01 04:00:00,884353.0,0.20556001,PT3600S
2022-03-01 04:00:00,884354.0,0.14484499,PT3600S
2022-03-01 04:00:00,884355.0,0.21555001,PT3600S
2022-03-01 04:00:00,884356.0,0.14460167,PT3600S
2022-03-01 04:00:00,884357.0,0.11142222,PT3600S
2022-03-01 04:00:00,884358.0,0.18820834,PT3600S
2022-03-01 04:00:00,884359.0,0.30022055,PT3600S
2022-03-01 04:00:00,884360.0,0.14101499,PT3600S
2022-03-01 04:00:00,884361.0,0.096858889,PT3600S
2022-03-01 04:00:00,884362.0,0.087035283,PT3600S
2022-03-01 04:00:00,884363.0,0.13851112,PT3600S
2022-03-01 04:00:00,884364.0,0.24359417,PT3600S
2022-03-01 04:00:00,884365.0,0.14531861,PT3600S
2022-03-01 04:00:00,884366.0,0.23633333,PT3600S
2022-03-01 04:00:00,884367.0,0.10500056,PT3600S
2022-03-01 04:00:00,884368.0,0.14386472,PT3600S
2022-03-01 04:00:00,884369.0,0.28688139,PT3600S
2022-03-01 04:00:00,884370.0,0.22917248,PT3600S
2022-03-01 04:00:00,884371.0,0.21918333,PT3600S
2022-03-01 04:00:00,884372.0,0.09575972,PT3600S
2022-03-01 04:00:00,884373.0,0.10393444,PT3600S
2022-03-01 04:00:00,884374.0,0.13749056,PT3600S
2022-03-01 04:00:00,884375.0,0.21188916,PT3600S
2022-03-01 04:00:00,884376.0,0.29035583,PT3600S
2022-03-01 04:00:00,884377.0,0.093979165,PT3600S
2022-03-01 04:00:00,884378.0,0.18624833,PT3600S
2022-03-01 04:00:00,884379.0,0.14641251,PT3600S
2022-03-01 04:00:00,884380.0,0.16925472,PT3600S
2022-03-01 04:00:00,884381.0,0.023541111,PT3600S
2022-03-01 04:00:00,884382.0,0.26167637,PT3600S
2022-03-01 04:00:00,884383.0,0.12789083,PT3600S
2022-03-01 04:00:00,884384.0,0.11072,PT3600S
2022-03-01 04:00:00,884385.0,0.098151386,PT3600S
2022-03-01 04:00:00,884386.0,0.23414999,PT3600S
2022-03-01 04:00:00,884387.0,0.1038125,PT3600S
2022-03-01 04:00:00,884388.0,0.23566778,PT3600S
2022-03-01 04:00:00,884389.0,0.20100111,PT3600S
2022-03-01 04:00:00,884390.0,0.19180611,PT3600S
2022-03-01 04:00:00,884391.0,0.23439056,PT3600S
2022-03-01 04:00:00,884392.0,0.14847472,PT3600S
2022-03-01 04:00:00,884393.0,0.10479084,PT3600S
2022-03-01 04:00:00,884394.0,0.098253883,PT3600S
2022-03-01 04:00:00,884395.0,0.14832249,PT3600S
2022-03-01 04:00:00,884396.0,0.27522835,PT3600S
2022-03-01 04:00:00,884397.0,0.25539914,PT3600S
2022-03-01 04:00:00,884398.0,0.18312334,PT3600S
2022-03-01 04:00:00,884399.0,0.26312029,PT3600S
2022-03-01 04:00:00,884400.0,0.11241667,PT3600S
2022-03-01 04:00:00,884401.0,0.1392211,PT3600S
2022-03-01 04:00:00,884402.0,0.21913332,PT3600S
2022-03-01 04:00:00,884403.0,0.25142306,PT3600S
2022-03-01 04:00:00,884404.0,0.094592504,PT3600S
2022-03-01 04:00:00,884405.0,0.28656501,PT3600S
2022-03-01 04:00:00,884406.0,0.29019111,PT3600S
2022-03-01 04:00:00,884407.0,0.09665972,PT3600S
2022-03-01 04:00:00,884408.0,0.10364889,PT3600S
2022-03-01 04:00:00,884409.0,0.14517583,PT3600S
2022-03-01 04:00:00,884410.0,0.29622945,PT3600S
2022-03-01 04:00:00,884411.0,0.10562861,PT3600S
2022-03-01 04:00:00,884412.0,0.29398054,PT3600S
2022-03-01 04:00:00,884413.0,0.27857777,PT3600S
2022-03-01 04:00:00,884414.0,0.14473945,PT3600S
2022-03-01 04:00:00,884416.0,0.14669973,PT3600S
2022-03-01 04:00:00,884418.0,0.11383333,PT3600S
2022-03-01 04:00:00,884419.0,0.15116973,PT3600S
2022-03-01 04:00:00,884420.0,0.14153138,PT3600S
2022-03-01 04:00:00,884421.0,0.15410028,PT3600S
2022-03-01 04:00:00,884422.0,0.15546417,PT3600S
2022-03-01 04:00:00,884423.0,0.16579862,PT3600S
2022-03-01 04:00:00,884424.0,0.14057055,PT3600S
2022-03-01 04:00:00,884425.0,0.10532083,PT3600S
2022-03-01 04:00:00,884426.0,0.15845001,PT3600S
2022-03-01 04:00:00,884427.0,0.11608167,PT3600S
2022-03-01 04:00:00,884428.0,0.14448029,PT3600S
2022-03-01 04:00:00,884429.0,0.11296417,PT3600S
2022-03-01 04:00:00,884430.0,0.14458972,PT3600S
2022-03-01 04:00:00,884431.0,0.14679888,PT3600S
2022-03-01 04:00:00,884432.0,0.23113057,PT3600S
2022-03-01 04:00:00,884434.0,0.26980665,PT3600S
2022-03-01 04:00:00,884435.0,0.10594389,PT3600S
2022-03-01 04:00:00,884436.0,0.28019333,PT3600S
2022-03-01 04:00:00,884437.0,0.14626667,PT3600S
2022-03-01 04:00:00,884438.0,0.23874195,PT3600S
2022-03-01 04:00:00,884439.0,0.10074361,PT3600S
2022-03-01 04:00:00,884440.0,0.15972805,PT3600S
2022-03-01 04:00:00,884441.0,0.099199161,PT3600S
2022-03-01 04:00:00,884442.0,0.13970333,PT3600S
2022-03-01 04:00:00,884443.0,0.14091361,PT3600S
2022-03-01 04:00:00,884444.0,0.098340832,PT3600S
2022-03-01 04:00:00,884446.0,0.13751417,PT3600S
2022-03-01 04:00:00,884447.0,0.2482,PT3600S
2022-03-01 04:00:00,884448.0,0.13851444,PT3600S
2022-03-01 04:00:00,884449.0,0.16765667,PT3600S
2022-03-01 04:00:00,884450.0,0.14269777,PT3600S
2022-03-01 04:00:00,884451.0,0.25588387,PT3600S
2022-03-01 04:00:00,884452.0,0.10239418,PT3600S
2022-03-01 04:00:00,884453.0,0.11564139,PT3600S
2022-03-01 04:00:00,884454.0,0.10761584,PT3600S
2022-03-01 04:00:00,884455.0,0.19305,PT3600S
2022-03-01 04:00:00,884456.0,0.13871749,PT3600S
2022-03-01 04:00:00,884457.0,0.27629611,PT3600S
2022-03-01 04:00:00,884458.0,0.1034525,PT3600S
2022-03-01 04:00:00,884459.0,0.17136666,PT3600S
2022-03-01 04:00:00,884460.0,0.15353277,PT3600S
2022-03-01 04:00:00,884461.0,0.20036833,PT3600S
2022-03-01 04:00:00,884463.0,0.13661306,PT3600S
2022-03-01 04:00:00,884464.0,0.11191667,PT3600S
2022-03-01 04:00:00,884465.0,0.17564888,PT3600S
2022-03-01 04:00:00,884466.0,0.22803333,PT3600S
2022-03-01 04:00:00,884467.0,0.1376,PT3600S
2022-03-01 04:00:00,884468.0,0.15067139,PT3600S
2022-03-01 04:00:00,884469.0,0.13669527,PT3600S
2022-03-01 04:00:00,884470.0,0.15236583,PT3600S
2022-03-01 04:00:00,884471.0,0.23980251,PT3600S
2022-03-01 04:00:00,884472.0,0.15675722,PT3600S
2022-03-01 04:00:00,884473.0,0.2449261,PT3600S
2022-03-01 04:00:00,884474.0,0.09364222,PT3600S
2022-03-01 04:00:00,884475.0,0.23921695,PT3600S
2022-03-01 04:00:00,884476.0,0.14382723,PT3600S
2022-03-01 04:00:00,884477.0,0.11968778,PT3600S
2022-03-01 04:00:00,884478.0,0.25508833,PT3600S
2022-03-01 04:00:00,884479.0,0.26539138,PT3600S
2022-03-01 04:00:00,884480.0,0.24977055,PT3600S
2022-03-01 04:00:00,884481.0,0.2682797,PT3600S
2022-03-01 04:00:00,884482.0,0.28240222,PT3600S
2022-03-01 04:00:00,884483.0,0.2341975,PT3600S
2022-03-01 04:00:00,884484.0,0.29315808,PT3600S
2022-03-01 04:00:00,884485.0,0.11832695,PT3600S
2022-03-01 04:00:00,884486.0,0.13649444,PT3600S
2022-03-01 04:00:00,884602.0,0.145155,PT3600S
2022-03-01 04:00:00,884603.0,0.10314056,PT3600S
