begintime,sk_object,1282438822,1282438823,1282438847,1282438848,1282454549,1282454554,duration
2022-03-01 00:00:00,7525853.0,40.0,6.0,6.0,6.0,0.0,0.0,PT3600S
2022-03-01 00:00:00,7525854.0,48.0,8.0,19.0,17.0,0.0,0.0,PT3600S
2022-03-01 01:00:00,7525853.0,25.0,5.0,6.0,6.0,0.0,0.0,PT3600S
2022-03-01 01:00:00,7525854.0,59.0,9.0,23.0,17.0,0.0,0.0,PT3600S
2022-03-01 02:00:00,7525853.0,24.0,5.0,6.0,6.0,0.0,0.0,PT3600S
2022-03-01 02:00:00,7525854.0,47.0,7.0,18.0,17.0,0.0,0.0,PT3600S
2022-03-01 03:00:00,7525853.0,28.0,5.0,6.0,6.0,0.0,0.0,PT3600S
2022-03-01 03:00:00,7525854.0,88.0,12.0,23.0,17.0,0.0,0.0,PT3600S
2022-03-01 04:00:00,7525853.0,24.0,5.0,6.0,6.0,0.0,0.0,PT3600S
2022-03-01 04:00:00,7525854.0,83.0,8.0,21.0,17.0,0.0,0.0,PT3600S
2022-03-01 05:00:00,7525853.0,45.0,6.0,7.0,6.0,0.0,0.0,PT3600S
2022-03-01 05:00:00,7525854.0,82.0,10.0,22.0,17.0,0.0,0.0,PT3600S
2022-03-01 06:00:00,7525853.0,24.0,5.0,6.0,6.0,0.0,0.0,PT3600S
2022-03-01 06:00:00,7525854.0,96.0,8.0,23.0,17.0,0.0,0.0,PT3600S
2022-03-01 07:00:00,7525853.0,25.0,5.0,6.0,6.0,0.0,0.0,PT3600S
2022-03-01 07:00:00,7525854.0,62.0,12.0,23.0,17.0,0.0,0.0,PT3600S
2022-03-01 08:00:00,7525853.0,25.0,5.0,6.0,6.0,0.0,0.0,PT3600S
2022-03-01 08:00:00,7525854.0,57.0,11.0,20.0,17.0,0.0,0.0,PT3600S
2022-03-01 09:00:00,7525853.0,24.0,5.0,6.0,6.0,0.0,0.0,PT3600S
2022-03-01 09:00:00,7525854.0,53.0,11.0,20.0,17.0,0.0,0.0,PT3600S
2022-03-01 10:00:00,7525853.0,25.0,5.0,6.0,6.0,0.0,0.0,PT3600S
2022-03-01 10:00:00,7525854.0,52.0,11.0,18.0,17.0,0.0,0.0,PT3600S
2022-03-01 11:00:00,7525853.0,29.0,5.0,6.0,6.0,0.0,0.0,PT3600S
2022-03-01 11:00:00,7525854.0,61.0,12.0,23.0,17.0,0.0,0.0,PT3600S
2022-03-01 12:00:00,7525853.0,40.0,5.0,6.0,6.0,0.0,0.0,PT3600S
2022-03-01 12:00:00,7525854.0,67.0,14.0,23.0,17.0,0.0,0.0,PT3600S
2022-03-01 13:00:00,7525853.0,25.0,5.0,6.0,6.0,0.0,0.0,PT3600S
2022-03-01 13:00:00,7525854.0,51.0,11.0,20.0,17.0,0.0,0.0,PT3600S
2022-03-01 14:00:00,7525853.0,26.0,5.0,6.0,6.0,0.0,0.0,PT3600S
2022-03-01 14:00:00,7525854.0,52.0,11.0,18.0,17.0,0.0,0.0,PT3600S
2022-03-01 15:00:00,7525853.0,26.0,6.0,6.0,6.0,0.0,0.0,PT3600S
2022-03-01 15:00:00,7525854.0,65.0,14.0,23.0,17.0,0.0,0.0,PT3600S
2022-03-01 16:00:00,7525853.0,25.0,5.0,7.0,6.0,0.0,0.0,PT3600S
2022-03-01 16:00:00,7525854.0,81.0,18.0,28.0,17.0,0.0,0.0,PT3600S
2022-03-01 17:00:00,7525853.0,26.0,5.0,7.0,6.0,0.0,0.0,PT3600S
2022-03-01 17:00:00,7525854.0,68.0,19.0,23.0,17.0,0.0,0.0,PT3600S
2022-03-01 18:00:00,7525853.0,33.0,5.0,6.0,6.0,0.0,0.0,PT3600S
2022-03-01 18:00:00,7525854.0,63.0,14.0,23.0,17.0,0.0,0.0,PT3600S
2022-03-01 19:00:00,7525853.0,24.0,5.0,6.0,6.0,0.0,0.0,PT3600S
2022-03-01 19:00:00,7525854.0,53.0,12.0,18.0,17.0,0.0,0.0,PT3600S
2022-03-01 20:00:00,7525853.0,28.0,5.0,7.0,6.0,0.0,0.0,PT3600S
2022-03-01 20:00:00,7525854.0,55.0,15.0,18.0,17.0,0.0,0.0,PT3600S
2022-03-01 21:00:00,7525853.0,27.0,5.0,7.0,6.0,0.0,0.0,PT3600S
2022-03-01 21:00:00,7525854.0,67.0,16.0,23.0,17.0,0.0,0.0,PT3600S
2022-03-01 22:00:00,7525853.0,25.0,6.0,6.0,6.0,0.0,0.0,PT3600S
2022-03-01 22:00:00,7525854.0,56.0,11.0,18.0,17.0,0.0,0.0,PT3600S
2022-03-01 23:00:00,7525853.0,24.0,5.0,6.0,6.0,0.0,0.0,PT3600S
2022-03-01 23:00:00,7525854.0,51.0,9.0,18.0,17.0,0.0,0.0,PT3600S
2022-03-02 00:00:00,7525853.0,39.0,6.0,7.0,6.0,0.0,0.0,PT3600S
2022-03-02 00:00:00,7525854.0,48.0,8.0,18.0,17.0,0.0,0.0,PT3600S
2022-03-02 01:00:00,7525853.0,24.0,5.0,7.0,6.0,0.0,0.0,PT3600S
2022-03-02 01:00:00,7525854.0,47.0,7.0,18.0,17.0,0.0,0.0,PT3600S
2022-03-02 02:00:00,7525853.0,25.0,5.0,7.0,6.0,0.0,0.0,PT3600S
2022-03-02 02:00:00,7525854.0,46.0,6.0,18.0,17.0,0.0,0.0,PT3600S
2022-03-02 03:00:00,7525853.0,27.0,5.0,7.0,6.0,0.0,0.0,PT3600S
2022-03-02 03:00:00,7525854.0,91.0,10.0,23.0,16.0,0.0,0.0,PT3600S
2022-03-02 04:00:00,7525853.0,24.0,5.0,7.0,6.0,0.0,0.0,PT3600S
2022-03-02 04:00:00,7525854.0,76.0,8.0,20.0,17.0,0.0,0.0,PT3600S
2022-03-02 05:00:00,7525853.0,42.0,6.0,7.0,6.0,0.0,0.0,PT3600S
2022-03-02 05:00:00,7525854.0,82.0,11.0,23.0,18.0,0.0,0.0,PT3600S
2022-03-02 06:00:00,7525853.0,25.0,5.0,7.0,6.0,0.0,0.0,PT3600S
2022-03-02 06:00:00,7525854.0,93.0,9.0,26.0,18.0,0.0,0.0,PT3600S
2022-03-02 07:00:00,7525853.0,27.0,5.0,7.0,6.0,0.0,0.0,PT3600S
2022-03-02 07:00:00,7525854.0,62.0,12.0,24.0,18.0,0.0,0.0,PT3600S
2022-03-02 08:00:00,7525853.0,25.0,5.0,6.0,6.0,0.0,0.0,PT3600S
2022-03-02 08:00:00,7525854.0,71.0,17.0,19.0,18.0,0.0,0.0,PT3600S
2022-03-02 09:00:00,7525853.0,24.0,5.0,6.0,6.0,0.0,0.0,PT3600S
2022-03-02 09:00:00,7525854.0,55.0,14.0,21.0,18.0,0.0,0.0,PT3600S
2022-03-02 10:00:00,7525853.0,25.0,5.0,6.0,6.0,0.0,0.0,PT3600S
2022-03-02 10:00:00,7525854.0,54.0,14.0,19.0,18.0,0.0,0.0,PT3600S
2022-03-02 11:00:00,7525853.0,26.0,5.0,7.0,6.0,0.0,0.0,PT3600S
2022-03-02 11:00:00,7525854.0,79.0,19.0,24.0,18.0,0.0,0.0,PT3600S
2022-03-02 13:00:00,7525853.0,25.0,5.0,6.0,6.0,0.0,0.0,PT3600S
2022-03-02 13:00:00,7525854.0,64.0,16.0,24.0,18.0,0.0,0.0,PT3600S
2022-03-02 14:00:00,7525853.0,25.0,5.0,6.0,6.0,0.0,0.0,PT3600S
2022-03-02 14:00:00,7525854.0,56.0,13.0,20.0,18.0,0.0,0.0,PT3600S
2022-03-02 15:00:00,7525853.0,25.0,5.0,6.0,6.0,0.0,0.0,PT3600S
2022-03-02 15:00:00,7525854.0,58.0,14.0,21.0,17.0,0.0,0.0,PT3600S
2022-03-02 20:00:00,7525853.0,27.0,6.0,6.0,6.0,0.0,0.0,PT3600S
2022-03-02 20:00:00,7525854.0,59.0,15.0,18.0,17.0,0.0,0.0,PT3600S
2022-03-03 01:00:00,7525853.0,25.0,5.0,6.0,6.0,0.0,0.0,PT3600S
2022-03-03 01:00:00,7525854.0,58.0,9.0,23.0,17.0,0.0,0.0,PT3600S
2022-03-03 02:00:00,7525853.0,25.0,5.0,6.0,6.0,0.0,0.0,PT3600S
2022-03-03 02:00:00,7525854.0,61.0,11.0,23.0,17.0,0.0,0.0,PT3600S
2022-03-03 03:00:00,7525853.0,28.0,5.0,6.0,6.0,0.0,0.0,PT3600S
2022-03-03 03:00:00,7525854.0,93.0,11.0,23.0,17.0,0.0,0.0,PT3600S
2022-03-02 12:00:00,7525853.0,39.0,5.0,6.0,6.0,0.0,0.0,PT3600S
2022-03-02 12:00:00,7525854.0,55.0,14.0,19.0,18.0,0.0,0.0,PT3600S
2022-03-02 16:00:00,7525853.0,26.0,5.0,6.0,6.0,0.0,0.0,PT3600S
2022-03-02 16:00:00,7525854.0,56.0,13.0,19.0,17.0,0.0,0.0,PT3600S
2022-03-02 17:00:00,7525853.0,25.0,5.0,6.0,6.0,0.0,0.0,PT3600S
2022-03-02 17:00:00,7525854.0,55.0,14.0,18.0,17.0,0.0,0.0,PT3600S
2022-03-02 18:00:00,7525853.0,25.0,5.0,6.0,6.0,0.0,0.0,PT3600S
2022-03-02 18:00:00,7525854.0,62.0,14.0,18.0,17.0,0.0,0.0,PT3600S
2022-03-02 19:00:00,7525853.0,26.0,5.0,6.0,6.0,0.0,0.0,PT3600S
2022-03-02 19:00:00,7525854.0,72.0,16.0,24.0,17.0,0.0,0.0,PT3600S
2022-03-02 21:00:00,7525853.0,33.0,5.0,6.0,6.0,0.0,0.0,PT3600S
2022-03-02 21:00:00,7525854.0,57.0,14.0,18.0,17.0,0.0,0.0,PT3600S
2022-03-02 22:00:00,7525853.0,24.0,5.0,6.0,6.0,0.0,0.0,PT3600S
2022-03-02 22:00:00,7525854.0,54.0,10.0,18.0,17.0,0.0,0.0,PT3600S
2022-03-02 23:00:00,7525853.0,28.0,5.0,6.0,6.0,0.0,0.0,PT3600S
2022-03-02 23:00:00,7525854.0,50.0,8.0,18.0,17.0,0.0,0.0,PT3600S
2022-03-03 00:00:00,7525853.0,44.0,6.0,6.0,6.0,0.0,0.0,PT3600S
2022-03-03 00:00:00,7525854.0,47.0,8.0,18.0,17.0,0.0,0.0,PT3600S
2022-03-03 04:00:00,7525853.0,26.0,5.0,6.0,6.0,0.0,0.0,PT3600S
2022-03-03 04:00:00,7525854.0,81.0,9.0,23.0,16.0,0.0,0.0,PT3600S
2022-03-03 05:00:00,7525853.0,42.0,6.0,8.0,6.0,0.0,0.0,PT3600S
2022-03-03 05:00:00,7525854.0,78.0,9.0,23.0,17.0,0.0,0.0,PT3600S
2022-03-03 06:00:00,7525853.0,25.0,5.0,6.0,6.0,0.0,0.0,PT3600S
2022-03-03 06:00:00,7525854.0,79.0,8.0,22.0,18.0,0.0,0.0,PT3600S
2022-03-03 07:00:00,7525853.0,25.0,5.0,6.0,6.0,0.0,0.0,PT3600S
2022-03-03 07:00:00,7525854.0,49.0,9.0,19.0,18.0,0.0,0.0,PT3600S
2022-03-03 08:00:00,7525853.0,25.0,5.0,6.0,6.0,0.0,0.0,PT3600S
2022-03-03 08:00:00,7525854.0,52.0,12.0,19.0,18.0,0.0,0.0,PT3600S
2022-03-03 09:00:00,7525853.0,25.0,5.0,6.0,6.0,0.0,0.0,PT3600S
2022-03-03 09:00:00,7525854.0,86.0,15.0,22.0,18.0,0.0,0.0,PT3600S
2022-03-03 10:00:00,7525853.0,25.0,5.0,6.0,6.0,0.0,0.0,PT3600S
2022-03-03 10:00:00,7525854.0,55.0,14.0,19.0,18.0,0.0,0.0,PT3600S
2022-03-03 11:00:00,7525853.0,26.0,5.0,6.0,6.0,0.0,0.0,PT3600S
2022-03-03 11:00:00,7525854.0,92.0,16.0,26.0,18.0,0.0,0.0,PT3600S
2022-03-03 12:00:00,7525853.0,41.0,6.0,7.0,6.0,0.0,0.0,PT3600S
2022-03-03 12:00:00,7525854.0,54.0,14.0,19.0,18.0,0.0,0.0,PT3600S
2022-03-03 13:00:00,7525853.0,25.0,5.0,7.0,7.0,0.0,0.0,PT3600S
2022-03-03 13:00:00,7525854.0,55.0,13.0,19.0,18.0,0.0,0.0,PT3600S
2022-03-03 14:00:00,7525853.0,31.0,5.0,7.0,7.0,0.0,0.0,PT3600S
2022-03-03 14:00:00,7525854.0,79.0,16.0,24.0,17.0,0.0,0.0,PT3600S
2022-03-03 15:00:00,7525853.0,26.0,6.0,7.0,6.0,0.0,0.0,PT3600S
2022-03-03 15:00:00,7525854.0,67.0,17.0,23.0,17.0,0.0,0.0,PT3600S
2022-03-03 16:00:00,7525853.0,26.0,5.0,7.0,6.0,0.0,0.0,PT3600S
2022-03-03 16:00:00,7525854.0,59.0,13.0,18.0,17.0,0.0,0.0,PT3600S
2022-03-03 17:00:00,7525853.0,28.0,5.0,7.0,6.0,0.0,0.0,PT3600S
2022-03-03 17:00:00,7525854.0,78.0,19.0,24.0,17.0,0.0,0.0,PT3600S
2022-03-03 18:00:00,7525853.0,26.0,5.0,7.0,6.0,0.0,0.0,PT3600S
2022-03-03 18:00:00,7525854.0,79.0,27.0,25.0,18.0,0.0,0.0,PT3600S
2022-03-03 19:00:00,7525853.0,25.0,5.0,7.0,6.0,0.0,0.0,PT3600S
2022-03-03 19:00:00,7525854.0,56.0,15.0,18.0,17.0,0.0,0.0,PT3600S
2022-03-03 20:00:00,7525853.0,25.0,5.0,7.0,6.0,0.0,0.0,PT3600S
2022-03-03 20:00:00,7525854.0,73.0,23.0,24.0,17.0,0.0,0.0,PT3600S
2022-03-03 21:00:00,7525853.0,27.0,6.0,7.0,6.0,0.0,0.0,PT3600S
2022-03-03 21:00:00,7525854.0,60.0,17.0,19.0,17.0,0.0,0.0,PT3600S
2022-03-03 22:00:00,7525853.0,22.0,5.0,6.0,6.0,0.0,0.0,PT3600S
2022-03-03 22:00:00,7525854.0,57.0,13.0,20.0,17.0,0.0,0.0,PT3600S
2022-03-03 23:00:00,7525853.0,23.0,5.0,6.0,6.0,0.0,0.0,PT3600S
2022-03-03 23:00:00,7525854.0,51.0,10.0,19.0,17.0,0.0,0.0,PT3600S
2022-03-06 02:00:00,7525853.0,20.0,4.0,6.0,6.0,0.0,0.0,PT3600S
2022-03-06 02:00:00,7525854.0,48.0,7.0,19.0,17.0,0.0,0.0,PT3600S
2022-03-06 03:00:00,7525853.0,22.0,4.0,6.0,6.0,0.0,0.0,PT3600S
2022-03-06 03:00:00,7525854.0,84.0,10.0,23.0,17.0,0.0,0.0,PT3600S
2022-03-06 04:00:00,7525853.0,46.0,5.0,8.0,6.0,0.0,0.0,PT3600S
2022-03-06 04:00:00,7525854.0,84.0,7.0,22.0,17.0,0.0,0.0,PT3600S
2022-03-06 05:00:00,7525853.0,43.0,5.0,7.0,6.0,0.0,0.0,PT3600S
2022-03-06 05:00:00,7525854.0,87.0,9.0,23.0,17.0,0.0,0.0,PT3600S
2022-03-06 06:00:00,7525853.0,19.0,4.0,6.0,6.0,0.0,0.0,PT3600S
2022-03-06 06:00:00,7525854.0,79.0,7.0,22.0,17.0,0.0,0.0,PT3600S
2022-03-06 07:00:00,7525853.0,20.0,4.0,6.0,6.0,0.0,0.0,PT3600S
2022-03-06 07:00:00,7525854.0,63.0,11.0,23.0,17.0,0.0,0.0,PT3600S
2022-03-06 08:00:00,7525853.0,20.0,4.0,6.0,6.0,0.0,0.0,PT3600S
2022-03-06 08:00:00,7525854.0,54.0,12.0,19.0,17.0,0.0,0.0,PT3600S
2022-03-06 09:00:00,7525853.0,20.0,4.0,6.0,6.0,0.0,0.0,PT3600S
2022-03-06 09:00:00,7525854.0,54.0,13.0,19.0,17.0,0.0,0.0,PT3600S
2022-03-06 10:00:00,7525853.0,21.0,4.0,6.0,6.0,0.0,0.0,PT3600S
2022-03-06 10:00:00,7525854.0,61.0,13.0,19.0,18.0,0.0,0.0,PT3600S
2022-03-06 11:00:00,7525853.0,20.0,4.0,6.0,6.0,0.0,0.0,PT3600S
2022-03-06 11:00:00,7525854.0,55.0,12.0,19.0,18.0,0.0,0.0,PT3600S
2022-03-06 12:00:00,7525853.0,22.0,4.0,6.0,6.0,0.0,0.0,PT3600S
2022-03-06 12:00:00,7525854.0,53.0,13.0,19.0,18.0,0.0,0.0,PT3600S
2022-03-06 13:00:00,7525853.0,19.0,4.0,6.0,6.0,0.0,0.0,PT3600S
2022-03-06 13:00:00,7525854.0,57.0,13.0,19.0,18.0,0.0,0.0,PT3600S
2022-03-06 14:00:00,7525853.0,21.0,4.0,6.0,6.0,0.0,0.0,PT3600S
2022-03-06 14:00:00,7525854.0,55.0,13.0,19.0,17.0,0.0,0.0,PT3600S
2022-03-06 15:00:00,7525853.0,19.0,4.0,6.0,6.0,0.0,0.0,PT3600S
2022-03-06 15:00:00,7525854.0,55.0,13.0,18.0,17.0,0.0,0.0,PT3600S
2022-03-06 16:00:00,7525853.0,20.0,4.0,6.0,6.0,0.0,0.0,PT3600S
2022-03-06 16:00:00,7525854.0,55.0,13.0,18.0,17.0,0.0,0.0,PT3600S
2022-03-06 17:00:00,7525853.0,20.0,4.0,6.0,6.0,0.0,0.0,PT3600S
2022-03-06 17:00:00,7525854.0,54.0,14.0,19.0,17.0,0.0,0.0,PT3600S
2022-03-06 18:00:00,7525853.0,21.0,4.0,6.0,6.0,0.0,0.0,PT3600S
2022-03-06 18:00:00,7525854.0,57.0,15.0,18.0,17.0,0.0,0.0,PT3600S
2022-03-06 19:00:00,7525853.0,20.0,5.0,6.0,6.0,0.0,0.0,PT3600S
2022-03-06 19:00:00,7525854.0,70.0,18.0,24.0,17.0,0.0,0.0,PT3600S
2022-03-06 20:00:00,7525853.0,20.0,5.0,6.0,6.0,0.0,0.0,PT3600S
2022-03-06 20:00:00,7525854.0,67.0,17.0,19.0,17.0,0.0,0.0,PT3600S
2022-03-06 21:00:00,7525853.0,20.0,5.0,6.0,6.0,0.0,0.0,PT3600S
2022-03-06 21:00:00,7525854.0,61.0,16.0,19.0,17.0,0.0,0.0,PT3600S
2022-03-06 22:00:00,7525853.0,23.0,5.0,6.0,6.0,0.0,0.0,PT3600S
2022-03-06 22:00:00,7525854.0,60.0,13.0,19.0,17.0,0.0,0.0,PT3600S
2022-03-06 23:00:00,7525853.0,20.0,5.0,6.0,6.0,0.0,0.0,PT3600S
2022-03-06 23:00:00,7525854.0,53.0,11.0,19.0,17.0,0.0,0.0,PT3600S
2022-03-07 00:00:00,7525853.0,36.0,5.0,6.0,6.0,0.0,0.0,PT3600S
2022-03-07 00:00:00,7525854.0,52.0,9.0,19.0,17.0,0.0,0.0,PT3600S
2022-03-07 01:00:00,7525853.0,19.0,4.0,6.0,6.0,0.0,0.0,PT3600S
2022-03-07 01:00:00,7525854.0,47.0,7.0,18.0,17.0,0.0,0.0,PT3600S
2022-03-07 02:00:00,7525853.0,19.0,4.0,6.0,6.0,0.0,0.0,PT3600S
2022-03-07 02:00:00,7525854.0,49.0,6.0,18.0,17.0,0.0,0.0,PT3600S
2022-03-07 03:00:00,7525853.0,22.0,4.0,6.0,6.0,0.0,0.0,PT3600S
2022-03-07 03:00:00,7525854.0,83.0,10.0,23.0,17.0,0.0,0.0,PT3600S
2022-03-07 04:00:00,7525853.0,49.0,5.0,9.0,6.0,0.0,0.0,PT3600S
2022-03-07 04:00:00,7525854.0,81.0,7.0,22.0,17.0,0.0,0.0,PT3600S
2022-03-07 05:00:00,7525853.0,42.0,5.0,7.0,6.0,0.0,0.0,PT3600S
2022-03-07 05:00:00,7525854.0,79.0,9.0,23.0,17.0,0.0,0.0,PT3600S
2022-03-07 06:00:00,7525853.0,20.0,4.0,6.0,6.0,0.0,0.0,PT3600S
2022-03-07 06:00:00,7525854.0,80.0,9.0,23.0,17.0,0.0,0.0,PT3600S
2022-03-07 07:00:00,7525853.0,23.0,4.0,7.0,6.0,0.0,0.0,PT3600S
2022-03-07 07:00:00,7525854.0,48.0,10.0,18.0,17.0,0.0,0.0,PT3600S
2022-03-07 08:00:00,7525853.0,20.0,4.0,6.0,6.0,0.0,0.0,PT3600S
2022-03-07 08:00:00,7525854.0,62.0,13.0,23.0,17.0,0.0,0.0,PT3600S
2022-03-07 09:00:00,7525853.0,20.0,4.0,7.0,6.0,0.0,0.0,PT3600S
2022-03-07 09:00:00,7525854.0,54.0,12.0,21.0,17.0,0.0,0.0,PT3600S
2022-03-07 10:00:00,7525853.0,20.0,4.0,7.0,6.0,0.0,0.0,PT3600S
2022-03-07 10:00:00,7525854.0,59.0,12.0,21.0,17.0,0.0,0.0,PT3600S
2022-03-07 11:00:00,7525853.0,20.0,4.0,7.0,6.0,0.0,0.0,PT3600S
2022-03-07 11:00:00,7525854.0,54.0,11.0,21.0,17.0,0.0,0.0,PT3600S
2022-03-07 12:00:00,7525853.0,24.0,4.0,7.0,6.0,0.0,0.0,PT3600S
2022-03-07 12:00:00,7525854.0,65.0,15.0,23.0,17.0,0.0,0.0,PT3600S
2022-03-07 13:00:00,7525853.0,20.0,4.0,7.0,6.0,0.0,0.0,PT3600S
2022-03-07 13:00:00,7525854.0,63.0,13.0,24.0,17.0,0.0,0.0,PT3600S
2022-03-07 14:00:00,7525853.0,20.0,4.0,6.0,6.0,0.0,0.0,PT3600S
2022-03-07 14:00:00,7525854.0,51.0,10.0,19.0,17.0,0.0,0.0,PT3600S
2022-03-07 15:00:00,7525853.0,20.0,4.0,6.0,6.0,0.0,0.0,PT3600S
2022-03-07 15:00:00,7525854.0,53.0,14.0,21.0,17.0,0.0,0.0,PT3600S
2022-03-07 16:00:00,7525853.0,20.0,4.0,6.0,6.0,0.0,0.0,PT3600S
2022-03-07 16:00:00,7525854.0,60.0,14.0,18.0,17.0,0.0,0.0,PT3600S
2022-03-07 17:00:00,7525853.0,19.0,4.0,6.0,6.0,0.0,0.0,PT3600S
2022-03-07 17:00:00,7525854.0,53.0,11.0,18.0,17.0,0.0,0.0,PT3600S
2022-03-07 18:00:00,7525853.0,19.0,4.0,6.0,6.0,0.0,0.0,PT3600S
2022-03-07 18:00:00,7525854.0,63.0,13.0,23.0,17.0,0.0,0.0,PT3600S
2022-03-07 19:00:00,7525853.0,20.0,4.0,6.0,6.0,0.0,0.0,PT3600S
2022-03-07 19:00:00,7525854.0,57.0,13.0,18.0,17.0,0.0,0.0,PT3600S
2022-03-07 20:00:00,7525853.0,20.0,4.0,6.0,6.0,0.0,0.0,PT3600S
2022-03-07 20:00:00,7525854.0,65.0,15.0,18.0,17.0,0.0,0.0,PT3600S
2022-03-07 21:00:00,7525853.0,20.0,4.0,6.0,6.0,0.0,0.0,PT3600S
2022-03-07 21:00:00,7525854.0,58.0,14.0,19.0,17.0,0.0,0.0,PT3600S
2022-03-07 22:00:00,7525853.0,28.0,5.0,7.0,6.0,0.0,0.0,PT3600S
2022-03-07 22:00:00,7525854.0,62.0,11.0,20.0,17.0,0.0,0.0,PT3600S
2022-03-07 23:00:00,7525853.0,22.0,5.0,7.0,6.0,0.0,0.0,PT3600S
2022-03-07 23:00:00,7525854.0,53.0,9.0,20.0,17.0,0.0,0.0,PT3600S
2022-03-09 23:00:00,7525853.0,24.0,5.0,7.0,7.0,0.0,0.0,PT3600S
2022-03-09 23:00:00,7525854.0,64.0,17.0,24.0,18.0,0.0,0.0,PT3600S
2022-03-10 00:00:00,7525853.0,29.0,5.0,7.0,7.0,0.0,0.0,PT3600S
2022-03-10 00:00:00,7525854.0,67.0,12.0,24.0,17.0,0.0,0.0,PT3600S
2022-03-10 01:00:00,7525853.0,22.0,4.0,7.0,7.0,0.0,0.0,PT3600S
2022-03-10 01:00:00,7525854.0,50.0,8.0,19.0,17.0,0.0,0.0,PT3600S
2022-03-10 03:00:00,7525853.0,22.0,4.0,7.0,7.0,0.0,0.0,PT3600S
2022-03-10 03:00:00,7525854.0,88.0,11.0,23.0,17.0,0.0,0.0,PT3600S
2022-03-10 04:00:00,7525853.0,53.0,5.0,8.0,7.0,0.0,0.0,PT3600S
2022-03-10 04:00:00,7525854.0,77.0,8.0,22.0,17.0,0.0,0.0,PT3600S
2022-03-10 05:00:00,7525853.0,49.0,5.0,8.0,7.0,0.0,0.0,PT3600S
2022-03-10 05:00:00,7525854.0,86.0,10.0,23.0,17.0,0.0,0.0,PT3600S
2022-03-10 06:00:00,7525853.0,26.0,4.0,7.0,7.0,0.0,0.0,PT3600S
2022-03-10 06:00:00,7525854.0,79.0,8.0,22.0,17.0,0.0,0.0,PT3600S
2022-03-10 07:00:00,7525853.0,22.0,4.0,7.0,7.0,0.0,0.0,PT3600S
2022-03-10 07:00:00,7525854.0,66.0,15.0,24.0,17.0,0.0,0.0,PT3600S
2022-03-10 08:00:00,7525853.0,23.0,4.0,7.0,7.0,0.0,0.0,PT3600S
2022-03-10 08:00:00,7525854.0,53.0,11.0,21.0,17.0,0.0,0.0,PT3600S
2022-03-10 09:00:00,7525853.0,22.0,4.0,7.0,7.0,0.0,0.0,PT3600S
2022-03-10 09:00:00,7525854.0,65.0,12.0,21.0,17.0,0.0,0.0,PT3600S
2022-03-10 10:00:00,7525853.0,22.0,4.0,7.0,7.0,0.0,0.0,PT3600S
2022-03-10 10:00:00,7525854.0,54.0,12.0,19.0,17.0,0.0,0.0,PT3600S
2022-03-10 11:00:00,7525853.0,22.0,4.0,7.0,7.0,0.0,0.0,PT3600S
2022-03-10 11:00:00,7525854.0,65.0,11.0,19.0,17.0,0.0,0.0,PT3600S
2022-03-10 12:00:00,7525853.0,23.0,5.0,7.0,7.0,0.0,0.0,PT3600S
2022-03-10 12:00:00,7525854.0,73.0,14.0,24.0,17.0,0.0,0.0,PT3600S
2022-03-10 13:00:00,7525853.0,23.0,5.0,7.0,7.0,0.0,0.0,PT3600S
2022-03-10 13:00:00,7525854.0,54.0,11.0,19.0,17.0,0.0,0.0,PT3600S
2022-03-10 14:00:00,7525853.0,22.0,4.0,7.0,7.0,0.0,0.0,PT3600S
2022-03-10 14:00:00,7525854.0,62.0,10.0,19.0,17.0,0.0,0.0,PT3600S
2022-03-10 15:00:00,7525853.0,24.0,4.0,7.0,7.0,0.0,0.0,PT3600S
2022-03-10 15:00:00,7525854.0,60.0,11.0,19.0,17.0,0.0,0.0,PT3600S
2022-03-10 16:00:00,7525853.0,24.0,5.0,7.0,7.0,0.0,0.0,PT3600S
2022-03-10 16:00:00,7525854.0,60.0,13.0,19.0,17.0,0.0,0.0,PT3600S
2022-03-10 17:00:00,7525853.0,23.0,4.0,7.0,7.0,0.0,0.0,PT3600S
2022-03-10 17:00:00,7525854.0,56.0,12.0,21.0,17.0,0.0,0.0,PT3600S
2022-03-10 18:00:00,7525853.0,23.0,5.0,7.0,7.0,0.0,0.0,PT3600S
2022-03-10 18:00:00,7525854.0,54.0,12.0,19.0,17.0,0.0,0.0,PT3600S
2022-03-10 19:00:00,7525853.0,24.0,5.0,7.0,7.0,0.0,0.0,PT3600S
2022-03-10 19:00:00,7525854.0,64.0,13.0,18.0,17.0,0.0,0.0,PT3600S
2022-03-10 20:00:00,7525853.0,23.0,5.0,7.0,7.0,0.0,0.0,PT3600S
2022-03-10 20:00:00,7525854.0,66.0,14.0,19.0,17.0,0.0,0.0,PT3600S
2022-03-10 21:00:00,7525853.0,25.0,6.0,7.0,7.0,0.0,0.0,PT3600S
2022-03-10 21:00:00,7525854.0,72.0,15.0,20.0,17.0,0.0,0.0,PT3600S
2022-03-10 22:00:00,7525853.0,24.0,5.0,7.0,7.0,0.0,0.0,PT3600S
2022-03-10 22:00:00,7525854.0,81.0,12.0,20.0,17.0,0.0,0.0,PT3600S
2022-03-10 23:00:00,7525853.0,23.0,5.0,7.0,7.0,0.0,0.0,PT3600S
2022-03-10 23:00:00,7525854.0,59.0,13.0,24.0,17.0,0.0,0.0,PT3600S
2022-03-11 00:00:00,7525853.0,23.0,5.0,7.0,7.0,0.0,0.0,PT3600S
2022-03-11 00:00:00,7525854.0,51.0,8.0,19.0,17.0,0.0,0.0,PT3600S
2022-03-11 01:00:00,7525853.0,22.0,4.0,7.0,7.0,0.0,0.0,PT3600S
2022-03-11 01:00:00,7525854.0,46.0,7.0,18.0,17.0,0.0,0.0,PT3600S
2022-03-11 02:00:00,7525853.0,22.0,4.0,7.0,7.0,0.0,0.0,PT3600S
2022-03-11 02:00:00,7525854.0,51.0,7.0,18.0,17.0,0.0,0.0,PT3600S
2022-03-11 03:00:00,7525853.0,23.0,4.0,7.0,7.0,0.0,0.0,PT3600S
2022-03-11 03:00:00,7525854.0,90.0,10.0,23.0,17.0,0.0,0.0,PT3600S
2022-03-11 04:00:00,7525853.0,22.0,4.0,7.0,7.0,0.0,0.0,PT3600S
2022-03-11 04:00:00,7525854.0,74.0,8.0,21.0,17.0,0.0,0.0,PT3600S
2022-03-11 06:00:00,7525853.0,22.0,4.0,7.0,7.0,0.0,0.0,PT3600S
2022-03-11 06:00:00,7525854.0,81.0,8.0,22.0,17.0,0.0,0.0,PT3600S
2022-03-11 05:00:00,7525853.0,46.0,6.0,9.0,7.0,0.0,0.0,PT3600S
2022-03-11 05:00:00,7525854.0,81.0,9.0,23.0,17.0,0.0,0.0,PT3600S
2022-03-11 07:00:00,7525853.0,23.0,5.0,7.0,7.0,0.0,0.0,PT3600S
2022-03-11 07:00:00,7525854.0,60.0,11.0,23.0,17.0,0.0,0.0,PT3600S
2022-03-11 08:00:00,7525853.0,23.0,5.0,7.0,7.0,0.0,0.0,PT3600S
2022-03-11 08:00:00,7525854.0,58.0,11.0,19.0,17.0,0.0,0.0,PT3600S
2022-03-11 09:00:00,7525853.0,22.0,5.0,7.0,7.0,0.0,0.0,PT3600S
2022-03-11 09:00:00,7525854.0,73.0,12.0,21.0,17.0,0.0,0.0,PT3600S
2022-03-11 10:00:00,7525853.0,32.0,4.0,7.0,7.0,0.0,0.0,PT3600S
2022-03-11 10:00:00,7525854.0,60.0,12.0,19.0,18.0,0.0,0.0,PT3600S
2022-03-11 11:00:00,7525853.0,22.0,4.0,7.0,7.0,0.0,0.0,PT3600S
2022-03-11 11:00:00,7525854.0,75.0,12.0,19.0,17.0,0.0,0.0,PT3600S
2022-03-11 12:00:00,7525853.0,25.0,5.0,7.0,7.0,0.0,0.0,PT3600S
2022-03-11 12:00:00,7525854.0,58.0,14.0,21.0,17.0,0.0,0.0,PT3600S
2022-03-11 13:00:00,7525853.0,24.0,5.0,7.0,7.0,0.0,0.0,PT3600S
2022-03-11 13:00:00,7525854.0,58.0,11.0,18.0,17.0,0.0,0.0,PT3600S
2022-03-11 14:00:00,7525853.0,23.0,5.0,7.0,7.0,0.0,0.0,PT3600S
2022-03-11 14:00:00,7525854.0,68.0,12.0,19.0,17.0,0.0,0.0,PT3600S
2022-03-11 15:00:00,7525853.0,23.0,5.0,7.0,7.0,0.0,0.0,PT3600S
2022-03-11 15:00:00,7525854.0,67.0,17.0,23.0,17.0,0.0,0.0,PT3600S
2022-03-11 16:00:00,7525853.0,31.0,6.0,7.0,7.0,0.0,0.0,PT3600S
2022-03-11 16:00:00,7525854.0,77.0,13.0,18.0,17.0,0.0,0.0,PT3600S
2022-03-11 17:00:00,7525853.0,24.0,5.0,7.0,7.0,0.0,0.0,PT3600S
2022-03-11 17:00:00,7525854.0,70.0,15.0,24.0,17.0,0.0,0.0,PT3600S
2022-03-11 18:00:00,7525853.0,23.0,5.0,7.0,7.0,0.0,0.0,PT3600S
2022-03-11 18:00:00,7525854.0,63.0,11.0,18.0,17.0,0.0,0.0,PT3600S
2022-03-11 19:00:00,7525853.0,22.0,5.0,7.0,7.0,0.0,0.0,PT3600S
2022-03-11 19:00:00,7525854.0,77.0,13.0,19.0,17.0,0.0,0.0,PT3600S
2022-03-11 20:00:00,7525853.0,25.0,5.0,7.0,7.0,0.0,0.0,PT3600S
2022-03-11 20:00:00,7525854.0,76.0,22.0,24.0,17.0,0.0,0.0,PT3600S
2022-03-11 21:00:00,7525853.0,24.0,5.0,7.0,7.0,0.0,0.0,PT3600S
2022-03-11 21:00:00,7525854.0,67.0,17.0,24.0,17.0,0.0,0.0,PT3600S
2022-03-11 22:00:00,7525853.0,22.0,5.0,7.0,7.0,0.0,0.0,PT3600S
2022-03-11 22:00:00,7525854.0,63.0,12.0,19.0,17.0,0.0,0.0,PT3600S
2022-03-11 23:00:00,7525853.0,23.0,5.0,7.0,7.0,0.0,0.0,PT3600S
2022-03-11 23:00:00,7525854.0,61.0,9.0,19.0,17.0,0.0,0.0,PT3600S
2022-03-12 05:00:00,7525853.0,47.0,5.0,7.0,6.0,0.0,0.0,PT3600S
2022-03-12 05:00:00,7525854.0,84.0,10.0,23.0,17.0,0.0,0.0,PT3600S
2022-03-12 06:00:00,7525853.0,22.0,4.0,7.0,6.0,0.0,0.0,PT3600S
2022-03-12 06:00:00,7525854.0,80.0,7.0,22.0,17.0,0.0,0.0,PT3600S
2022-03-12 07:00:00,7525853.0,22.0,4.0,7.0,6.0,0.0,0.0,PT3600S
2022-03-12 07:00:00,7525854.0,60.0,10.0,23.0,17.0,0.0,0.0,PT3600S
2022-03-12 08:00:00,7525853.0,21.0,4.0,7.0,6.0,0.0,0.0,PT3600S
2022-03-12 08:00:00,7525854.0,70.0,11.0,19.0,17.0,0.0,0.0,PT3600S
2022-03-12 09:00:00,7525853.0,21.0,4.0,7.0,6.0,0.0,0.0,PT3600S
2022-03-12 09:00:00,7525854.0,73.0,11.0,19.0,18.0,0.0,0.0,PT3600S
2022-03-12 10:00:00,7525853.0,22.0,4.0,7.0,6.0,0.0,0.0,PT3600S
2022-03-12 10:00:00,7525854.0,71.0,11.0,21.0,18.0,0.0,0.0,PT3600S
2022-03-12 11:00:00,7525853.0,22.0,4.0,7.0,6.0,0.0,0.0,PT3600S
2022-03-12 11:00:00,7525854.0,73.0,10.0,19.0,18.0,0.0,0.0,PT3600S
2022-03-12 12:00:00,7525853.0,22.0,4.0,7.0,6.0,0.0,0.0,PT3600S
2022-03-12 12:00:00,7525854.0,54.0,10.0,19.0,17.0,0.0,0.0,PT3600S
2022-03-12 13:00:00,7525853.0,21.0,4.0,7.0,6.0,0.0,0.0,PT3600S
2022-03-12 13:00:00,7525854.0,72.0,10.0,19.0,17.0,0.0,0.0,PT3600S
2022-03-12 14:00:00,7525853.0,21.0,4.0,7.0,6.0,0.0,0.0,PT3600S
2022-03-12 14:00:00,7525854.0,71.0,10.0,19.0,17.0,0.0,0.0,PT3600S
2022-03-12 15:00:00,7525853.0,21.0,4.0,7.0,6.0,0.0,0.0,PT3600S
2022-03-12 15:00:00,7525854.0,72.0,10.0,19.0,17.0,0.0,0.0,PT3600S
2022-03-12 16:00:00,7525853.0,21.0,4.0,7.0,6.0,0.0,0.0,PT3600S
2022-03-12 16:00:00,7525854.0,58.0,10.0,18.0,17.0,0.0,0.0,PT3600S
2022-03-12 17:00:00,7525853.0,21.0,4.0,7.0,6.0,0.0,0.0,PT3600S
2022-03-12 17:00:00,7525854.0,85.0,10.0,19.0,17.0,0.0,0.0,PT3600S
2022-03-12 18:00:00,7525853.0,23.0,4.0,7.0,6.0,0.0,0.0,PT3600S
2022-03-12 18:00:00,7525854.0,60.0,13.0,23.0,17.0,0.0,0.0,PT3600S
2022-03-12 19:00:00,7525853.0,22.0,4.0,7.0,6.0,0.0,0.0,PT3600S
2022-03-12 19:00:00,7525854.0,65.0,15.0,23.0,17.0,0.0,0.0,PT3600S
2022-03-12 20:00:00,7525853.0,37.0,5.0,7.0,6.0,0.0,0.0,PT3600S
2022-03-12 20:00:00,7525854.0,70.0,14.0,20.0,17.0,0.0,0.0,PT3600S
2022-03-12 21:00:00,7525853.0,21.0,4.0,6.0,6.0,0.0,0.0,PT3600S
2022-03-12 21:00:00,7525854.0,88.0,14.0,20.0,17.0,0.0,0.0,PT3600S
2022-03-12 22:00:00,7525853.0,21.0,4.0,7.0,6.0,0.0,0.0,PT3600S
2022-03-12 22:00:00,7525854.0,69.0,11.0,19.0,17.0,0.0,0.0,PT3600S
2022-03-12 23:00:00,7525853.0,21.0,4.0,6.0,6.0,0.0,0.0,PT3600S
2022-03-12 23:00:00,7525854.0,50.0,8.0,18.0,17.0,0.0,0.0,PT3600S
2022-03-13 00:00:00,7525853.0,52.0,5.0,6.0,6.0,0.0,0.0,PT3600S
2022-03-13 00:00:00,7525854.0,48.0,8.0,19.0,17.0,0.0,0.0,PT3600S
2022-03-13 01:00:00,7525853.0,21.0,4.0,6.0,6.0,0.0,0.0,PT3600S
2022-03-13 01:00:00,7525854.0,48.0,7.0,18.0,17.0,0.0,0.0,PT3600S
2022-03-13 04:00:00,7525853.0,21.0,4.0,6.0,6.0,0.0,0.0,PT3600S
2022-03-13 04:00:00,7525854.0,77.0,7.0,20.0,16.0,0.0,0.0,PT3600S
2022-03-13 05:00:00,7525853.0,48.0,5.0,7.0,6.0,0.0,0.0,PT3600S
2022-03-13 05:00:00,7525854.0,84.0,9.0,22.0,17.0,0.0,0.0,PT3600S
2022-03-13 06:00:00,7525853.0,21.0,4.0,6.0,6.0,0.0,0.0,PT3600S
2022-03-13 06:00:00,7525854.0,80.0,7.0,21.0,17.0,0.0,0.0,PT3600S
2022-03-13 07:00:00,7525853.0,22.0,4.0,6.0,6.0,0.0,0.0,PT3600S
2022-03-13 07:00:00,7525854.0,56.0,11.0,23.0,17.0,0.0,0.0,PT3600S
2022-03-13 08:00:00,7525853.0,22.0,4.0,6.0,6.0,0.0,0.0,PT3600S
2022-03-13 08:00:00,7525854.0,55.0,11.0,18.0,17.0,0.0,0.0,PT3600S
2022-03-13 09:00:00,7525853.0,26.0,4.0,7.0,6.0,0.0,0.0,PT3600S
2022-03-13 09:00:00,7525854.0,63.0,10.0,18.0,17.0,0.0,0.0,PT3600S
2022-03-13 10:00:00,7525853.0,21.0,4.0,6.0,6.0,0.0,0.0,PT3600S
2022-03-13 10:00:00,7525854.0,51.0,10.0,19.0,17.0,0.0,0.0,PT3600S
2022-03-13 11:00:00,7525853.0,21.0,4.0,6.0,6.0,0.0,0.0,PT3600S
2022-03-13 11:00:00,7525854.0,58.0,10.0,19.0,17.0,0.0,0.0,PT3600S
2022-03-13 12:00:00,7525853.0,23.0,4.0,6.0,6.0,0.0,0.0,PT3600S
2022-03-13 12:00:00,7525854.0,65.0,10.0,18.0,17.0,0.0,0.0,PT3600S
2022-03-13 13:00:00,7525853.0,21.0,4.0,6.0,6.0,0.0,0.0,PT3600S
2022-03-13 13:00:00,7525854.0,87.0,15.0,24.0,17.0,0.0,0.0,PT3600S
2022-03-13 15:00:00,7525853.0,24.0,5.0,7.0,6.0,0.0,0.0,PT3600S
2022-03-13 15:00:00,7525854.0,61.0,16.0,24.0,17.0,0.0,0.0,PT3600S
2022-03-13 16:00:00,7525853.0,22.0,4.0,6.0,6.0,0.0,0.0,PT3600S
2022-03-13 16:00:00,7525854.0,53.0,10.0,19.0,17.0,0.0,0.0,PT3600S
2022-03-13 17:00:00,7525853.0,23.0,4.0,6.0,6.0,0.0,0.0,PT3600S
2022-03-13 17:00:00,7525854.0,66.0,11.0,19.0,17.0,0.0,0.0,PT3600S
2022-03-13 18:00:00,7525853.0,22.0,4.0,6.0,6.0,0.0,0.0,PT3600S
2022-03-13 18:00:00,7525854.0,75.0,13.0,24.0,17.0,0.0,0.0,PT3600S
2022-03-13 19:00:00,7525853.0,22.0,4.0,7.0,6.0,0.0,0.0,PT3600S
2022-03-13 19:00:00,7525854.0,65.0,16.0,19.0,17.0,0.0,0.0,PT3600S
2022-03-13 20:00:00,7525853.0,21.0,4.0,6.0,6.0,0.0,0.0,PT3600S
2022-03-13 20:00:00,7525854.0,61.0,14.0,18.0,17.0,0.0,0.0,PT3600S
2022-03-13 21:00:00,7525853.0,22.0,4.0,6.0,6.0,0.0,0.0,PT3600S
2022-03-13 21:00:00,7525854.0,73.0,13.0,19.0,17.0,0.0,0.0,PT3600S
2022-03-13 22:00:00,7525853.0,26.0,4.0,6.0,6.0,0.0,0.0,PT3600S
2022-03-13 22:00:00,7525854.0,69.0,11.0,19.0,17.0,0.0,0.0,PT3600S
2022-03-13 23:00:00,7525853.0,22.0,4.0,6.0,6.0,0.0,0.0,PT3600S
2022-03-13 23:00:00,7525854.0,49.0,9.0,19.0,17.0,0.0,0.0,PT3600S
2022-03-14 00:00:00,7525853.0,23.0,4.0,6.0,6.0,0.0,0.0,PT3600S
2022-03-14 00:00:00,7525854.0,49.0,8.0,19.0,17.0,0.0,0.0,PT3600S
2022-03-14 01:00:00,7525853.0,22.0,4.0,7.0,6.0,0.0,0.0,PT3600S
2022-03-14 01:00:00,7525854.0,48.0,7.0,18.0,17.0,0.0,0.0,PT3600S
2022-03-14 02:00:00,7525853.0,24.0,4.0,7.0,6.0,0.0,0.0,PT3600S
2022-03-14 02:00:00,7525854.0,51.0,7.0,18.0,17.0,0.0,0.0,PT3600S
2022-03-14 03:00:00,7525853.0,21.0,4.0,6.0,6.0,0.0,0.0,PT3600S
2022-03-14 03:00:00,7525854.0,90.0,11.0,23.0,17.0,0.0,0.0,PT3600S
2022-03-14 04:00:00,7525853.0,68.0,5.0,8.0,6.0,0.0,0.0,PT3600S
2022-03-14 04:00:00,7525854.0,77.0,7.0,21.0,17.0,0.0,0.0,PT3600S
2022-03-14 05:00:00,7525853.0,43.0,5.0,7.0,6.0,0.0,0.0,PT3600S
2022-03-14 05:00:00,7525854.0,85.0,8.0,23.0,18.0,0.0,0.0,PT3600S
2022-03-14 06:00:00,7525853.0,21.0,4.0,6.0,6.0,0.0,0.0,PT3600S
2022-03-14 06:00:00,7525854.0,97.0,9.0,26.0,18.0,0.0,0.0,PT3600S
2022-03-14 07:00:00,7525853.0,21.0,4.0,6.0,6.0,0.0,0.0,PT3600S
2022-03-14 07:00:00,7525854.0,55.0,9.0,19.0,18.0,0.0,0.0,PT3600S
2022-03-14 08:00:00,7525853.0,26.0,4.0,6.0,6.0,0.0,0.0,PT3600S
2022-03-14 08:00:00,7525854.0,60.0,13.0,23.0,18.0,0.0,0.0,PT3600S
2022-03-14 09:00:00,7525853.0,23.0,4.0,6.0,6.0,0.0,0.0,PT3600S
2022-03-14 09:00:00,7525854.0,70.0,15.0,24.0,17.0,0.0,0.0,PT3600S
2022-03-14 10:00:00,7525853.0,22.0,4.0,6.0,6.0,0.0,0.0,PT3600S
2022-03-14 10:00:00,7525854.0,76.0,12.0,19.0,18.0,0.0,0.0,PT3600S
2022-03-14 11:00:00,7525853.0,21.0,4.0,6.0,6.0,0.0,0.0,PT3600S
2022-03-14 11:00:00,7525854.0,65.0,12.0,19.0,18.0,0.0,0.0,PT3600S
2022-03-14 12:00:00,7525853.0,23.0,4.0,6.0,6.0,0.0,0.0,PT3600S
2022-03-14 12:00:00,7525854.0,53.0,12.0,19.0,18.0,0.0,0.0,PT3600S
2022-03-14 13:00:00,7525853.0,22.0,4.0,6.0,6.0,0.0,0.0,PT3600S
2022-03-14 13:00:00,7525854.0,86.0,16.0,24.0,18.0,0.0,0.0,PT3600S
2022-03-14 14:00:00,7525853.0,40.0,4.0,6.0,6.0,0.0,0.0,PT3600S
2022-03-14 14:00:00,7525854.0,59.0,14.0,24.0,18.0,0.0,0.0,PT3600S
2022-03-14 15:00:00,7525853.0,22.0,4.0,6.0,6.0,0.0,0.0,PT3600S
2022-03-14 15:00:00,7525854.0,74.0,13.0,19.0,18.0,0.0,0.0,PT3600S
2022-03-14 16:00:00,7525853.0,23.0,4.0,6.0,6.0,0.0,0.0,PT3600S
2022-03-14 16:00:00,7525854.0,59.0,13.0,19.0,18.0,0.0,0.0,PT3600S
2022-03-14 17:00:00,7525853.0,22.0,4.0,6.0,6.0,0.0,0.0,PT3600S
2022-03-14 17:00:00,7525854.0,68.0,14.0,19.0,18.0,0.0,0.0,PT3600S
2022-03-14 18:00:00,7525853.0,22.0,4.0,6.0,6.0,0.0,0.0,PT3600S
2022-03-14 18:00:00,7525854.0,67.0,12.0,24.0,18.0,0.0,0.0,PT3600S
2022-03-14 19:00:00,7525853.0,23.0,5.0,6.0,6.0,0.0,0.0,PT3600S
2022-03-14 19:00:00,7525854.0,99.0,18.0,26.0,18.0,1.0,0.0,PT3600S
2022-03-14 20:00:00,7525853.0,23.0,5.0,6.0,6.0,0.0,0.0,PT3600S
2022-03-14 20:00:00,7525854.0,58.0,16.0,22.0,18.0,0.0,0.0,PT3600S
2022-03-14 21:00:00,7525853.0,23.0,5.0,6.0,6.0,0.0,0.0,PT3600S
2022-03-14 21:00:00,7525854.0,58.0,14.0,19.0,18.0,0.0,0.0,PT3600S
2022-03-14 22:00:00,7525853.0,22.0,4.0,6.0,6.0,0.0,0.0,PT3600S
2022-03-14 22:00:00,7525854.0,67.0,16.0,19.0,18.0,0.0,0.0,PT3600S
2022-03-14 23:00:00,7525853.0,29.0,5.0,6.0,6.0,0.0,0.0,PT3600S
2022-03-14 23:00:00,7525854.0,68.0,14.0,23.0,17.0,0.0,0.0,PT3600S
2022-03-15 00:00:00,7525853.0,22.0,4.0,6.0,6.0,0.0,0.0,PT3600S
2022-03-15 00:00:00,7525854.0,48.0,9.0,19.0,17.0,0.0,0.0,PT3600S
2022-03-15 01:00:00,7525853.0,22.0,4.0,6.0,6.0,0.0,0.0,PT3600S
2022-03-15 01:00:00,7525854.0,44.0,7.0,19.0,17.0,0.0,0.0,PT3600S
2022-03-15 02:00:00,7525853.0,22.0,4.0,6.0,6.0,0.0,0.0,PT3600S
2022-03-15 02:00:00,7525854.0,50.0,7.0,19.0,17.0,0.0,0.0,PT3600S
2022-03-15 03:00:00,7525853.0,24.0,4.0,6.0,6.0,0.0,0.0,PT3600S
2022-03-15 03:00:00,7525854.0,90.0,10.0,24.0,17.0,0.0,0.0,PT3600S
2022-03-15 04:00:00,7525853.0,66.0,5.0,8.0,6.0,0.0,0.0,PT3600S
2022-03-15 04:00:00,7525854.0,76.0,8.0,21.0,17.0,0.0,0.0,PT3600S
2022-03-15 05:00:00,7525853.0,46.0,5.0,8.0,6.0,0.0,0.0,PT3600S
2022-03-15 05:00:00,7525854.0,86.0,9.0,23.0,17.0,0.0,0.0,PT3600S
2022-03-15 06:00:00,7525853.0,22.0,4.0,6.0,6.0,0.0,0.0,PT3600S
2022-03-15 06:00:00,7525854.0,91.0,8.0,24.0,18.0,0.0,0.0,PT3600S
2022-03-15 07:00:00,7525853.0,22.0,4.0,6.0,6.0,0.0,0.0,PT3600S
2022-03-15 07:00:00,7525854.0,56.0,13.0,23.0,18.0,0.0,0.0,PT3600S
2022-03-15 08:00:00,7525853.0,22.0,4.0,6.0,6.0,0.0,0.0,PT3600S
2022-03-15 08:00:00,7525854.0,62.0,15.0,23.0,18.0,0.0,0.0,PT3600S
2022-03-15 09:00:00,7525853.0,22.0,4.0,6.0,6.0,0.0,0.0,PT3600S
2022-03-15 09:00:00,7525854.0,66.0,12.0,21.0,17.0,0.0,0.0,PT3600S
2022-03-15 10:00:00,7525853.0,22.0,4.0,6.0,6.0,0.0,0.0,PT3600S
2022-03-15 10:00:00,7525854.0,52.0,11.0,19.0,18.0,0.0,0.0,PT3600S
2022-03-15 11:00:00,7525853.0,22.0,4.0,6.0,6.0,0.0,0.0,PT3600S
2022-03-15 11:00:00,7525854.0,66.0,11.0,22.0,18.0,0.0,0.0,PT3600S
2022-03-15 12:00:00,7525853.0,22.0,4.0,6.0,6.0,0.0,0.0,PT3600S
2022-03-15 12:00:00,7525854.0,51.0,10.0,19.0,18.0,0.0,0.0,PT3600S
2022-03-15 13:00:00,7525853.0,23.0,4.0,6.0,6.0,0.0,0.0,PT3600S
2022-03-15 13:00:00,7525854.0,58.0,11.0,19.0,18.0,0.0,0.0,PT3600S
2022-03-15 14:00:00,7525853.0,28.0,5.0,6.0,6.0,0.0,0.0,PT3600S
2022-03-15 14:00:00,7525854.0,66.0,10.0,19.0,18.0,0.0,0.0,PT3600S
2022-03-15 15:00:00,7525853.0,22.0,4.0,6.0,6.0,0.0,0.0,PT3600S
2022-03-15 15:00:00,7525854.0,52.0,10.0,19.0,18.0,0.0,0.0,PT3600S
2022-03-15 16:00:00,7525853.0,22.0,4.0,6.0,6.0,0.0,0.0,PT3600S
2022-03-15 16:00:00,7525854.0,62.0,12.0,24.0,17.0,0.0,0.0,PT3600S
2022-03-15 17:00:00,7525853.0,22.0,4.0,6.0,6.0,0.0,0.0,PT3600S
2022-03-15 17:00:00,7525854.0,66.0,10.0,19.0,17.0,0.0,0.0,PT3600S
2022-03-15 18:00:00,7525853.0,22.0,4.0,6.0,6.0,0.0,0.0,PT3600S
2022-03-15 18:00:00,7525854.0,70.0,12.0,24.0,17.0,0.0,0.0,PT3600S
2022-03-15 19:00:00,7525853.0,22.0,5.0,6.0,6.0,0.0,0.0,PT3600S
2022-03-15 19:00:00,7525854.0,67.0,12.0,19.0,17.0,0.0,0.0,PT3600S
2022-03-15 20:00:00,7525853.0,21.0,5.0,6.0,6.0,0.0,0.0,PT3600S
2022-03-15 20:00:00,7525854.0,62.0,14.0,19.0,17.0,0.0,0.0,PT3600S
2022-03-15 21:00:00,7525853.0,21.0,5.0,6.0,6.0,0.0,0.0,PT3600S
2022-03-15 21:00:00,7525854.0,65.0,13.0,19.0,17.0,0.0,0.0,PT3600S
2022-03-15 22:00:00,7525853.0,21.0,5.0,6.0,6.0,0.0,0.0,PT3600S
2022-03-15 22:00:00,7525854.0,57.0,11.0,19.0,17.0,0.0,0.0,PT3600S
2022-03-15 23:00:00,7525853.0,21.0,5.0,6.0,6.0,0.0,0.0,PT3600S
2022-03-15 23:00:00,7525854.0,64.0,9.0,19.0,17.0,0.0,0.0,PT3600S
2022-02-03 00:00:00,7525853.0,37.0,4.0,6.0,6.0,0.0,0.0,PT3600S
2022-02-03 00:00:00,7525854.0,48.0,8.0,18.0,16.0,0.0,0.0,PT3600S
2022-02-03 01:00:00,7525853.0,40.0,4.0,6.0,6.0,0.0,0.0,PT3600S
2022-02-03 01:00:00,7525854.0,46.0,7.0,18.0,16.0,0.0,0.0,PT3600S
2022-02-03 02:00:00,7525853.0,24.0,5.0,6.0,6.0,0.0,0.0,PT3600S
2022-02-03 02:00:00,7525854.0,45.0,7.0,18.0,16.0,0.0,0.0,PT3600S
2022-02-03 03:00:00,7525853.0,23.0,4.0,6.0,6.0,0.0,0.0,PT3600S
2022-02-03 03:00:00,7525854.0,86.0,14.0,23.0,17.0,0.0,0.0,PT3600S
2022-02-03 04:00:00,7525853.0,60.0,5.0,8.0,6.0,0.0,0.0,PT3600S
2022-02-03 04:00:00,7525854.0,82.0,8.0,21.0,17.0,0.0,0.0,PT3600S
2022-02-03 05:00:00,7525853.0,50.0,5.0,7.0,6.0,0.0,0.0,PT3600S
2022-02-03 05:00:00,7525854.0,86.0,9.0,24.0,17.0,0.0,0.0,PT3600S
2022-02-03 06:00:00,7525853.0,24.0,4.0,6.0,6.0,0.0,0.0,PT3600S
2022-02-03 06:00:00,7525854.0,92.0,8.0,26.0,18.0,0.0,0.0,PT3600S
2022-02-03 07:00:00,7525853.0,24.0,4.0,6.0,6.0,0.0,0.0,PT3600S
2022-02-03 07:00:00,7525854.0,58.0,11.0,24.0,18.0,0.0,0.0,PT3600S
2022-02-03 08:00:00,7525853.0,42.0,4.0,6.0,6.0,0.0,0.0,PT3600S
2022-02-03 08:00:00,7525854.0,51.0,11.0,20.0,18.0,0.0,0.0,PT3600S
2022-02-03 09:00:00,7525853.0,22.0,4.0,6.0,6.0,0.0,0.0,PT3600S
2022-02-03 09:00:00,7525854.0,52.0,11.0,20.0,18.0,0.0,0.0,PT3600S
2022-02-03 10:00:00,7525853.0,24.0,4.0,6.0,6.0,0.0,0.0,PT3600S
2022-02-03 10:00:00,7525854.0,53.0,12.0,20.0,18.0,0.0,0.0,PT3600S
2022-02-03 11:00:00,7525853.0,22.0,4.0,6.0,6.0,0.0,0.0,PT3600S
2022-02-03 11:00:00,7525854.0,52.0,11.0,19.0,17.0,0.0,0.0,PT3600S
2022-02-03 13:00:00,7525853.0,37.0,4.0,6.0,6.0,0.0,0.0,PT3600S
2022-02-03 13:00:00,7525854.0,63.0,11.0,24.0,17.0,0.0,0.0,PT3600S
2022-02-03 14:00:00,7525853.0,24.0,4.0,6.0,6.0,0.0,0.0,PT3600S
2022-02-03 14:00:00,7525854.0,51.0,10.0,19.0,17.0,0.0,0.0,PT3600S
2022-02-03 15:00:00,7525853.0,22.0,4.0,6.0,6.0,0.0,0.0,PT3600S
2022-02-03 15:00:00,7525854.0,82.0,14.0,24.0,17.0,0.0,0.0,PT3600S
2022-02-03 12:00:00,7525853.0,38.0,4.0,6.0,6.0,0.0,0.0,PT3600S
2022-02-03 12:00:00,7525854.0,62.0,12.0,23.0,17.0,0.0,0.0,PT3600S
2022-02-03 16:00:00,7525853.0,22.0,4.0,6.0,6.0,0.0,0.0,PT3600S
2022-02-03 16:00:00,7525854.0,53.0,15.0,21.0,17.0,0.0,0.0,PT3600S
2022-02-03 17:00:00,7525853.0,23.0,4.0,6.0,6.0,0.0,0.0,PT3600S
2022-02-03 17:00:00,7525854.0,80.0,17.0,25.0,18.0,0.0,0.0,PT3600S
2022-02-03 18:00:00,7525853.0,22.0,4.0,6.0,6.0,0.0,0.0,PT3600S
2022-02-03 18:00:00,7525854.0,55.0,14.0,19.0,17.0,0.0,0.0,PT3600S
2022-02-03 19:00:00,7525853.0,22.0,4.0,6.0,6.0,0.0,0.0,PT3600S
2022-02-03 19:00:00,7525854.0,53.0,13.0,18.0,16.0,0.0,0.0,PT3600S
2022-02-03 20:00:00,7525853.0,22.0,4.0,6.0,6.0,0.0,0.0,PT3600S
2022-02-03 20:00:00,7525854.0,55.0,14.0,18.0,17.0,0.0,0.0,PT3600S
2022-02-03 21:00:00,7525853.0,23.0,5.0,6.0,6.0,0.0,0.0,PT3600S
2022-02-03 21:00:00,7525854.0,54.0,13.0,18.0,17.0,0.0,0.0,PT3600S
2022-02-03 22:00:00,7525853.0,24.0,4.0,6.0,6.0,0.0,0.0,PT3600S
2022-02-03 22:00:00,7525854.0,53.0,11.0,18.0,16.0,0.0,0.0,PT3600S
2022-02-03 23:00:00,7525853.0,36.0,6.0,6.0,6.0,0.0,0.0,PT3600S
2022-02-03 23:00:00,7525854.0,51.0,9.0,18.0,16.0,0.0,0.0,PT3600S
2022-02-04 00:00:00,7525853.0,38.0,4.0,6.0,6.0,0.0,0.0,PT3600S
2022-02-04 00:00:00,7525854.0,53.0,8.0,18.0,16.0,0.0,0.0,PT3600S
2022-02-04 01:00:00,7525853.0,38.0,4.0,6.0,6.0,0.0,0.0,PT3600S
2022-02-04 01:00:00,7525854.0,46.0,7.0,18.0,16.0,0.0,0.0,PT3600S
2022-02-04 02:00:00,7525853.0,22.0,4.0,6.0,6.0,0.0,0.0,PT3600S
2022-02-04 02:00:00,7525854.0,47.0,6.0,18.0,16.0,0.0,0.0,PT3600S
2022-02-04 03:00:00,7525853.0,23.0,4.0,6.0,6.0,0.0,0.0,PT3600S
2022-02-04 03:00:00,7525854.0,87.0,11.0,22.0,16.0,0.0,0.0,PT3600S
2022-02-04 04:00:00,7525853.0,70.0,5.0,8.0,6.0,0.0,0.0,PT3600S
2022-02-04 04:00:00,7525854.0,76.0,8.0,22.0,17.0,0.0,0.0,PT3600S
2022-02-04 05:00:00,7525853.0,41.0,5.0,7.0,6.0,0.0,0.0,PT3600S
2022-02-04 05:00:00,7525854.0,82.0,9.0,23.0,17.0,0.0,0.0,PT3600S
2022-02-04 06:00:00,7525853.0,23.0,4.0,6.0,6.0,0.0,0.0,PT3600S
2022-02-04 06:00:00,7525854.0,93.0,12.0,25.0,17.0,0.0,0.0,PT3600S
2022-02-04 07:00:00,7525853.0,23.0,4.0,6.0,6.0,0.0,0.0,PT3600S
2022-02-04 07:00:00,7525854.0,48.0,9.0,18.0,17.0,0.0,0.0,PT3600S
2022-02-04 08:00:00,7525853.0,24.0,4.0,6.0,6.0,0.0,0.0,PT3600S
2022-02-04 08:00:00,7525854.0,51.0,11.0,18.0,17.0,0.0,0.0,PT3600S
2022-02-04 09:00:00,7525853.0,23.0,4.0,6.0,6.0,0.0,0.0,PT3600S
2022-02-04 09:00:00,7525854.0,52.0,13.0,20.0,17.0,0.0,0.0,PT3600S
2022-02-04 10:00:00,7525853.0,22.0,4.0,6.0,6.0,0.0,0.0,PT3600S
2022-02-04 10:00:00,7525854.0,53.0,12.0,19.0,17.0,0.0,0.0,PT3600S
2022-02-04 11:00:00,7525853.0,23.0,4.0,6.0,6.0,0.0,0.0,PT3600S
2022-02-04 11:00:00,7525854.0,52.0,11.0,19.0,16.0,0.0,0.0,PT3600S
2022-02-04 12:00:00,7525853.0,39.0,4.0,6.0,6.0,0.0,0.0,PT3600S
2022-02-04 12:00:00,7525854.0,50.0,12.0,20.0,16.0,0.0,0.0,PT3600S
2022-02-04 13:00:00,7525853.0,39.0,4.0,6.0,6.0,0.0,0.0,PT3600S
2022-02-04 13:00:00,7525854.0,54.0,10.0,18.0,16.0,0.0,0.0,PT3600S
2022-02-04 14:00:00,7525853.0,22.0,4.0,6.0,6.0,0.0,0.0,PT3600S
2022-02-04 14:00:00,7525854.0,50.0,11.0,18.0,16.0,0.0,0.0,PT3600S
2022-02-04 15:00:00,7525853.0,26.0,5.0,6.0,6.0,0.0,0.0,PT3600S
2022-02-04 15:00:00,7525854.0,57.0,18.0,18.0,16.0,0.0,0.0,PT3600S
2022-02-04 16:00:00,7525853.0,26.0,4.0,6.0,6.0,0.0,0.0,PT3600S
2022-02-04 16:00:00,7525854.0,70.0,17.0,24.0,17.0,0.0,0.0,PT3600S
2022-02-04 17:00:00,7525853.0,25.0,5.0,6.0,6.0,0.0,0.0,PT3600S
2022-02-04 17:00:00,7525854.0,72.0,21.0,23.0,17.0,0.0,0.0,PT3600S
2022-02-04 18:00:00,7525853.0,22.0,4.0,6.0,6.0,0.0,0.0,PT3600S
2022-02-04 18:00:00,7525854.0,56.0,13.0,18.0,16.0,0.0,0.0,PT3600S
2022-02-04 19:00:00,7525853.0,23.0,4.0,6.0,6.0,0.0,0.0,PT3600S
2022-02-04 19:00:00,7525854.0,53.0,13.0,18.0,16.0,0.0,0.0,PT3600S
2022-02-04 20:00:00,7525853.0,25.0,5.0,6.0,6.0,0.0,0.0,PT3600S
2022-02-04 20:00:00,7525854.0,56.0,15.0,18.0,16.0,0.0,0.0,PT3600S
2022-02-04 21:00:00,7525853.0,25.0,5.0,6.0,6.0,0.0,0.0,PT3600S
2022-02-04 21:00:00,7525854.0,57.0,13.0,18.0,16.0,0.0,0.0,PT3600S
2022-02-04 22:00:00,7525853.0,23.0,4.0,6.0,6.0,0.0,0.0,PT3600S
2022-02-04 22:00:00,7525854.0,54.0,11.0,18.0,16.0,0.0,0.0,PT3600S
2022-02-04 23:00:00,7525853.0,24.0,5.0,6.0,6.0,0.0,0.0,PT3600S
2022-02-04 23:00:00,7525854.0,49.0,9.0,18.0,16.0,0.0,0.0,PT3600S
2022-02-05 00:00:00,7525853.0,46.0,6.0,7.0,6.0,0.0,0.0,PT3600S
2022-02-05 00:00:00,7525854.0,52.0,8.0,18.0,16.0,0.0,0.0,PT3600S
2022-02-05 01:00:00,7525853.0,38.0,4.0,7.0,6.0,0.0,0.0,PT3600S
2022-02-05 01:00:00,7525854.0,47.0,7.0,18.0,16.0,0.0,0.0,PT3600S
2022-02-05 02:00:00,7525853.0,23.0,4.0,6.0,6.0,0.0,0.0,PT3600S
2022-02-05 02:00:00,7525854.0,46.0,7.0,18.0,16.0,0.0,0.0,PT3600S
2022-02-05 03:00:00,7525853.0,23.0,4.0,6.0,6.0,0.0,0.0,PT3600S
2022-02-05 03:00:00,7525854.0,88.0,11.0,23.0,16.0,0.0,0.0,PT3600S
2022-02-05 04:00:00,7525853.0,24.0,4.0,6.0,6.0,0.0,0.0,PT3600S
2022-02-05 04:00:00,7525854.0,78.0,8.0,20.0,16.0,0.0,0.0,PT3600S
2022-02-05 05:00:00,7525853.0,48.0,5.0,7.0,6.0,0.0,0.0,PT3600S
2022-02-05 05:00:00,7525854.0,85.0,10.0,22.0,16.0,0.0,0.0,PT3600S
2022-02-05 06:00:00,7525853.0,23.0,4.0,6.0,6.0,0.0,0.0,PT3600S
2022-02-05 06:00:00,7525854.0,95.0,12.0,23.0,16.0,0.0,0.0,PT3600S
2022-02-05 07:00:00,7525853.0,22.0,4.0,6.0,6.0,0.0,0.0,PT3600S
2022-02-05 07:00:00,7525854.0,60.0,11.0,22.0,16.0,0.0,0.0,PT3600S
2022-02-05 08:00:00,7525853.0,22.0,4.0,6.0,6.0,0.0,0.0,PT3600S
2022-02-05 08:00:00,7525854.0,51.0,11.0,17.0,16.0,0.0,0.0,PT3600S
2022-02-05 09:00:00,7525853.0,23.0,4.0,6.0,6.0,0.0,0.0,PT3600S
2022-02-05 09:00:00,7525854.0,52.0,11.0,17.0,16.0,0.0,0.0,PT3600S
2022-02-05 10:00:00,7525853.0,22.0,4.0,6.0,6.0,0.0,0.0,PT3600S
2022-02-05 10:00:00,7525854.0,65.0,13.0,22.0,16.0,0.0,0.0,PT3600S
2022-02-05 11:00:00,7525853.0,23.0,4.0,6.0,6.0,0.0,0.0,PT3600S
2022-02-05 11:00:00,7525854.0,52.0,11.0,18.0,16.0,0.0,0.0,PT3600S
2022-02-05 12:00:00,7525853.0,40.0,4.0,6.0,6.0,0.0,0.0,PT3600S
2022-02-05 12:00:00,7525854.0,51.0,11.0,17.0,16.0,0.0,0.0,PT3600S
2022-02-05 13:00:00,7525853.0,38.0,4.0,6.0,6.0,0.0,0.0,PT3600S
2022-02-05 13:00:00,7525854.0,51.0,11.0,18.0,16.0,0.0,0.0,PT3600S
2022-02-05 14:00:00,7525853.0,22.0,4.0,6.0,6.0,0.0,0.0,PT3600S
2022-02-05 14:00:00,7525854.0,51.0,10.0,18.0,16.0,0.0,0.0,PT3600S
2022-02-05 15:00:00,7525853.0,25.0,4.0,7.0,6.0,0.0,0.0,PT3600S
2022-02-05 15:00:00,7525854.0,51.0,11.0,18.0,16.0,0.0,0.0,PT3600S
2022-02-05 16:00:00,7525853.0,23.0,4.0,6.0,6.0,0.0,0.0,PT3600S
2022-02-05 16:00:00,7525854.0,51.0,11.0,18.0,16.0,0.0,0.0,PT3600S
2022-02-05 17:00:00,7525853.0,22.0,4.0,6.0,6.0,0.0,0.0,PT3600S
2022-02-05 17:00:00,7525854.0,51.0,11.0,18.0,16.0,0.0,0.0,PT3600S
2022-02-05 18:00:00,7525853.0,23.0,4.0,6.0,6.0,0.0,0.0,PT3600S
2022-02-05 18:00:00,7525854.0,52.0,11.0,18.0,16.0,0.0,0.0,PT3600S
2022-02-05 19:00:00,7525853.0,22.0,4.0,6.0,6.0,0.0,0.0,PT3600S
2022-02-05 19:00:00,7525854.0,57.0,13.0,18.0,16.0,0.0,0.0,PT3600S
2022-02-05 20:00:00,7525853.0,22.0,4.0,6.0,6.0,0.0,0.0,PT3600S
2022-02-05 20:00:00,7525854.0,57.0,14.0,18.0,16.0,0.0,0.0,PT3600S
2022-02-05 21:00:00,7525853.0,22.0,4.0,6.0,6.0,0.0,0.0,PT3600S
2022-02-05 21:00:00,7525854.0,59.0,14.0,20.0,16.0,0.0,0.0,PT3600S
2022-02-05 22:00:00,7525853.0,23.0,4.0,6.0,6.0,0.0,0.0,PT3600S
2022-02-05 22:00:00,7525854.0,69.0,14.0,23.0,16.0,0.0,0.0,PT3600S
2022-02-05 23:00:00,7525853.0,22.0,4.0,6.0,6.0,0.0,0.0,PT3600S
2022-02-05 23:00:00,7525854.0,50.0,9.0,18.0,16.0,0.0,0.0,PT3600S
2022-02-06 00:00:00,7525853.0,38.0,5.0,7.0,6.0,0.0,0.0,PT3600S
2022-02-06 00:00:00,7525854.0,46.0,9.0,18.0,16.0,0.0,0.0,PT3600S
2022-02-06 01:00:00,7525853.0,35.0,4.0,7.0,6.0,0.0,0.0,PT3600S
2022-02-06 01:00:00,7525854.0,46.0,7.0,17.0,16.0,0.0,0.0,PT3600S
2022-02-06 02:00:00,7525853.0,22.0,4.0,7.0,6.0,0.0,0.0,PT3600S
2022-02-06 02:00:00,7525854.0,48.0,7.0,17.0,16.0,0.0,0.0,PT3600S
2022-02-06 03:00:00,7525853.0,23.0,4.0,6.0,6.0,0.0,0.0,PT3600S
2022-02-06 03:00:00,7525854.0,86.0,10.0,22.0,16.0,0.0,0.0,PT3600S
2022-02-06 04:00:00,7525853.0,76.0,5.0,8.0,6.0,0.0,0.0,PT3600S
2022-02-06 04:00:00,7525854.0,72.0,8.0,20.0,16.0,0.0,0.0,PT3600S
2022-02-06 05:00:00,7525853.0,42.0,5.0,7.0,6.0,0.0,0.0,PT3600S
2022-02-06 05:00:00,7525854.0,86.0,9.0,22.0,16.0,0.0,0.0,PT3600S
2022-02-06 06:00:00,7525853.0,22.0,4.0,7.0,6.0,0.0,0.0,PT3600S
2022-02-06 06:00:00,7525854.0,79.0,8.0,21.0,16.0,0.0,0.0,PT3600S
2022-02-06 07:00:00,7525853.0,25.0,4.0,7.0,6.0,0.0,0.0,PT3600S
2022-02-06 07:00:00,7525854.0,58.0,11.0,22.0,16.0,0.0,0.0,PT3600S
2022-02-06 08:00:00,7525853.0,24.0,4.0,7.0,6.0,0.0,0.0,PT3600S
2022-02-06 08:00:00,7525854.0,52.0,11.0,17.0,16.0,0.0,0.0,PT3600S
2022-02-06 09:00:00,7525853.0,25.0,4.0,7.0,6.0,0.0,0.0,PT3600S
2022-02-06 09:00:00,7525854.0,50.0,11.0,17.0,16.0,0.0,0.0,PT3600S
2022-02-06 10:00:00,7525853.0,22.0,4.0,6.0,6.0,0.0,0.0,PT3600S
2022-02-06 10:00:00,7525854.0,52.0,11.0,17.0,16.0,0.0,0.0,PT3600S
2022-02-06 11:00:00,7525853.0,22.0,4.0,6.0,6.0,0.0,0.0,PT3600S
2022-02-06 11:00:00,7525854.0,51.0,11.0,18.0,16.0,0.0,0.0,PT3600S
2022-02-06 12:00:00,7525853.0,40.0,4.0,6.0,6.0,0.0,0.0,PT3600S
2022-02-06 12:00:00,7525854.0,51.0,11.0,18.0,16.0,0.0,0.0,PT3600S
2022-02-06 13:00:00,7525853.0,36.0,4.0,6.0,6.0,0.0,0.0,PT3600S
2022-02-06 13:00:00,7525854.0,51.0,10.0,18.0,16.0,0.0,0.0,PT3600S
2022-02-06 14:00:00,7525853.0,22.0,4.0,6.0,6.0,0.0,0.0,PT3600S
2022-02-06 14:00:00,7525854.0,71.0,15.0,23.0,16.0,0.0,0.0,PT3600S
2022-02-06 15:00:00,7525853.0,22.0,4.0,6.0,6.0,0.0,0.0,PT3600S
2022-02-06 15:00:00,7525854.0,61.0,15.0,18.0,16.0,0.0,0.0,PT3600S
2022-02-06 16:00:00,7525853.0,25.0,4.0,7.0,6.0,0.0,0.0,PT3600S
2022-02-06 16:00:00,7525854.0,52.0,11.0,17.0,16.0,0.0,0.0,PT3600S
2022-02-06 17:00:00,7525853.0,22.0,5.0,7.0,6.0,0.0,0.0,PT3600S
2022-02-06 17:00:00,7525854.0,82.0,19.0,23.0,16.0,0.0,0.0,PT3600S
2022-02-06 18:00:00,7525853.0,22.0,4.0,6.0,6.0,0.0,0.0,PT3600S
2022-02-06 18:00:00,7525854.0,55.0,13.0,18.0,16.0,0.0,0.0,PT3600S
2022-02-06 19:00:00,7525853.0,26.0,4.0,6.0,6.0,0.0,0.0,PT3600S
2022-02-06 19:00:00,7525854.0,53.0,13.0,18.0,16.0,0.0,0.0,PT3600S
2022-02-06 20:00:00,7525853.0,23.0,4.0,6.0,6.0,0.0,0.0,PT3600S
2022-02-06 20:00:00,7525854.0,55.0,14.0,18.0,16.0,0.0,0.0,PT3600S
2022-02-06 21:00:00,7525853.0,22.0,5.0,7.0,6.0,0.0,0.0,PT3600S
2022-02-06 21:00:00,7525854.0,55.0,13.0,18.0,16.0,0.0,0.0,PT3600S
2022-02-06 22:00:00,7525853.0,23.0,4.0,6.0,6.0,0.0,0.0,PT3600S
2022-02-06 22:00:00,7525854.0,55.0,11.0,18.0,16.0,0.0,0.0,PT3600S
2022-02-06 23:00:00,7525853.0,22.0,4.0,7.0,6.0,0.0,0.0,PT3600S
2022-02-06 23:00:00,7525854.0,50.0,8.0,18.0,16.0,0.0,0.0,PT3600S
2022-02-08 00:00:00,7525853.0,47.0,5.0,7.0,6.0,0.0,0.0,PT3600S
2022-02-08 00:00:00,7525854.0,48.0,8.0,18.0,16.0,0.0,0.0,PT3600S
2022-02-08 01:00:00,7525853.0,29.0,4.0,7.0,7.0,0.0,0.0,PT3600S
2022-02-08 01:00:00,7525854.0,44.0,6.0,18.0,17.0,0.0,0.0,PT3600S
2022-02-08 02:00:00,7525853.0,22.0,4.0,7.0,7.0,0.0,0.0,PT3600S
2022-02-08 02:00:00,7525854.0,46.0,6.0,18.0,17.0,0.0,0.0,PT3600S
2022-02-08 03:00:00,7525853.0,25.0,4.0,7.0,7.0,0.0,0.0,PT3600S
2022-02-08 03:00:00,7525854.0,88.0,11.0,22.0,16.0,0.0,0.0,PT3600S
2022-02-08 04:00:00,7525853.0,66.0,5.0,8.0,7.0,0.0,0.0,PT3600S
2022-02-08 04:00:00,7525854.0,84.0,8.0,22.0,17.0,0.0,0.0,PT3600S
2022-02-08 05:00:00,7525853.0,53.0,5.0,8.0,7.0,0.0,0.0,PT3600S
2022-02-08 05:00:00,7525854.0,88.0,9.0,26.0,20.0,0.0,0.0,PT3600S
2022-02-08 06:00:00,7525853.0,23.0,3.0,7.0,7.0,0.0,0.0,PT3600S
2022-02-08 06:00:00,7525854.0,94.0,9.0,28.0,21.0,0.0,0.0,PT3600S
2022-02-08 07:00:00,7525853.0,22.0,3.0,7.0,7.0,0.0,0.0,PT3600S
2022-02-08 07:00:00,7525854.0,65.0,14.0,27.0,21.0,0.0,0.0,PT3600S
2022-02-08 08:00:00,7525853.0,23.0,3.0,7.0,7.0,0.0,0.0,PT3600S
2022-02-08 08:00:00,7525854.0,51.0,11.0,22.0,21.0,0.0,0.0,PT3600S
2022-02-08 09:00:00,7525853.0,22.0,3.0,7.0,6.0,0.0,0.0,PT3600S
2022-02-08 09:00:00,7525854.0,51.0,12.0,24.0,21.0,0.0,0.0,PT3600S
2022-02-08 10:00:00,7525853.0,22.0,3.0,7.0,7.0,0.0,0.0,PT3600S
2022-02-08 10:00:00,7525854.0,59.0,12.0,27.0,21.0,0.0,0.0,PT3600S
2022-02-08 11:00:00,7525853.0,21.0,3.0,7.0,7.0,0.0,0.0,PT3600S
2022-02-08 11:00:00,7525854.0,52.0,11.0,22.0,21.0,0.0,0.0,PT3600S
2022-02-08 12:00:00,7525853.0,37.0,3.0,7.0,7.0,0.0,0.0,PT3600S
2022-02-08 12:00:00,7525854.0,52.0,10.0,22.0,18.0,0.0,0.0,PT3600S
2022-02-08 13:00:00,7525853.0,23.0,4.0,7.0,7.0,0.0,0.0,PT3600S
2022-02-08 13:00:00,7525854.0,53.0,12.0,18.0,16.0,0.0,0.0,PT3600S
2022-02-08 14:00:00,7525853.0,21.0,4.0,7.0,7.0,0.0,0.0,PT3600S
2022-02-08 14:00:00,7525854.0,53.0,11.0,18.0,16.0,0.0,0.0,PT3600S
2022-02-08 15:00:00,7525853.0,23.0,3.0,7.0,7.0,0.0,0.0,PT3600S
2022-02-08 15:00:00,7525854.0,50.0,10.0,18.0,16.0,0.0,0.0,PT3600S
2022-02-08 16:00:00,7525853.0,23.0,3.0,7.0,7.0,0.0,0.0,PT3600S
2022-02-08 16:00:00,7525854.0,50.0,10.0,18.0,17.0,0.0,0.0,PT3600S
2022-02-08 17:00:00,7525853.0,21.0,4.0,7.0,7.0,0.0,0.0,PT3600S
2022-02-08 17:00:00,7525854.0,51.0,10.0,18.0,17.0,0.0,0.0,PT3600S
2022-02-08 18:00:00,7525853.0,21.0,4.0,7.0,7.0,0.0,0.0,PT3600S
2022-02-08 18:00:00,7525854.0,52.0,11.0,18.0,17.0,0.0,0.0,PT3600S
2022-02-08 19:00:00,7525853.0,24.0,4.0,7.0,7.0,0.0,0.0,PT3600S
2022-02-08 19:00:00,7525854.0,53.0,13.0,18.0,17.0,0.0,0.0,PT3600S
2022-02-08 20:00:00,7525853.0,22.0,4.0,7.0,7.0,0.0,0.0,PT3600S
2022-02-08 20:00:00,7525854.0,58.0,15.0,18.0,17.0,0.0,0.0,PT3600S
2022-02-08 21:00:00,7525853.0,23.0,4.0,7.0,7.0,0.0,0.0,PT3600S
2022-02-08 21:00:00,7525854.0,56.0,14.0,18.0,16.0,0.0,0.0,PT3600S
2022-02-08 22:00:00,7525853.0,21.0,4.0,7.0,7.0,0.0,0.0,PT3600S
2022-02-08 22:00:00,7525854.0,54.0,11.0,18.0,16.0,0.0,0.0,PT3600S
2022-02-08 23:00:00,7525853.0,32.0,5.0,7.0,7.0,0.0,0.0,PT3600S
2022-02-08 23:00:00,7525854.0,50.0,8.0,18.0,16.0,0.0,0.0,PT3600S
2022-02-10 00:00:00,7525853.0,36.0,4.0,8.0,7.0,0.0,0.0,PT3600S
2022-02-10 00:00:00,7525854.0,50.0,8.0,18.0,16.0,0.0,0.0,PT3600S
2022-02-10 01:00:00,7525853.0,30.0,4.0,7.0,6.0,0.0,0.0,PT3600S
2022-02-10 01:00:00,7525854.0,47.0,7.0,18.0,16.0,0.0,0.0,PT3600S
2022-02-10 02:00:00,7525853.0,22.0,4.0,7.0,6.0,0.0,0.0,PT3600S
2022-02-10 02:00:00,7525854.0,50.0,7.0,18.0,16.0,0.0,0.0,PT3600S
2022-02-10 03:00:00,7525853.0,22.0,4.0,7.0,6.0,0.0,0.0,PT3600S
2022-02-10 03:00:00,7525854.0,89.0,10.0,22.0,16.0,0.0,0.0,PT3600S
2022-02-10 04:00:00,7525853.0,53.0,5.0,8.0,6.0,0.0,0.0,PT3600S
2022-02-10 04:00:00,7525854.0,78.0,7.0,21.0,16.0,0.0,0.0,PT3600S
2022-02-10 05:00:00,7525853.0,53.0,5.0,7.0,6.0,0.0,0.0,PT3600S
2022-02-10 05:00:00,7525854.0,78.0,9.0,22.0,16.0,0.0,0.0,PT3600S
2022-02-10 06:00:00,7525853.0,22.0,4.0,7.0,6.0,0.0,0.0,PT3600S
2022-02-10 06:00:00,7525854.0,80.0,8.0,21.0,16.0,0.0,0.0,PT3600S
2022-02-10 07:00:00,7525853.0,23.0,4.0,6.0,6.0,0.0,0.0,PT3600S
2022-02-10 07:00:00,7525854.0,65.0,12.0,23.0,17.0,0.0,0.0,PT3600S
2022-02-10 08:00:00,7525853.0,22.0,4.0,6.0,6.0,0.0,0.0,PT3600S
2022-02-10 08:00:00,7525854.0,51.0,13.0,20.0,17.0,0.0,0.0,PT3600S
2022-02-10 09:00:00,7525853.0,22.0,4.0,6.0,6.0,0.0,0.0,PT3600S
2022-02-10 09:00:00,7525854.0,53.0,13.0,20.0,16.0,0.0,0.0,PT3600S
2022-02-11 15:00:00,7525853.0,21.0,4.0,6.0,6.0,0.0,0.0,PT3600S
2022-02-11 15:00:00,7525854.0,52.0,10.0,18.0,17.0,0.0,0.0,PT3600S
2022-02-11 16:00:00,7525853.0,21.0,4.0,7.0,6.0,0.0,0.0,PT3600S
2022-02-11 16:00:00,7525854.0,62.0,12.0,23.0,17.0,0.0,0.0,PT3600S
2022-02-11 17:00:00,7525853.0,21.0,4.0,6.0,6.0,0.0,0.0,PT3600S
2022-02-11 17:00:00,7525854.0,65.0,17.0,23.0,17.0,0.0,0.0,PT3600S
2022-02-10 10:00:00,7525853.0,29.0,4.0,7.0,6.0,0.0,0.0,PT3600S
2022-02-10 10:00:00,7525854.0,52.0,11.0,18.0,16.0,0.0,0.0,PT3600S
2022-02-10 11:00:00,7525853.0,24.0,4.0,7.0,6.0,0.0,0.0,PT3600S
2022-02-10 11:00:00,7525854.0,53.0,11.0,18.0,17.0,0.0,0.0,PT3600S
2022-02-10 12:00:00,7525853.0,39.0,4.0,7.0,6.0,0.0,0.0,PT3600S
2022-02-10 12:00:00,7525854.0,74.0,13.0,23.0,17.0,0.0,0.0,PT3600S
2022-02-10 13:00:00,7525853.0,25.0,4.0,7.0,6.0,0.0,0.0,PT3600S
2022-02-10 13:00:00,7525854.0,51.0,10.0,18.0,17.0,0.0,0.0,PT3600S
2022-02-10 14:00:00,7525853.0,21.0,4.0,7.0,6.0,0.0,0.0,PT3600S
2022-02-10 14:00:00,7525854.0,51.0,10.0,18.0,17.0,0.0,0.0,PT3600S
2022-02-10 15:00:00,7525853.0,22.0,4.0,6.0,6.0,0.0,0.0,PT3600S
2022-02-10 15:00:00,7525854.0,52.0,11.0,18.0,17.0,0.0,0.0,PT3600S
2022-02-10 16:00:00,7525853.0,21.0,4.0,7.0,6.0,0.0,0.0,PT3600S
2022-02-10 16:00:00,7525854.0,52.0,11.0,18.0,17.0,0.0,0.0,PT3600S
2022-02-10 17:00:00,7525853.0,23.0,4.0,7.0,6.0,0.0,0.0,PT3600S
2022-02-10 17:00:00,7525854.0,51.0,11.0,18.0,17.0,0.0,0.0,PT3600S
2022-02-10 18:00:00,7525853.0,22.0,4.0,6.0,6.0,0.0,0.0,PT3600S
2022-02-10 18:00:00,7525854.0,52.0,12.0,18.0,16.0,0.0,0.0,PT3600S
2022-02-10 19:00:00,7525853.0,22.0,4.0,6.0,6.0,0.0,0.0,PT3600S
2022-02-10 19:00:00,7525854.0,52.0,13.0,18.0,17.0,0.0,0.0,PT3600S
2022-02-10 20:00:00,7525853.0,31.0,5.0,6.0,6.0,0.0,0.0,PT3600S
2022-02-10 20:00:00,7525854.0,56.0,15.0,19.0,17.0,0.0,0.0,PT3600S
2022-02-10 21:00:00,7525853.0,22.0,4.0,6.0,6.0,0.0,0.0,PT3600S
2022-02-10 21:00:00,7525854.0,58.0,13.0,19.0,17.0,0.0,0.0,PT3600S
2022-02-10 22:00:00,7525853.0,22.0,4.0,6.0,6.0,0.0,0.0,PT3600S
2022-02-10 22:00:00,7525854.0,58.0,11.0,18.0,16.0,0.0,0.0,PT3600S
2022-02-10 23:00:00,7525853.0,37.0,5.0,7.0,6.0,0.0,0.0,PT3600S
2022-02-10 23:00:00,7525854.0,46.0,9.0,18.0,16.0,0.0,0.0,PT3600S
2022-02-11 00:00:00,7525853.0,22.0,4.0,6.0,6.0,0.0,0.0,PT3600S
2022-02-11 00:00:00,7525854.0,60.0,9.0,23.0,17.0,0.0,0.0,PT3600S
2022-02-11 01:00:00,7525853.0,38.0,4.0,6.0,6.0,0.0,0.0,PT3600S
2022-02-11 01:00:00,7525854.0,48.0,7.0,18.0,17.0,0.0,0.0,PT3600S
2022-02-11 02:00:00,7525853.0,22.0,4.0,6.0,6.0,0.0,0.0,PT3600S
2022-02-11 02:00:00,7525854.0,47.0,6.0,18.0,16.0,0.0,0.0,PT3600S
2022-02-11 03:00:00,7525853.0,22.0,4.0,6.0,6.0,0.0,0.0,PT3600S
2022-02-11 03:00:00,7525854.0,90.0,10.0,23.0,16.0,0.0,0.0,PT3600S
2022-02-11 04:00:00,7525853.0,57.0,5.0,8.0,6.0,0.0,0.0,PT3600S
2022-02-11 04:00:00,7525854.0,80.0,7.0,21.0,16.0,0.0,0.0,PT3600S
2022-02-11 05:00:00,7525853.0,42.0,5.0,7.0,6.0,0.0,0.0,PT3600S
2022-02-11 05:00:00,7525854.0,79.0,9.0,22.0,16.0,0.0,0.0,PT3600S
2022-02-11 06:00:00,7525853.0,20.0,4.0,6.0,6.0,0.0,0.0,PT3600S
2022-02-11 06:00:00,7525854.0,80.0,8.0,21.0,16.0,0.0,0.0,PT3600S
2022-02-11 07:00:00,7525853.0,21.0,4.0,6.0,6.0,0.0,0.0,PT3600S
2022-02-11 07:00:00,7525854.0,63.0,11.0,22.0,16.0,0.0,0.0,PT3600S
2022-02-11 08:00:00,7525853.0,20.0,4.0,6.0,6.0,0.0,0.0,PT3600S
2022-02-11 08:00:00,7525854.0,52.0,11.0,20.0,16.0,0.0,0.0,PT3600S
2022-02-11 09:00:00,7525853.0,20.0,4.0,6.0,6.0,0.0,0.0,PT3600S
2022-02-11 09:00:00,7525854.0,52.0,12.0,20.0,16.0,0.0,0.0,PT3600S
2022-02-11 10:00:00,7525853.0,20.0,4.0,7.0,6.0,0.0,0.0,PT3600S
2022-02-11 10:00:00,7525854.0,75.0,14.0,24.0,17.0,0.0,0.0,PT3600S
2022-02-11 11:00:00,7525853.0,21.0,4.0,6.0,6.0,0.0,0.0,PT3600S
2022-02-11 11:00:00,7525854.0,75.0,13.0,24.0,17.0,0.0,0.0,PT3600S
2022-02-11 12:00:00,7525853.0,21.0,4.0,6.0,6.0,0.0,0.0,PT3600S
2022-02-11 12:00:00,7525854.0,58.0,10.0,18.0,16.0,0.0,0.0,PT3600S
2022-02-11 13:00:00,7525853.0,37.0,4.0,6.0,6.0,0.0,0.0,PT3600S
2022-02-11 13:00:00,7525854.0,65.0,12.0,24.0,16.0,0.0,0.0,PT3600S
2022-02-11 14:00:00,7525853.0,21.0,4.0,6.0,6.0,0.0,0.0,PT3600S
2022-02-11 14:00:00,7525854.0,51.0,10.0,18.0,17.0,0.0,0.0,PT3600S
2022-02-11 18:00:00,7525853.0,21.0,4.0,6.0,6.0,0.0,0.0,PT3600S
2022-02-11 18:00:00,7525854.0,58.0,11.0,20.0,16.0,0.0,0.0,PT3600S
2022-02-11 19:00:00,7525853.0,21.0,4.0,7.0,6.0,0.0,0.0,PT3600S
2022-02-11 19:00:00,7525854.0,52.0,13.0,18.0,16.0,0.0,0.0,PT3600S
2022-02-11 20:00:00,7525853.0,21.0,4.0,6.0,6.0,0.0,0.0,PT3600S
2022-02-11 20:00:00,7525854.0,65.0,16.0,23.0,16.0,0.0,0.0,PT3600S
2022-02-11 21:00:00,7525853.0,23.0,4.0,7.0,6.0,0.0,0.0,PT3600S
2022-02-11 21:00:00,7525854.0,89.0,20.0,25.0,16.0,0.0,0.0,PT3600S
2022-02-11 22:00:00,7525853.0,25.0,5.0,6.0,6.0,0.0,0.0,PT3600S
2022-02-11 22:00:00,7525854.0,73.0,18.0,23.0,16.0,0.0,0.0,PT3600S
2022-02-11 23:00:00,7525853.0,21.0,4.0,6.0,6.0,0.0,0.0,PT3600S
2022-02-11 23:00:00,7525854.0,58.0,9.0,18.0,16.0,0.0,0.0,PT3600S
2022-02-12 00:00:00,7525853.0,22.0,4.0,6.0,6.0,0.0,0.0,PT3600S
2022-02-12 00:00:00,7525854.0,62.0,10.0,23.0,16.0,0.0,0.0,PT3600S
2022-02-12 01:00:00,7525853.0,23.0,4.0,6.0,6.0,0.0,0.0,PT3600S
2022-02-12 01:00:00,7525854.0,53.0,7.0,18.0,16.0,0.0,0.0,PT3600S
2022-02-12 02:00:00,7525853.0,20.0,4.0,6.0,6.0,0.0,0.0,PT3600S
2022-02-12 02:00:00,7525854.0,53.0,7.0,17.0,16.0,0.0,0.0,PT3600S
2022-02-12 03:00:00,7525853.0,21.0,4.0,6.0,6.0,0.0,0.0,PT3600S
2022-02-12 03:00:00,7525854.0,94.0,10.0,23.0,16.0,0.0,0.0,PT3600S
2022-02-12 04:00:00,7525853.0,47.0,5.0,8.0,6.0,0.0,0.0,PT3600S
2022-02-12 04:00:00,7525854.0,79.0,8.0,20.0,16.0,0.0,0.0,PT3600S
2022-02-12 05:00:00,7525853.0,48.0,5.0,7.0,6.0,0.0,0.0,PT3600S
2022-02-12 05:00:00,7525854.0,80.0,13.0,23.0,17.0,0.0,0.0,PT3600S
2022-02-12 06:00:00,7525853.0,21.0,4.0,6.0,6.0,0.0,0.0,PT3600S
2022-02-12 06:00:00,7525854.0,80.0,7.0,22.0,17.0,0.0,0.0,PT3600S
2022-02-12 07:00:00,7525853.0,22.0,4.0,6.0,6.0,0.0,0.0,PT3600S
2022-02-12 07:00:00,7525854.0,61.0,10.0,23.0,17.0,0.0,0.0,PT3600S
2022-02-12 08:00:00,7525853.0,21.0,4.0,6.0,6.0,0.0,0.0,PT3600S
2022-02-12 08:00:00,7525854.0,54.0,11.0,18.0,17.0,0.0,0.0,PT3600S
2022-02-12 09:00:00,7525853.0,21.0,4.0,6.0,6.0,0.0,0.0,PT3600S
2022-02-12 09:00:00,7525854.0,58.0,11.0,19.0,17.0,0.0,0.0,PT3600S
2022-02-12 10:00:00,7525853.0,21.0,4.0,6.0,6.0,0.0,0.0,PT3600S
2022-02-12 10:00:00,7525854.0,58.0,12.0,19.0,17.0,0.0,0.0,PT3600S
2022-02-12 11:00:00,7525853.0,22.0,4.0,6.0,6.0,0.0,0.0,PT3600S
2022-02-12 11:00:00,7525854.0,58.0,11.0,19.0,17.0,0.0,0.0,PT3600S
2022-02-12 12:00:00,7525853.0,23.0,4.0,6.0,6.0,0.0,0.0,PT3600S
2022-02-12 12:00:00,7525854.0,70.0,13.0,24.0,17.0,0.0,0.0,PT3600S
2022-02-12 13:00:00,7525853.0,23.0,4.0,6.0,6.0,0.0,0.0,PT3600S
2022-02-12 13:00:00,7525854.0,60.0,14.0,19.0,17.0,0.0,0.0,PT3600S
2022-02-12 14:00:00,7525853.0,22.0,4.0,6.0,6.0,0.0,0.0,PT3600S
2022-02-12 14:00:00,7525854.0,96.0,16.0,24.0,17.0,3.0,0.0,PT3600S
2022-02-12 15:00:00,7525853.0,21.0,4.0,6.0,6.0,0.0,0.0,PT3600S
2022-02-12 15:00:00,7525854.0,63.0,10.0,19.0,17.0,0.0,0.0,PT3600S
2022-02-12 16:00:00,7525853.0,22.0,4.0,7.0,6.0,0.0,0.0,PT3600S
2022-02-12 16:00:00,7525854.0,60.0,11.0,19.0,17.0,0.0,0.0,PT3600S
2022-02-12 17:00:00,7525853.0,21.0,4.0,6.0,6.0,0.0,0.0,PT3600S
2022-02-12 17:00:00,7525854.0,59.0,10.0,18.0,17.0,0.0,0.0,PT3600S
2022-02-12 18:00:00,7525853.0,21.0,4.0,6.0,6.0,0.0,0.0,PT3600S
2022-02-12 18:00:00,7525854.0,59.0,11.0,18.0,16.0,0.0,0.0,PT3600S
2022-02-12 19:00:00,7525853.0,23.0,4.0,6.0,6.0,0.0,0.0,PT3600S
2022-02-12 19:00:00,7525854.0,59.0,13.0,18.0,16.0,0.0,0.0,PT3600S
2022-02-12 20:00:00,7525853.0,22.0,4.0,6.0,6.0,0.0,0.0,PT3600S
2022-02-12 20:00:00,7525854.0,61.0,15.0,18.0,16.0,0.0,0.0,PT3600S
2022-02-12 21:00:00,7525853.0,39.0,5.0,6.0,6.0,0.0,0.0,PT3600S
2022-02-12 21:00:00,7525854.0,64.0,14.0,18.0,16.0,0.0,0.0,PT3600S
2022-02-12 22:00:00,7525853.0,19.0,4.0,6.0,6.0,0.0,0.0,PT3600S
2022-02-12 22:00:00,7525854.0,54.0,11.0,18.0,17.0,0.0,0.0,PT3600S
2022-02-12 23:00:00,7525853.0,19.0,4.0,6.0,6.0,0.0,0.0,PT3600S
2022-02-12 23:00:00,7525854.0,51.0,9.0,18.0,16.0,0.0,0.0,PT3600S
2022-02-13 00:00:00,7525853.0,40.0,5.0,7.0,6.0,0.0,0.0,PT3600S
2022-02-13 00:00:00,7525854.0,49.0,8.0,18.0,16.0,0.0,0.0,PT3600S
2022-02-13 01:00:00,7525853.0,23.0,4.0,6.0,6.0,0.0,0.0,PT3600S
2022-02-13 01:00:00,7525854.0,59.0,9.0,22.0,16.0,0.0,0.0,PT3600S
2022-02-13 02:00:00,7525853.0,20.0,4.0,6.0,6.0,0.0,0.0,PT3600S
2022-02-13 02:00:00,7525854.0,49.0,7.0,18.0,16.0,0.0,0.0,PT3600S
2022-02-13 03:00:00,7525853.0,20.0,4.0,6.0,6.0,0.0,0.0,PT3600S
2022-02-13 03:00:00,7525854.0,87.0,11.0,22.0,17.0,0.0,0.0,PT3600S
2022-02-13 04:00:00,7525853.0,55.0,5.0,7.0,6.0,0.0,0.0,PT3600S
2022-02-13 04:00:00,7525854.0,77.0,8.0,20.0,17.0,0.0,0.0,PT3600S
2022-02-13 05:00:00,7525853.0,32.0,5.0,7.0,6.0,0.0,0.0,PT3600S
2022-02-13 05:00:00,7525854.0,84.0,9.0,23.0,17.0,0.0,0.0,PT3600S
2022-02-13 06:00:00,7525853.0,20.0,4.0,6.0,6.0,0.0,0.0,PT3600S
2022-02-13 06:00:00,7525854.0,91.0,8.0,25.0,18.0,0.0,0.0,PT3600S
2022-02-13 07:00:00,7525853.0,26.0,4.0,6.0,6.0,0.0,0.0,PT3600S
2022-02-13 07:00:00,7525854.0,63.0,12.0,24.0,18.0,0.0,0.0,PT3600S
2022-02-13 08:00:00,7525853.0,20.0,4.0,6.0,6.0,0.0,0.0,PT3600S
2022-02-13 08:00:00,7525854.0,48.0,10.0,19.0,18.0,0.0,0.0,PT3600S
2022-02-13 09:00:00,7525853.0,20.0,4.0,6.0,6.0,0.0,0.0,PT3600S
2022-02-13 09:00:00,7525854.0,52.0,11.0,19.0,18.0,0.0,0.0,PT3600S
2022-02-13 10:00:00,7525853.0,20.0,4.0,6.0,6.0,0.0,0.0,PT3600S
2022-02-13 10:00:00,7525854.0,52.0,11.0,19.0,18.0,0.0,0.0,PT3600S
2022-02-13 11:00:00,7525853.0,20.0,4.0,6.0,6.0,0.0,0.0,PT3600S
2022-02-13 11:00:00,7525854.0,51.0,10.0,19.0,18.0,0.0,0.0,PT3600S
2022-02-13 12:00:00,7525853.0,22.0,4.0,6.0,6.0,0.0,0.0,PT3600S
2022-02-13 12:00:00,7525854.0,51.0,11.0,20.0,18.0,0.0,0.0,PT3600S
2022-02-13 13:00:00,7525853.0,23.0,4.0,6.0,6.0,0.0,0.0,PT3600S
2022-02-13 13:00:00,7525854.0,59.0,12.0,23.0,17.0,0.0,0.0,PT3600S
2022-02-13 14:00:00,7525853.0,20.0,4.0,6.0,6.0,0.0,0.0,PT3600S
2022-02-13 14:00:00,7525854.0,50.0,10.0,19.0,18.0,0.0,0.0,PT3600S
2022-02-13 15:00:00,7525853.0,20.0,4.0,6.0,6.0,0.0,0.0,PT3600S
2022-02-13 15:00:00,7525854.0,50.0,11.0,19.0,17.0,0.0,0.0,PT3600S
2022-02-13 16:00:00,7525853.0,44.0,5.0,6.0,6.0,0.0,0.0,PT3600S
2022-02-13 16:00:00,7525854.0,52.0,11.0,19.0,17.0,0.0,0.0,PT3600S
2022-02-13 17:00:00,7525853.0,20.0,4.0,6.0,6.0,0.0,0.0,PT3600S
2022-02-13 17:00:00,7525854.0,53.0,11.0,17.0,16.0,0.0,0.0,PT3600S
2022-02-13 18:00:00,7525853.0,20.0,4.0,6.0,6.0,0.0,0.0,PT3600S
2022-02-13 18:00:00,7525854.0,54.0,12.0,18.0,16.0,0.0,0.0,PT3600S
2022-02-13 19:00:00,7525853.0,20.0,4.0,6.0,6.0,0.0,0.0,PT3600S
2022-02-13 19:00:00,7525854.0,81.0,15.0,23.0,16.0,0.0,0.0,PT3600S
2022-02-13 20:00:00,7525853.0,20.0,4.0,6.0,6.0,0.0,0.0,PT3600S
2022-02-13 20:00:00,7525854.0,59.0,16.0,18.0,16.0,0.0,0.0,PT3600S
2022-02-13 21:00:00,7525853.0,20.0,4.0,6.0,6.0,0.0,0.0,PT3600S
2022-02-13 21:00:00,7525854.0,58.0,14.0,18.0,16.0,0.0,0.0,PT3600S
2022-02-13 22:00:00,7525853.0,20.0,5.0,6.0,6.0,0.0,0.0,PT3600S
2022-02-13 22:00:00,7525854.0,70.0,13.0,23.0,16.0,0.0,0.0,PT3600S
2022-02-13 23:00:00,7525853.0,28.0,5.0,6.0,6.0,0.0,0.0,PT3600S
2022-02-13 23:00:00,7525854.0,54.0,12.0,18.0,16.0,0.0,0.0,PT3600S
2022-02-17 03:00:00,7525853.0,22.0,4.0,6.0,6.0,0.0,0.0,PT3600S
2022-02-17 03:00:00,7525854.0,92.0,15.0,23.0,17.0,0.0,0.0,PT3600S
2022-02-17 04:00:00,7525853.0,65.0,6.0,8.0,6.0,0.0,0.0,PT3600S
2022-02-17 04:00:00,7525854.0,78.0,10.0,20.0,16.0,0.0,0.0,PT3600S
2022-02-17 05:00:00,7525853.0,31.0,5.0,7.0,6.0,0.0,0.0,PT3600S
2022-02-17 05:00:00,7525854.0,79.0,11.0,23.0,17.0,0.0,0.0,PT3600S
2022-02-17 06:00:00,7525853.0,21.0,4.0,6.0,6.0,0.0,0.0,PT3600S
2022-02-17 06:00:00,7525854.0,49.0,9.0,19.0,18.0,0.0,0.0,PT3600S
2022-02-17 07:00:00,7525853.0,21.0,4.0,6.0,6.0,0.0,0.0,PT3600S
2022-02-17 07:00:00,7525854.0,62.0,14.0,23.0,18.0,0.0,0.0,PT3600S
2022-02-17 08:00:00,7525853.0,22.0,4.0,6.0,6.0,0.0,0.0,PT3600S
2022-02-17 08:00:00,7525854.0,55.0,13.0,19.0,18.0,0.0,0.0,PT3600S
2022-02-17 09:00:00,7525853.0,22.0,4.0,6.0,6.0,0.0,0.0,PT3600S
2022-02-17 09:00:00,7525854.0,75.0,17.0,23.0,18.0,0.0,0.0,PT3600S
2022-02-17 10:00:00,7525853.0,21.0,4.0,6.0,6.0,0.0,0.0,PT3600S
2022-02-17 10:00:00,7525854.0,59.0,15.0,19.0,18.0,0.0,0.0,PT3600S
2022-02-17 11:00:00,7525853.0,21.0,4.0,6.0,6.0,0.0,0.0,PT3600S
2022-02-17 11:00:00,7525854.0,58.0,16.0,19.0,18.0,0.0,0.0,PT3600S
2022-02-17 12:00:00,7525853.0,23.0,4.0,6.0,6.0,0.0,0.0,PT3600S
2022-02-17 12:00:00,7525854.0,72.0,18.0,22.0,17.0,0.0,0.0,PT3600S
2022-02-17 13:00:00,7525853.0,22.0,4.0,6.0,6.0,0.0,0.0,PT3600S
2022-02-17 13:00:00,7525854.0,66.0,16.0,18.0,16.0,0.0,0.0,PT3600S
2022-02-17 14:00:00,7525853.0,22.0,4.0,6.0,6.0,0.0,0.0,PT3600S
2022-02-17 14:00:00,7525854.0,55.0,16.0,18.0,17.0,0.0,0.0,PT3600S
2022-02-17 15:00:00,7525853.0,21.0,4.0,6.0,6.0,0.0,0.0,PT3600S
2022-02-17 15:00:00,7525854.0,72.0,17.0,23.0,16.0,0.0,0.0,PT3600S
2022-02-17 16:00:00,7525853.0,21.0,4.0,6.0,6.0,0.0,0.0,PT3600S
2022-02-17 16:00:00,7525854.0,56.0,16.0,18.0,16.0,0.0,0.0,PT3600S
2022-02-17 17:00:00,7525853.0,22.0,4.0,6.0,6.0,0.0,0.0,PT3600S
2022-02-17 17:00:00,7525854.0,66.0,17.0,23.0,16.0,0.0,0.0,PT3600S
2022-02-17 18:00:00,7525853.0,22.0,4.0,6.0,6.0,0.0,0.0,PT3600S
2022-02-17 18:00:00,7525854.0,58.0,12.0,18.0,17.0,0.0,0.0,PT3600S
2022-02-17 19:00:00,7525853.0,22.0,4.0,6.0,6.0,0.0,0.0,PT3600S
2022-02-17 19:00:00,7525854.0,52.0,13.0,18.0,17.0,0.0,0.0,PT3600S
2022-02-17 20:00:00,7525853.0,22.0,5.0,6.0,6.0,0.0,0.0,PT3600S
2022-02-17 20:00:00,7525854.0,57.0,15.0,18.0,17.0,0.0,0.0,PT3600S
2022-02-17 21:00:00,7525853.0,22.0,5.0,6.0,6.0,0.0,0.0,PT3600S
2022-02-17 21:00:00,7525854.0,57.0,14.0,18.0,17.0,0.0,0.0,PT3600S
2022-02-17 22:00:00,7525853.0,21.0,4.0,6.0,6.0,0.0,0.0,PT3600S
2022-02-17 22:00:00,7525854.0,54.0,12.0,18.0,17.0,0.0,0.0,PT3600S
2022-02-17 23:00:00,7525853.0,22.0,4.0,6.0,6.0,0.0,0.0,PT3600S
2022-02-17 23:00:00,7525854.0,50.0,9.0,18.0,17.0,0.0,0.0,PT3600S
2022-02-18 00:00:00,7525853.0,33.0,5.0,6.0,6.0,0.0,0.0,PT3600S
2022-02-18 00:00:00,7525854.0,48.0,8.0,18.0,16.0,0.0,0.0,PT3600S
2022-02-18 01:00:00,7525853.0,22.0,4.0,6.0,6.0,0.0,0.0,PT3600S
2022-02-18 01:00:00,7525854.0,46.0,7.0,18.0,16.0,0.0,0.0,PT3600S
2022-02-18 02:00:00,7525853.0,22.0,4.0,6.0,6.0,0.0,0.0,PT3600S
2022-02-18 02:00:00,7525854.0,47.0,6.0,18.0,17.0,0.0,0.0,PT3600S
2022-02-18 03:00:00,7525853.0,21.0,4.0,6.0,6.0,0.0,0.0,PT3600S
2022-02-18 03:00:00,7525854.0,94.0,12.0,22.0,16.0,0.0,0.0,PT3600S
2022-02-18 04:00:00,7525853.0,69.0,6.0,8.0,6.0,0.0,0.0,PT3600S
2022-02-18 04:00:00,7525854.0,80.0,11.0,23.0,16.0,0.0,0.0,PT3600S
2022-02-18 05:00:00,7525853.0,42.0,5.0,7.0,6.0,0.0,0.0,PT3600S
2022-02-18 05:00:00,7525854.0,81.0,10.0,24.0,17.0,0.0,0.0,PT3600S
2022-02-18 06:00:00,7525853.0,22.0,4.0,6.0,6.0,0.0,0.0,PT3600S
2022-02-18 06:00:00,7525854.0,94.0,8.0,25.0,18.0,0.0,0.0,PT3600S
2022-02-18 07:00:00,7525853.0,22.0,4.0,6.0,6.0,0.0,0.0,PT3600S
2022-02-18 07:00:00,7525854.0,62.0,11.0,24.0,18.0,0.0,0.0,PT3600S
2022-02-18 08:00:00,7525853.0,22.0,4.0,6.0,6.0,0.0,0.0,PT3600S
2022-02-18 08:00:00,7525854.0,51.0,11.0,19.0,18.0,0.0,0.0,PT3600S
