begintime,sk_object,duration,integrity,1526729565,1526729566,1526729567
2022-03-01 12:00:00,857191.0,3600.0,100.0,0.0,0.0,0.0
2022-03-01 06:00:00,872935.0,3600.0,100.0,0.0,0.0,0.0
2022-02-13 19:00:00,36478018.0,3600.0,100.0,0.0,0.0,0.0
2022-03-13 08:00:00,869923.0,3600.0,100.0,0.0,0.0,0.0
2022-03-03 08:00:00,870335.0,3600.0,100.0,0.0,0.0,0.0
2022-03-03 15:00:00,855131.0,3600.0,100.0,0.0,0.0,0.0
2022-03-02 22:00:00,865595.0,3600.0,100.0,0.0,0.0,0.0
2022-03-15 02:00:00,852822.0,3600.0,100.0,0.0,0.0,0.0
2022-02-10 09:00:00,868853.0,3600.0,100.0,0.0,0.0,0.0
2022-03-02 12:00:00,869011.0,3600.0,100.0,0.0,0.0,0.0
2022-03-14 22:00:00,871192.0,3600.0,100.0,0.0,0.0,0.0
2022-03-13 17:00:00,863201.0,3600.0,100.0,0.0,0.0,0.0
2022-03-15 07:00:00,868499.0,3600.0,100.0,0.0,0.0,0.0
2022-02-17 11:00:00,874023.0,3600.0,100.0,3.0,3.0,3.0
2022-02-13 09:00:00,868260.0,3600.0,100.0,0.0,0.0,0.0
2022-03-06 17:00:00,860962.0,3600.0,100.0,0.0,0.0,0.0
2022-02-12 11:00:00,855808.0,3600.0,100.0,0.0,0.0,0.0
2022-02-06 16:00:00,854117.0,3600.0,100.0,0.0,0.0,0.0
2022-02-13 23:00:00,871624.0,3600.0,100.0,0.0,0.0,0.0
2022-02-20 00:00:00,854022.0,3600.0,100.0,0.0,0.0,0.0
2022-02-11 04:00:00,858962.0,3600.0,100.0,0.0,0.0,0.0
2022-02-20 21:00:00,868852.0,3600.0,100.0,0.0,0.0,0.0
2022-02-19 21:00:00,865272.0,3600.0,100.0,0.0,0.0,0.0
2022-03-01 22:00:00,52742583.0,3600.0,100.0,0.0,0.0,0.0
2022-02-05 12:00:00,873992.0,3600.0,100.0,0.0,0.0,0.0
2022-02-20 19:00:00,864592.0,3600.0,100.0,0.0,0.0,0.0
2022-03-02 08:00:00,869928.0,3600.0,100.0,0.0,0.0,0.0
2022-03-14 17:00:00,865825.0,3600.0,100.0,0.0,0.0,0.0
2022-02-04 21:00:00,871888.0,3600.0,100.0,0.0,0.0,0.0
2022-02-04 00:00:00,865268.0,3600.0,100.0,0.0,0.0,0.0
2022-02-17 13:00:00,853796.0,3600.0,100.0,0.0,0.0,0.0
2022-03-13 09:00:00,854382.0,3600.0,100.0,0.0,0.0,0.0
2022-03-12 09:00:00,866632.0,3600.0,100.0,0.0,0.0,0.0
2022-03-03 17:00:00,854324.0,3600.0,100.0,4.0,4.0,4.0
2022-03-14 08:00:00,872562.0,3600.0,100.0,0.0,0.0,0.0
2022-02-18 00:00:00,863290.0,3600.0,100.0,0.0,0.0,0.0
2022-03-11 20:00:00,872574.0,3600.0,100.0,0.0,0.0,0.0
2022-03-10 22:00:00,859857.0,3600.0,100.0,0.0,0.0,0.0
2022-03-10 09:00:00,867282.0,3600.0,100.0,0.0,0.0,0.0
2022-03-01 17:00:00,861230.0,3600.0,100.0,0.0,0.0,0.0
2022-03-03 09:00:00,854500.0,3600.0,100.0,0.0,0.0,0.0
2022-02-04 08:00:00,861997.0,3600.0,100.0,0.0,0.0,0.0
2022-02-08 12:00:00,856589.0,3600.0,100.0,0.0,0.0,0.0
2022-02-05 12:00:00,864028.0,3600.0,100.0,0.0,0.0,0.0
2022-03-15 02:00:00,866116.0,3600.0,100.0,0.0,0.0,0.0
2022-03-03 20:00:00,873661.0,3600.0,100.0,0.0,0.0,0.0
2022-03-06 08:00:00,869948.0,3600.0,100.0,0.0,0.0,0.0
2022-02-18 20:00:00,872611.0,3600.0,100.0,0.0,0.0,0.0
2022-02-08 03:00:00,867714.0,3600.0,100.0,0.0,0.0,0.0
2022-02-05 07:00:00,863745.0,3600.0,100.0,0.0,0.0,0.0
2022-03-15 22:00:00,862355.0,3600.0,100.0,0.0,0.0,0.0
2022-02-06 10:00:00,854922.0,3600.0,100.0,0.0,0.0,0.0
2022-03-12 23:00:00,867997.0,3600.0,100.0,0.0,0.0,0.0
2022-03-12 12:00:00,869021.0,3600.0,100.0,0.0,0.0,0.0
2022-02-20 07:00:00,871753.0,3600.0,100.0,0.0,0.0,0.0
2022-02-12 06:00:00,863257.0,3600.0,100.0,0.0,0.0,0.0
2022-02-18 07:00:00,853877.0,3600.0,100.0,0.0,0.0,0.0
2022-03-06 06:00:00,866470.0,3600.0,100.0,0.0,0.0,0.0
2022-02-17 03:00:00,865416.0,3600.0,100.0,0.0,0.0,0.0
2022-02-04 11:00:00,853586.0,3600.0,100.0,0.0,0.0,0.0
2022-03-10 06:00:00,874360.0,3600.0,100.0,0.0,0.0,0.0
2022-02-04 03:00:00,859514.0,3600.0,100.0,0.0,0.0,0.0
2022-02-12 07:00:00,865955.0,3600.0,100.0,0.0,0.0,0.0
2022-02-20 21:00:00,857635.0,3600.0,100.0,0.0,0.0,0.0
2022-02-19 15:00:00,871682.0,3600.0,100.0,0.0,0.0,0.0
2022-02-11 04:00:00,869796.0,3600.0,100.0,0.0,0.0,0.0
2022-03-07 23:00:00,853342.0,3600.0,100.0,0.0,0.0,0.0
2022-02-20 21:00:00,871850.0,3600.0,100.0,0.0,0.0,0.0
2022-02-13 16:00:00,865547.0,3600.0,100.0,0.0,0.0,0.0
2022-03-10 20:00:00,856004.0,3600.0,100.0,0.0,0.0,0.0
2022-02-19 04:00:00,870480.0,3600.0,100.0,0.0,0.0,0.0
2022-03-06 13:00:00,863190.0,3600.0,100.0,0.0,0.0,0.0
2022-03-03 11:00:00,861492.0,3600.0,100.0,0.0,0.0,0.0
2022-02-05 22:00:00,855680.0,3600.0,100.0,0.0,0.0,0.0
2022-03-10 13:00:00,867873.0,3600.0,100.0,0.0,0.0,0.0
2022-03-15 15:00:00,874505.0,3600.0,100.0,0.0,0.0,0.0
2022-02-12 22:00:00,871974.0,3600.0,100.0,0.0,0.0,0.0
2022-03-12 22:00:00,870318.0,3600.0,100.0,0.0,0.0,0.0
2022-03-03 15:00:00,869413.0,3600.0,100.0,0.0,0.0,0.0
2022-02-03 10:00:00,872955.0,3600.0,100.0,0.0,0.0,0.0
2022-03-07 05:00:00,865364.0,3600.0,100.0,0.0,0.0,0.0
2022-02-10 20:00:00,870255.0,3600.0,100.0,0.0,0.0,0.0
2022-03-07 12:00:00,869707.0,3600.0,100.0,1.0,1.0,1.0
2022-02-05 14:00:00,868272.0,3600.0,100.0,0.0,0.0,0.0
2022-02-03 17:00:00,867197.0,3600.0,100.0,0.0,0.0,0.0
2022-03-14 03:00:00,855114.0,3600.0,100.0,0.0,0.0,0.0
2022-02-04 21:00:00,866548.0,3600.0,100.0,0.0,0.0,0.0
2022-03-03 00:00:00,866934.0,3600.0,100.0,1.0,1.0,0.0
2022-02-04 14:00:00,868006.0,3600.0,100.0,0.0,0.0,0.0
2022-02-19 16:00:00,871488.0,3600.0,100.0,0.0,0.0,0.0
2022-02-20 12:00:00,864920.0,3600.0,100.0,0.0,0.0,0.0
2022-02-18 03:00:00,866502.0,3600.0,100.0,0.0,0.0,0.0
2022-02-08 20:00:00,868304.0,3600.0,100.0,0.0,0.0,0.0
2022-02-03 04:00:00,862919.0,3600.0,100.0,0.0,0.0,0.0
2022-02-12 07:00:00,858380.0,3600.0,100.0,0.0,0.0,0.0
2022-03-03 20:00:00,867350.0,3600.0,100.0,0.0,0.0,0.0
2022-03-06 07:00:00,863571.0,3600.0,100.0,0.0,0.0,0.0
2022-02-04 16:00:00,860740.0,3600.0,100.0,0.0,0.0,0.0
2022-03-07 02:00:00,870921.0,3600.0,100.0,0.0,0.0,0.0
2022-02-18 23:00:00,861402.0,3600.0,100.0,0.0,0.0,0.0
2022-02-12 02:00:00,863488.0,3600.0,100.0,0.0,0.0,0.0
2022-02-08 02:00:00,865797.0,3600.0,100.0,0.0,0.0,0.0
2022-03-14 06:00:00,853757.0,3600.0,100.0,0.0,0.0,0.0
2022-03-06 23:00:00,872749.0,3600.0,100.0,0.0,0.0,0.0
2022-02-19 02:00:00,865713.0,3600.0,100.0,0.0,0.0,0.0
2022-03-14 15:00:00,90127450.0,3600.0,100.0,0.0,0.0,0.0
2022-02-12 10:00:00,856059.0,3600.0,100.0,0.0,0.0,0.0
2022-02-17 10:00:00,859241.0,3600.0,100.0,0.0,0.0,0.0
2022-03-11 03:00:00,863166.0,3600.0,100.0,0.0,0.0,0.0
2022-02-05 19:00:00,853304.0,3600.0,100.0,0.0,0.0,0.0
2022-03-10 15:00:00,852411.0,3600.0,100.0,0.0,0.0,0.0
2022-02-03 05:00:00,865498.0,3600.0,100.0,0.0,0.0,0.0
2022-02-20 13:00:00,869687.0,3600.0,100.0,0.0,0.0,0.0
2022-03-12 05:00:00,868471.0,3600.0,100.0,0.0,0.0,0.0
2022-03-06 13:00:00,855850.0,3600.0,100.0,0.0,0.0,0.0
2022-03-06 05:00:00,871932.0,3600.0,100.0,0.0,0.0,0.0
2022-02-19 06:00:00,861105.0,3600.0,100.0,0.0,0.0,0.0
2022-03-02 06:00:00,870914.0,3600.0,100.0,0.0,0.0,0.0
2022-02-13 17:00:00,856374.0,3600.0,100.0,0.0,0.0,0.0
2022-03-14 22:00:00,864950.0,3600.0,100.0,0.0,0.0,0.0
2022-03-06 08:00:00,855062.0,3600.0,100.0,0.0,0.0,0.0
2022-02-06 07:00:00,862560.0,3600.0,100.0,0.0,0.0,0.0
2022-02-08 01:00:00,872108.0,3600.0,100.0,0.0,0.0,0.0
2022-02-11 04:00:00,864528.0,3600.0,100.0,0.0,0.0,0.0
2022-02-06 01:00:00,854444.0,3600.0,100.0,0.0,0.0,0.0
2022-03-07 02:00:00,871301.0,3600.0,100.0,0.0,0.0,0.0
2022-03-06 16:00:00,854771.0,3600.0,100.0,0.0,0.0,0.0
2022-02-18 07:00:00,853394.0,3600.0,100.0,0.0,0.0,0.0
2022-03-14 22:00:00,860037.0,3600.0,100.0,0.0,0.0,0.0
2022-02-17 21:00:00,858688.0,3600.0,100.0,0.0,0.0,0.0
2022-03-12 07:00:00,869392.0,3600.0,100.0,0.0,0.0,0.0
2022-02-17 05:00:00,872562.0,3600.0,100.0,0.0,0.0,0.0
2022-03-03 01:00:00,855101.0,3600.0,100.0,0.0,0.0,0.0
2022-02-19 02:00:00,857373.0,3600.0,100.0,0.0,0.0,0.0
2022-03-02 11:00:00,860895.0,3600.0,100.0,0.0,0.0,0.0
2022-02-13 09:00:00,865023.0,3600.0,100.0,0.0,0.0,0.0
2022-02-03 05:00:00,860180.0,3600.0,100.0,0.0,0.0,0.0
2022-03-10 11:00:00,852227.0,3600.0,100.0,0.0,0.0,0.0
2022-02-13 20:00:00,852279.0,3600.0,100.0,0.0,0.0,0.0
2022-02-19 08:00:00,867501.0,3600.0,100.0,0.0,0.0,0.0
2022-03-06 16:00:00,862712.0,3600.0,100.0,0.0,0.0,0.0
2022-03-02 15:00:00,870585.0,3600.0,100.0,0.0,0.0,0.0
2022-02-17 19:00:00,854475.0,3600.0,100.0,0.0,0.0,0.0
2022-03-11 17:00:00,873182.0,3600.0,100.0,0.0,0.0,0.0
2022-03-15 04:00:00,872420.0,3600.0,100.0,0.0,0.0,0.0
2022-02-04 04:00:00,869568.0,3600.0,100.0,0.0,0.0,0.0
2022-02-03 04:00:00,874523.0,3600.0,100.0,0.0,0.0,0.0
2022-02-20 19:00:00,858538.0,3600.0,100.0,0.0,0.0,0.0
2022-02-08 05:00:00,871402.0,3600.0,100.0,0.0,0.0,0.0
2022-02-13 04:00:00,864535.0,3600.0,100.0,0.0,0.0,0.0
2022-02-20 11:00:00,852704.0,3600.0,100.0,0.0,0.0,0.0
2022-03-03 09:00:00,854813.0,3600.0,100.0,0.0,0.0,0.0
2022-03-15 20:00:00,852521.0,3600.0,100.0,0.0,0.0,0.0
2022-03-02 02:00:00,873182.0,3600.0,100.0,0.0,0.0,0.0
2022-02-05 15:00:00,869513.0,3600.0,100.0,0.0,0.0,0.0
2022-03-15 01:00:00,873126.0,3600.0,100.0,0.0,0.0,0.0
2022-02-05 22:00:00,859421.0,3600.0,100.0,0.0,0.0,0.0
2022-03-11 16:00:00,858962.0,3600.0,100.0,0.0,0.0,0.0
2022-03-11 00:00:00,858379.0,3600.0,100.0,0.0,0.0,0.0
2022-03-10 04:00:00,861667.0,3600.0,100.0,0.0,0.0,0.0
2022-03-07 07:00:00,872746.0,3600.0,100.0,0.0,0.0,0.0
2022-02-05 07:00:00,862015.0,3600.0,100.0,0.0,0.0,0.0
2022-03-13 08:00:00,857508.0,3600.0,100.0,0.0,0.0,0.0
2022-03-07 23:00:00,866600.0,3600.0,100.0,0.0,0.0,0.0
2022-02-18 21:00:00,854054.0,3600.0,100.0,0.0,0.0,0.0
2022-03-10 03:00:00,872441.0,3600.0,100.0,0.0,0.0,0.0
2022-02-06 17:00:00,869626.0,3600.0,100.0,0.0,0.0,0.0
2022-02-12 03:00:00,872699.0,3600.0,100.0,0.0,0.0,0.0
2022-03-07 21:00:00,854182.0,3600.0,100.0,0.0,0.0,0.0
2022-03-10 14:00:00,866067.0,3600.0,100.0,0.0,0.0,0.0
2022-02-03 21:00:00,870291.0,3600.0,100.0,0.0,0.0,0.0
2022-02-10 18:00:00,864373.0,3600.0,100.0,0.0,0.0,0.0
2022-03-14 07:00:00,865147.0,3600.0,100.0,0.0,0.0,0.0
2022-02-13 18:00:00,869825.0,3600.0,100.0,0.0,0.0,0.0
2022-02-19 11:00:00,866081.0,3600.0,100.0,0.0,0.0,0.0
2022-03-11 04:00:00,870895.0,3600.0,100.0,0.0,0.0,0.0
2022-03-13 20:00:00,872131.0,3600.0,100.0,0.0,0.0,0.0
2022-03-10 07:00:00,862676.0,3600.0,100.0,0.0,0.0,0.0
2022-02-19 07:00:00,862936.0,3600.0,100.0,0.0,0.0,0.0
2022-02-17 15:00:00,863049.0,3600.0,100.0,0.0,0.0,0.0
2022-03-14 10:00:00,870024.0,3600.0,100.0,0.0,0.0,0.0
2022-02-10 08:00:00,861212.0,3600.0,100.0,0.0,0.0,0.0
2022-03-01 17:00:00,867584.0,3600.0,100.0,0.0,0.0,0.0
2022-03-12 13:00:00,861992.0,3600.0,100.0,0.0,0.0,0.0
2022-02-19 09:00:00,866505.0,3600.0,100.0,0.0,0.0,0.0
2022-02-04 00:00:00,864159.0,3600.0,100.0,0.0,0.0,0.0
2022-02-17 05:00:00,863224.0,3600.0,100.0,0.0,0.0,0.0
2022-02-04 09:00:00,870155.0,3600.0,100.0,0.0,0.0,0.0
2022-02-17 22:00:00,857175.0,3600.0,100.0,0.0,0.0,0.0
2022-02-10 15:00:00,854662.0,3600.0,100.0,0.0,0.0,0.0
2022-03-13 10:00:00,867828.0,3600.0,100.0,0.0,0.0,0.0
2022-03-02 08:00:00,858848.0,3600.0,100.0,0.0,0.0,0.0
2022-03-06 13:00:00,852752.0,3600.0,100.0,0.0,0.0,0.0
2022-02-12 11:00:00,863910.0,3600.0,100.0,0.0,0.0,0.0
2022-03-13 22:00:00,864807.0,3600.0,100.0,0.0,0.0,0.0
2022-02-18 04:00:00,860803.0,3600.0,100.0,0.0,0.0,0.0
2022-02-20 12:00:00,853337.0,3600.0,100.0,0.0,0.0,0.0
2022-02-06 07:00:00,855479.0,3600.0,100.0,0.0,0.0,0.0
2022-03-13 12:00:00,870190.0,3600.0,100.0,0.0,0.0,0.0
2022-02-10 11:00:00,853195.0,3600.0,100.0,0.0,0.0,0.0
2022-03-10 06:00:00,867642.0,3600.0,100.0,0.0,0.0,0.0
2022-02-17 22:00:00,866232.0,3600.0,100.0,0.0,0.0,0.0
2022-02-13 11:00:00,858029.0,3600.0,100.0,0.0,0.0,0.0
2022-03-02 15:00:00,872180.0,3600.0,100.0,0.0,0.0,0.0
2022-03-13 19:00:00,860907.0,3600.0,100.0,0.0,0.0,0.0
2022-02-18 06:00:00,868823.0,3600.0,100.0,0.0,0.0,0.0
2022-03-15 01:00:00,856046.0,3600.0,100.0,0.0,0.0,0.0
2022-02-12 05:00:00,863112.0,3600.0,100.0,0.0,0.0,0.0
2022-02-06 14:00:00,870543.0,3600.0,100.0,0.0,0.0,0.0
2022-03-11 18:00:00,863620.0,3600.0,100.0,0.0,0.0,0.0
2022-02-08 18:00:00,863509.0,3600.0,100.0,0.0,0.0,0.0
2022-02-11 23:00:00,861372.0,3600.0,100.0,0.0,0.0,0.0
2022-03-14 06:00:00,854116.0,3600.0,100.0,0.0,0.0,0.0
2022-02-19 01:00:00,864064.0,3600.0,100.0,0.0,0.0,0.0
2022-03-02 23:00:00,862376.0,3600.0,100.0,0.0,0.0,0.0
2022-02-19 04:00:00,865526.0,3600.0,100.0,0.0,0.0,0.0
2022-03-11 04:00:00,862113.0,3600.0,100.0,0.0,0.0,0.0
2022-03-13 04:00:00,852112.0,3600.0,100.0,0.0,0.0,0.0
2022-02-20 02:00:00,869064.0,3600.0,100.0,0.0,0.0,0.0
2022-02-03 03:00:00,860590.0,3600.0,100.0,0.0,0.0,0.0
2022-02-05 16:00:00,853395.0,3600.0,100.0,0.0,0.0,0.0
2022-02-08 11:00:00,868209.0,3600.0,100.0,0.0,0.0,0.0
2022-02-17 11:00:00,874181.0,3600.0,100.0,0.0,0.0,0.0
2022-02-13 23:00:00,869590.0,3600.0,100.0,0.0,0.0,0.0
2022-02-17 18:00:00,853909.0,3600.0,100.0,0.0,0.0,0.0
2022-02-20 07:00:00,871121.0,3600.0,100.0,0.0,0.0,0.0
2022-03-02 01:00:00,862786.0,3600.0,100.0,0.0,0.0,0.0
2022-02-19 01:00:00,872039.0,3600.0,100.0,0.0,0.0,0.0
2022-02-06 21:00:00,869527.0,3600.0,100.0,0.0,0.0,0.0
2022-03-10 11:00:00,857374.0,3600.0,100.0,0.0,0.0,0.0
2022-02-03 23:00:00,867764.0,3600.0,100.0,0.0,0.0,0.0
2022-02-13 04:00:00,872025.0,3600.0,100.0,0.0,0.0,0.0
2022-03-14 10:00:00,867809.0,3600.0,100.0,0.0,0.0,0.0
2022-03-07 18:00:00,858389.0,3600.0,100.0,0.0,0.0,0.0
2022-03-13 04:00:00,854864.0,3600.0,100.0,0.0,0.0,0.0
2022-02-12 05:00:00,863065.0,3600.0,100.0,0.0,0.0,0.0
2022-03-02 10:00:00,871099.0,3600.0,100.0,0.0,0.0,0.0
2022-03-13 23:00:00,861170.0,3600.0,100.0,0.0,0.0,0.0
2022-02-18 11:00:00,874104.0,3600.0,100.0,0.0,0.0,0.0
2022-02-03 01:00:00,865999.0,3600.0,100.0,0.0,0.0,0.0
2022-03-15 21:00:00,865644.0,3600.0,100.0,0.0,0.0,0.0
2022-03-06 12:00:00,853590.0,3600.0,100.0,0.0,0.0,0.0
2022-03-12 21:00:00,861709.0,3600.0,100.0,0.0,0.0,0.0
2022-02-06 22:00:00,858392.0,3600.0,100.0,0.0,0.0,0.0
2022-02-18 05:00:00,870798.0,3600.0,100.0,0.0,0.0,0.0
2022-03-13 19:00:00,853671.0,3600.0,100.0,0.0,0.0,0.0
2022-03-01 12:00:00,874394.0,3600.0,100.0,0.0,0.0,0.0
2022-03-15 20:00:00,853941.0,3600.0,100.0,0.0,0.0,0.0
2022-02-06 13:00:00,858675.0,3600.0,100.0,0.0,0.0,0.0
2022-03-07 09:00:00,854594.0,3600.0,100.0,0.0,0.0,0.0
2022-03-12 17:00:00,867002.0,3600.0,100.0,0.0,0.0,0.0
2022-03-02 02:00:00,858237.0,3600.0,100.0,0.0,0.0,0.0
2022-03-14 00:00:00,869940.0,3600.0,100.0,0.0,0.0,0.0
2022-02-13 17:00:00,852179.0,3600.0,100.0,0.0,0.0,0.0
2022-03-12 06:00:00,853155.0,3600.0,100.0,0.0,0.0,0.0
2022-02-03 07:00:00,873736.0,3600.0,100.0,0.0,0.0,0.0
2022-02-06 08:00:00,869589.0,3600.0,100.0,0.0,0.0,0.0
2022-03-01 14:00:00,862135.0,3600.0,100.0,0.0,0.0,0.0
2022-02-17 07:00:00,865014.0,3600.0,100.0,0.0,0.0,0.0
2022-02-11 15:00:00,867879.0,3600.0,100.0,0.0,0.0,0.0
2022-02-06 19:00:00,866019.0,3600.0,100.0,0.0,0.0,0.0
2022-03-02 04:00:00,857694.0,3600.0,100.0,0.0,0.0,0.0
2022-02-06 14:00:00,874492.0,3600.0,100.0,0.0,0.0,0.0
2022-03-03 04:00:00,865662.0,3600.0,100.0,0.0,0.0,0.0
2022-03-13 11:00:00,855486.0,3600.0,100.0,2.0,2.0,2.0
2022-02-12 04:00:00,868554.0,3600.0,100.0,0.0,0.0,0.0
2022-02-13 10:00:00,870681.0,3600.0,100.0,0.0,0.0,0.0
2022-03-06 04:00:00,865045.0,3600.0,100.0,0.0,0.0,0.0
2022-03-03 21:00:00,857523.0,3600.0,100.0,0.0,0.0,0.0
2022-02-11 10:00:00,864567.0,3600.0,100.0,0.0,0.0,0.0
2022-02-20 21:00:00,852352.0,3600.0,100.0,0.0,0.0,0.0
2022-02-05 19:00:00,863700.0,3600.0,100.0,0.0,0.0,0.0
2022-02-04 02:00:00,859464.0,3600.0,100.0,0.0,0.0,0.0
2022-02-13 14:00:00,858824.0,3600.0,100.0,0.0,0.0,0.0
2022-03-11 23:00:00,872543.0,3600.0,100.0,0.0,0.0,0.0
2022-03-07 22:00:00,852290.0,3600.0,100.0,0.0,0.0,0.0
2022-03-11 19:00:00,864440.0,3600.0,100.0,0.0,0.0,0.0
2022-02-08 02:00:00,859635.0,3600.0,100.0,0.0,0.0,0.0
2022-02-12 13:00:00,860855.0,3600.0,100.0,0.0,0.0,0.0
2022-02-12 02:00:00,861091.0,3600.0,100.0,0.0,0.0,0.0
2022-02-08 06:00:00,865798.0,3600.0,100.0,0.0,0.0,0.0
2022-02-19 17:00:00,844902.0,3600.0,100.0,0.0,0.0,0.0
2022-02-18 00:00:00,853162.0,3600.0,100.0,0.0,0.0,0.0
2022-03-06 21:00:00,874448.0,3600.0,100.0,0.0,0.0,0.0
2022-03-12 06:00:00,870557.0,3600.0,100.0,0.0,0.0,0.0
2022-02-06 05:00:00,869280.0,3600.0,100.0,0.0,0.0,0.0
2022-02-08 11:00:00,872415.0,3600.0,100.0,0.0,0.0,0.0
2022-03-13 04:00:00,855247.0,3600.0,100.0,0.0,0.0,0.0
2022-02-11 13:00:00,859163.0,3600.0,100.0,0.0,0.0,0.0
2022-03-10 15:00:00,868866.0,3600.0,100.0,0.0,0.0,0.0
2022-03-03 02:00:00,865355.0,3600.0,100.0,0.0,0.0,0.0
2022-03-06 15:00:00,869505.0,3600.0,100.0,0.0,0.0,0.0
2022-02-20 16:00:00,861079.0,3600.0,100.0,0.0,0.0,0.0
2022-02-10 15:00:00,874596.0,3600.0,100.0,0.0,0.0,0.0
2022-02-12 21:00:00,868011.0,3600.0,100.0,0.0,0.0,0.0
2022-02-12 11:00:00,861744.0,3600.0,100.0,0.0,0.0,0.0
2022-02-13 07:00:00,864589.0,3600.0,100.0,0.0,0.0,0.0
2022-02-04 20:00:00,867649.0,3600.0,100.0,1.0,1.0,1.0
2022-03-02 19:00:00,852610.0,3600.0,100.0,0.0,0.0,0.0
2022-03-01 13:00:00,857910.0,3600.0,100.0,0.0,0.0,0.0
2022-02-13 19:00:00,871360.0,3600.0,100.0,0.0,0.0,0.0
2022-02-06 23:00:00,856153.0,3600.0,100.0,0.0,0.0,0.0
2022-03-14 09:00:00,869929.0,3600.0,100.0,0.0,0.0,0.0
2022-03-10 06:00:00,856498.0,3600.0,100.0,0.0,0.0,0.0
2022-02-08 07:00:00,861380.0,3600.0,100.0,0.0,0.0,0.0
2022-02-10 05:00:00,870108.0,3600.0,100.0,0.0,0.0,0.0
2022-02-10 12:00:00,863033.0,3600.0,100.0,0.0,0.0,0.0
2022-03-13 22:00:00,862334.0,3600.0,100.0,0.0,0.0,0.0
2022-02-19 09:00:00,854599.0,3600.0,100.0,0.0,0.0,0.0
2022-03-07 03:00:00,866200.0,3600.0,100.0,0.0,0.0,0.0
2022-03-07 17:00:00,869462.0,3600.0,100.0,0.0,0.0,0.0
2022-02-06 08:00:00,869740.0,3600.0,100.0,0.0,0.0,0.0
2022-03-11 18:00:00,853917.0,3600.0,100.0,0.0,0.0,0.0
2022-02-19 06:00:00,872996.0,3600.0,100.0,1.0,1.0,0.0
2022-02-17 18:00:00,858988.0,3600.0,100.0,0.0,0.0,0.0
2022-03-10 15:00:00,870676.0,3600.0,100.0,0.0,0.0,0.0
2022-03-11 21:00:00,871826.0,3600.0,100.0,0.0,0.0,0.0
2022-03-12 22:00:00,862506.0,3600.0,100.0,0.0,0.0,0.0
2022-02-13 05:00:00,857312.0,3600.0,100.0,0.0,0.0,0.0
2022-02-18 21:00:00,869770.0,3600.0,100.0,0.0,0.0,0.0
2022-02-13 19:00:00,852116.0,3600.0,100.0,0.0,0.0,0.0
2022-02-18 07:00:00,856520.0,3600.0,100.0,0.0,0.0,0.0
2022-03-07 05:00:00,873557.0,3600.0,100.0,0.0,0.0,0.0
2022-03-03 18:00:00,873287.0,3600.0,100.0,0.0,0.0,0.0
2022-03-12 18:00:00,871261.0,3600.0,100.0,0.0,0.0,0.0
2022-02-18 18:00:00,862139.0,3600.0,100.0,0.0,0.0,0.0
2022-02-19 00:00:00,855593.0,3600.0,100.0,0.0,0.0,0.0
2022-03-11 10:00:00,36478007.0,3600.0,100.0,0.0,0.0,0.0
2022-03-14 10:00:00,859667.0,3600.0,100.0,0.0,0.0,0.0
2022-02-13 01:00:00,859599.0,3600.0,100.0,0.0,0.0,0.0
2022-02-17 09:00:00,855014.0,3600.0,100.0,0.0,0.0,0.0
2022-03-02 22:00:00,873704.0,3600.0,100.0,0.0,0.0,0.0
2022-03-02 07:00:00,857714.0,3600.0,100.0,0.0,0.0,0.0
2022-02-05 23:00:00,855546.0,3600.0,100.0,0.0,0.0,0.0
2022-02-19 19:00:00,873090.0,3600.0,100.0,0.0,0.0,0.0
2022-03-06 16:00:00,866389.0,3600.0,100.0,0.0,0.0,0.0
2022-02-10 02:00:00,869734.0,3600.0,100.0,0.0,0.0,0.0
2022-03-03 12:00:00,870096.0,3600.0,100.0,0.0,0.0,0.0
2022-03-13 05:00:00,865062.0,3600.0,100.0,0.0,0.0,0.0
2022-02-17 21:00:00,858530.0,3600.0,100.0,0.0,0.0,0.0
2022-03-03 09:00:00,870125.0,3600.0,100.0,0.0,0.0,0.0
2022-02-10 23:00:00,857195.0,3600.0,100.0,0.0,0.0,0.0
2022-02-10 17:00:00,861670.0,3600.0,100.0,0.0,0.0,0.0
2022-02-08 12:00:00,867909.0,3600.0,100.0,0.0,0.0,0.0
2022-03-07 13:00:00,865083.0,3600.0,100.0,0.0,0.0,0.0
2022-02-12 00:00:00,852486.0,3600.0,100.0,0.0,0.0,0.0
2022-02-05 23:00:00,862203.0,3600.0,100.0,0.0,0.0,0.0
2022-03-03 18:00:00,863318.0,3600.0,100.0,0.0,0.0,0.0
2022-02-18 21:00:00,872697.0,3600.0,100.0,0.0,0.0,0.0
2022-02-04 20:00:00,870418.0,3600.0,100.0,0.0,0.0,0.0
2022-02-12 00:00:00,864092.0,3600.0,100.0,0.0,0.0,0.0
2022-03-02 22:00:00,853118.0,3600.0,100.0,0.0,0.0,0.0
2022-02-06 23:00:00,865187.0,3600.0,100.0,0.0,0.0,0.0
2022-02-03 08:00:00,869365.0,3600.0,100.0,0.0,0.0,0.0
2022-02-20 03:00:00,866632.0,3600.0,100.0,0.0,0.0,0.0
2022-02-10 01:00:00,865341.0,3600.0,100.0,0.0,0.0,0.0
2022-02-08 06:00:00,873741.0,3600.0,100.0,0.0,0.0,0.0
2022-03-06 23:00:00,853436.0,3600.0,100.0,0.0,0.0,0.0
2022-03-01 23:00:00,862135.0,3600.0,100.0,0.0,0.0,0.0
2022-02-18 03:00:00,866764.0,3600.0,100.0,0.0,0.0,0.0
2022-02-05 18:00:00,853828.0,3600.0,100.0,0.0,0.0,0.0
2022-02-17 14:00:00,859760.0,3600.0,100.0,0.0,0.0,0.0
2022-02-18 04:00:00,861018.0,3600.0,100.0,0.0,0.0,0.0
2022-02-11 08:00:00,852674.0,3600.0,100.0,0.0,0.0,0.0
2022-02-20 14:00:00,855078.0,3600.0,100.0,0.0,0.0,0.0
2022-02-17 10:00:00,856824.0,3600.0,100.0,0.0,0.0,0.0
2022-03-02 13:00:00,868964.0,3600.0,100.0,0.0,0.0,0.0
2022-02-10 12:00:00,855634.0,3600.0,100.0,0.0,0.0,0.0
2022-02-05 12:00:00,861842.0,3600.0,100.0,0.0,0.0,0.0
2022-02-17 15:00:00,853234.0,3600.0,100.0,0.0,0.0,0.0
2022-03-02 09:00:00,859235.0,3600.0,100.0,0.0,0.0,0.0
2022-02-18 05:00:00,65377097.0,3600.0,100.0,0.0,0.0,0.0
2022-03-03 22:00:00,852238.0,3600.0,100.0,0.0,0.0,0.0
2022-02-06 10:00:00,859837.0,3600.0,100.0,0.0,0.0,0.0
2022-02-03 19:00:00,865858.0,3600.0,100.0,0.0,0.0,0.0
2022-02-19 01:00:00,859962.0,3600.0,100.0,0.0,0.0,0.0
2022-02-04 19:00:00,868526.0,3600.0,100.0,0.0,0.0,0.0
2022-02-04 02:00:00,854424.0,3600.0,100.0,0.0,0.0,0.0
2022-02-18 07:00:00,860898.0,3600.0,100.0,0.0,0.0,0.0
2022-03-01 16:00:00,863902.0,3600.0,100.0,0.0,0.0,0.0
2022-03-15 23:00:00,866321.0,3600.0,100.0,0.0,0.0,0.0
2022-02-03 14:00:00,869588.0,3600.0,100.0,0.0,0.0,0.0
2022-03-14 17:00:00,855710.0,3600.0,100.0,0.0,0.0,0.0
2022-03-02 10:00:00,854806.0,3600.0,100.0,0.0,0.0,0.0
2022-02-03 14:00:00,862235.0,3600.0,100.0,0.0,0.0,0.0
2022-03-10 07:00:00,854430.0,3600.0,100.0,0.0,0.0,0.0
2022-03-03 19:00:00,866392.0,3600.0,100.0,0.0,0.0,0.0
2022-03-01 13:00:00,853190.0,3600.0,100.0,0.0,0.0,0.0
2022-03-01 19:00:00,852830.0,3600.0,100.0,0.0,0.0,0.0
2022-02-06 20:00:00,868177.0,3600.0,100.0,0.0,0.0,0.0
2022-02-03 15:00:00,864481.0,3600.0,100.0,0.0,0.0,0.0
2022-03-07 14:00:00,860297.0,3600.0,100.0,0.0,0.0,0.0
2022-02-13 00:00:00,863472.0,3600.0,100.0,0.0,0.0,0.0
2022-03-03 02:00:00,871309.0,3600.0,100.0,0.0,0.0,0.0
2022-02-13 23:00:00,870768.0,3600.0,100.0,0.0,0.0,0.0
2022-02-13 11:00:00,866086.0,3600.0,100.0,0.0,0.0,0.0
2022-02-04 09:00:00,859017.0,3600.0,100.0,0.0,0.0,0.0
2022-03-10 01:00:00,867279.0,3600.0,100.0,0.0,0.0,0.0
2022-02-05 16:00:00,854734.0,3600.0,100.0,0.0,0.0,0.0
2022-02-10 23:00:00,871775.0,3600.0,100.0,0.0,0.0,0.0
2022-03-15 07:00:00,868171.0,3600.0,100.0,0.0,0.0,0.0
2022-02-10 05:00:00,874404.0,3600.0,100.0,0.0,0.0,0.0
2022-02-20 14:00:00,870818.0,3600.0,100.0,0.0,0.0,0.0
2022-03-02 00:00:00,865292.0,3600.0,100.0,0.0,0.0,0.0
2022-03-13 19:00:00,859562.0,3600.0,100.0,0.0,0.0,0.0
2022-03-07 12:00:00,871664.0,3600.0,100.0,0.0,0.0,0.0
2022-02-06 19:00:00,873194.0,3600.0,100.0,0.0,0.0,0.0
2022-03-14 20:00:00,856477.0,3600.0,100.0,0.0,0.0,0.0
2022-03-07 03:00:00,865063.0,3600.0,100.0,2.0,2.0,0.0
2022-03-14 15:00:00,868767.0,3600.0,100.0,0.0,0.0,0.0
2022-03-02 21:00:00,866772.0,3600.0,100.0,0.0,0.0,0.0
2022-03-02 18:00:00,868672.0,3600.0,100.0,0.0,0.0,0.0
2022-02-17 16:00:00,857329.0,3600.0,100.0,0.0,0.0,0.0
2022-03-14 06:00:00,860264.0,3600.0,100.0,0.0,0.0,0.0
2022-02-12 19:00:00,861553.0,3600.0,100.0,0.0,0.0,0.0
2022-03-14 00:00:00,856609.0,3600.0,100.0,0.0,0.0,0.0
2022-03-01 16:00:00,856704.0,3600.0,100.0,0.0,0.0,0.0
2022-02-17 22:00:00,869177.0,3600.0,100.0,0.0,0.0,0.0
2022-02-05 09:00:00,870612.0,3600.0,100.0,0.0,0.0,0.0
2022-03-01 13:00:00,867455.0,3600.0,100.0,0.0,0.0,0.0
2022-02-13 19:00:00,853165.0,3600.0,100.0,0.0,0.0,0.0
2022-02-11 22:00:00,861605.0,3600.0,100.0,0.0,0.0,0.0
2022-02-20 05:00:00,870091.0,3600.0,100.0,0.0,0.0,0.0
2022-02-18 10:00:00,856962.0,3600.0,100.0,0.0,0.0,0.0
2022-03-11 13:00:00,872865.0,3600.0,100.0,0.0,0.0,0.0
2022-03-14 11:00:00,865669.0,3600.0,100.0,1.0,1.0,1.0
2022-03-13 17:00:00,859933.0,3600.0,100.0,0.0,0.0,0.0
2022-03-10 17:00:00,862711.0,3600.0,100.0,0.0,0.0,0.0
2022-02-19 14:00:00,864152.0,3600.0,100.0,0.0,0.0,0.0
2022-02-19 19:00:00,857364.0,3600.0,100.0,0.0,0.0,0.0
2022-03-02 23:00:00,860465.0,3600.0,100.0,0.0,0.0,0.0
2022-02-11 06:00:00,852688.0,3600.0,100.0,0.0,0.0,0.0
2022-02-05 16:00:00,872395.0,3600.0,100.0,0.0,0.0,0.0
2022-02-13 17:00:00,869187.0,3600.0,100.0,0.0,0.0,0.0
2022-02-12 13:00:00,854786.0,3600.0,100.0,0.0,0.0,0.0
2022-02-06 18:00:00,873708.0,3600.0,100.0,0.0,0.0,0.0
2022-03-03 05:00:00,852531.0,3600.0,100.0,0.0,0.0,0.0
2022-03-06 14:00:00,873341.0,3600.0,100.0,0.0,0.0,0.0
2022-02-03 11:00:00,852319.0,3600.0,100.0,0.0,0.0,0.0
2022-03-06 09:00:00,862669.0,3600.0,100.0,0.0,0.0,0.0
2022-03-14 22:00:00,874491.0,3600.0,100.0,0.0,0.0,0.0
2022-02-13 08:00:00,867317.0,3600.0,100.0,0.0,0.0,0.0
2022-02-08 03:00:00,871908.0,3600.0,100.0,0.0,0.0,0.0
2022-02-08 12:00:00,864313.0,3600.0,100.0,0.0,0.0,0.0
2022-02-19 20:00:00,859077.0,3600.0,100.0,0.0,0.0,0.0
2022-02-06 00:00:00,863602.0,3600.0,100.0,0.0,0.0,0.0
2022-03-11 17:00:00,864330.0,3600.0,100.0,0.0,0.0,0.0
2022-03-15 23:00:00,856240.0,3600.0,100.0,0.0,0.0,0.0
2022-02-06 09:00:00,868438.0,3600.0,100.0,0.0,0.0,0.0
2022-02-19 05:00:00,861754.0,3600.0,100.0,0.0,0.0,0.0
2022-02-05 07:00:00,867184.0,3600.0,100.0,1.0,1.0,1.0
2022-03-13 10:00:00,862280.0,3600.0,100.0,0.0,0.0,0.0
2022-03-06 03:00:00,854634.0,3600.0,100.0,0.0,0.0,0.0
2022-02-17 16:00:00,877868.0,3600.0,100.0,0.0,0.0,0.0
2022-03-07 16:00:00,874131.0,3600.0,100.0,0.0,0.0,0.0
2022-02-04 04:00:00,862510.0,3600.0,100.0,0.0,0.0,0.0
2022-02-17 20:00:00,859110.0,3600.0,100.0,0.0,0.0,0.0
2022-03-02 13:00:00,862229.0,3600.0,100.0,0.0,0.0,0.0
2022-02-04 21:00:00,858006.0,3600.0,100.0,0.0,0.0,0.0
2022-03-03 15:00:00,853430.0,3600.0,100.0,0.0,0.0,0.0
2022-02-10 18:00:00,856392.0,3600.0,100.0,0.0,0.0,0.0
2022-02-18 07:00:00,863581.0,3600.0,100.0,0.0,0.0,0.0
2022-02-10 02:00:00,870327.0,3600.0,100.0,0.0,0.0,0.0
2022-03-03 04:00:00,871882.0,3600.0,100.0,0.0,0.0,0.0
2022-02-19 19:00:00,860446.0,3600.0,100.0,0.0,0.0,0.0
2022-03-12 22:00:00,856585.0,3600.0,100.0,0.0,0.0,0.0
2022-02-17 10:00:00,867408.0,3600.0,100.0,0.0,0.0,0.0
2022-03-11 10:00:00,857692.0,3600.0,100.0,0.0,0.0,0.0
2022-02-17 22:00:00,863188.0,3600.0,100.0,0.0,0.0,0.0
2022-02-12 22:00:00,865419.0,3600.0,100.0,0.0,0.0,0.0
2022-02-04 19:00:00,860219.0,3600.0,100.0,0.0,0.0,0.0
2022-02-11 19:00:00,863343.0,3600.0,100.0,1.0,1.0,1.0
2022-02-17 09:00:00,874629.0,3600.0,100.0,0.0,0.0,0.0
2022-03-07 06:00:00,871680.0,3600.0,100.0,0.0,0.0,0.0
2022-03-03 01:00:00,868027.0,3600.0,100.0,0.0,0.0,0.0
2022-02-06 13:00:00,870710.0,3600.0,100.0,0.0,0.0,0.0
2022-02-06 17:00:00,865488.0,3600.0,100.0,0.0,0.0,0.0
2022-02-05 13:00:00,860819.0,3600.0,100.0,0.0,0.0,0.0
2022-02-04 14:00:00,862936.0,3600.0,100.0,0.0,0.0,0.0
2022-02-20 01:00:00,864123.0,3600.0,100.0,0.0,0.0,0.0
2022-02-13 13:00:00,853072.0,3600.0,100.0,0.0,0.0,0.0
2022-02-20 22:00:00,859970.0,3600.0,100.0,0.0,0.0,0.0
2022-03-02 13:00:00,856966.0,3600.0,100.0,0.0,0.0,0.0
2022-02-03 10:00:00,852455.0,3600.0,100.0,0.0,0.0,0.0
2022-03-06 02:00:00,868114.0,3600.0,100.0,0.0,0.0,0.0
2022-03-07 20:00:00,867355.0,3600.0,100.0,0.0,0.0,0.0
2022-03-14 06:00:00,866370.0,3600.0,100.0,0.0,0.0,0.0
2022-03-13 10:00:00,863457.0,3600.0,100.0,0.0,0.0,0.0
2022-03-07 04:00:00,872352.0,3600.0,100.0,0.0,0.0,0.0
2022-02-11 23:00:00,859208.0,3600.0,100.0,0.0,0.0,0.0
2022-02-06 06:00:00,867003.0,3600.0,100.0,0.0,0.0,0.0
2022-03-14 13:00:00,863600.0,3600.0,100.0,0.0,0.0,0.0
2022-02-05 05:00:00,863549.0,3600.0,100.0,0.0,0.0,0.0
2022-02-11 20:00:00,868523.0,3600.0,100.0,0.0,0.0,0.0
2022-02-18 02:00:00,864952.0,3600.0,100.0,0.0,0.0,0.0
2022-02-03 12:00:00,864233.0,3600.0,100.0,0.0,0.0,0.0
2022-02-10 00:00:00,860395.0,3600.0,100.0,0.0,0.0,0.0
2022-03-14 02:00:00,857659.0,3600.0,100.0,0.0,0.0,0.0
2022-02-12 10:00:00,859459.0,3600.0,100.0,0.0,0.0,0.0
2022-02-18 23:00:00,867463.0,3600.0,100.0,0.0,0.0,0.0
2022-02-13 22:00:00,856176.0,3600.0,100.0,0.0,0.0,0.0
2022-02-13 22:00:00,870113.0,3600.0,100.0,0.0,0.0,0.0
2022-03-14 12:00:00,863512.0,3600.0,100.0,0.0,0.0,0.0
2022-02-13 08:00:00,859541.0,3600.0,100.0,0.0,0.0,0.0
2022-02-08 12:00:00,864275.0,3600.0,100.0,0.0,0.0,0.0
2022-02-08 05:00:00,857923.0,3600.0,100.0,0.0,0.0,0.0
2022-02-20 10:00:00,853645.0,3600.0,100.0,0.0,0.0,0.0
2022-02-17 18:00:00,869490.0,3600.0,100.0,0.0,0.0,0.0
2022-02-13 20:00:00,873517.0,3600.0,100.0,0.0,0.0,0.0
2022-02-05 22:00:00,866806.0,3600.0,100.0,0.0,0.0,0.0
2022-03-03 05:00:00,865208.0,3600.0,100.0,0.0,0.0,0.0
2022-03-15 06:00:00,861385.0,3600.0,100.0,0.0,0.0,0.0
2022-02-20 13:00:00,874225.0,3600.0,100.0,0.0,0.0,0.0
2022-02-13 05:00:00,857708.0,3600.0,100.0,0.0,0.0,0.0
2022-03-07 14:00:00,864674.0,3600.0,100.0,0.0,0.0,0.0
2022-02-03 15:00:00,870603.0,3600.0,100.0,0.0,0.0,0.0
2022-02-05 22:00:00,868302.0,3600.0,100.0,0.0,0.0,0.0
2022-02-05 13:00:00,870127.0,3600.0,100.0,0.0,0.0,0.0
2022-03-11 22:00:00,868812.0,3600.0,100.0,0.0,0.0,0.0
2022-03-10 19:00:00,874447.0,3600.0,100.0,0.0,0.0,0.0
2022-03-10 10:00:00,860840.0,3600.0,100.0,0.0,0.0,0.0
2022-03-06 23:00:00,869690.0,3600.0,100.0,0.0,0.0,0.0
2022-03-13 13:00:00,856623.0,3600.0,100.0,0.0,0.0,0.0
2022-02-11 03:00:00,873354.0,3600.0,100.0,0.0,0.0,0.0
2022-02-11 00:00:00,858316.0,3600.0,100.0,0.0,0.0,0.0
2022-02-03 14:00:00,854867.0,3600.0,100.0,0.0,0.0,0.0
2022-02-12 03:00:00,864010.0,3600.0,100.0,0.0,0.0,0.0
2022-02-03 12:00:00,857679.0,3600.0,100.0,0.0,0.0,0.0
2022-02-12 15:00:00,865501.0,3600.0,100.0,0.0,0.0,0.0
2022-02-06 10:00:00,869442.0,3600.0,100.0,0.0,0.0,0.0
2022-02-08 07:00:00,857584.0,3600.0,100.0,0.0,0.0,0.0
2022-02-06 10:00:00,856901.0,3600.0,100.0,0.0,0.0,0.0
2022-03-06 23:00:00,858641.0,3600.0,100.0,1.0,1.0,1.0
2022-03-01 18:00:00,857663.0,3600.0,100.0,0.0,0.0,0.0
2022-03-10 18:00:00,862862.0,3600.0,100.0,0.0,0.0,0.0
2022-02-03 17:00:00,858974.0,3600.0,100.0,0.0,0.0,0.0
2022-02-05 17:00:00,857583.0,3600.0,100.0,0.0,0.0,0.0
2022-02-05 00:00:00,852782.0,3600.0,100.0,0.0,0.0,0.0
2022-03-03 02:00:00,872291.0,3600.0,100.0,0.0,0.0,0.0
2022-03-02 02:00:00,853261.0,3600.0,100.0,0.0,0.0,0.0
2022-03-15 23:00:00,874655.0,3600.0,100.0,0.0,0.0,0.0
2022-02-13 05:00:00,855679.0,3600.0,100.0,0.0,0.0,0.0
2022-02-08 22:00:00,853233.0,3600.0,100.0,0.0,0.0,0.0
2022-02-05 08:00:00,854901.0,3600.0,100.0,0.0,0.0,0.0
2022-03-10 13:00:00,869657.0,3600.0,100.0,0.0,0.0,0.0
2022-03-02 16:00:00,862538.0,3600.0,100.0,0.0,0.0,0.0
2022-03-14 05:00:00,860791.0,3600.0,100.0,0.0,0.0,0.0
2022-02-18 16:00:00,868429.0,3600.0,100.0,0.0,0.0,0.0
2022-03-03 20:00:00,852182.0,3600.0,100.0,0.0,0.0,0.0
2022-03-07 13:00:00,860853.0,3600.0,100.0,0.0,0.0,0.0
2022-03-13 23:00:00,852992.0,3600.0,100.0,0.0,0.0,0.0
2022-03-13 08:00:00,865419.0,3600.0,100.0,0.0,0.0,0.0
2022-02-06 10:00:00,870407.0,3600.0,100.0,0.0,0.0,0.0
2022-03-14 07:00:00,853805.0,3600.0,100.0,0.0,0.0,0.0
2022-03-13 07:00:00,867636.0,3600.0,100.0,0.0,0.0,0.0
2022-03-11 22:00:00,855218.0,3600.0,100.0,0.0,0.0,0.0
2022-03-01 14:00:00,863662.0,3600.0,100.0,0.0,0.0,0.0
2022-02-12 19:00:00,852690.0,3600.0,100.0,0.0,0.0,0.0
2022-03-13 00:00:00,863902.0,3600.0,100.0,0.0,0.0,0.0
2022-03-02 16:00:00,857797.0,3600.0,100.0,0.0,0.0,0.0
2022-03-06 14:00:00,867098.0,3600.0,100.0,1.0,1.0,1.0
2022-02-13 17:00:00,869240.0,3600.0,100.0,0.0,0.0,0.0
2022-03-15 12:00:00,857608.0,3600.0,100.0,0.0,0.0,0.0
2022-02-04 01:00:00,874067.0,3600.0,100.0,0.0,0.0,0.0
2022-02-11 00:00:00,866659.0,3600.0,100.0,0.0,0.0,0.0
2022-02-04 01:00:00,864648.0,3600.0,100.0,0.0,0.0,0.0
2022-03-06 16:00:00,868785.0,3600.0,100.0,0.0,0.0,0.0
2022-02-04 23:00:00,871192.0,3600.0,100.0,0.0,0.0,0.0
2022-02-20 21:00:00,864719.0,3600.0,100.0,0.0,0.0,0.0
2022-02-18 07:00:00,855366.0,3600.0,100.0,0.0,0.0,0.0
2022-03-07 08:00:00,871101.0,3600.0,100.0,0.0,0.0,0.0
2022-02-03 02:00:00,871407.0,3600.0,100.0,0.0,0.0,0.0
2022-02-03 08:00:00,859667.0,3600.0,100.0,0.0,0.0,0.0
2022-02-06 17:00:00,863241.0,3600.0,100.0,0.0,0.0,0.0
2022-02-10 03:00:00,873624.0,3600.0,100.0,0.0,0.0,0.0
2022-03-10 21:00:00,863703.0,3600.0,100.0,0.0,0.0,0.0
2022-03-09 23:00:00,865168.0,3600.0,100.0,0.0,0.0,0.0
2022-02-11 13:00:00,855626.0,3600.0,100.0,0.0,0.0,0.0
2022-02-08 23:00:00,861481.0,3600.0,100.0,0.0,0.0,0.0
2022-02-19 19:00:00,867447.0,3600.0,100.0,0.0,0.0,0.0
2022-03-10 17:00:00,870541.0,3600.0,100.0,0.0,0.0,0.0
2022-03-13 18:00:00,857696.0,3600.0,100.0,0.0,0.0,0.0
2022-03-14 16:00:00,866817.0,3600.0,100.0,0.0,0.0,0.0
2022-02-12 18:00:00,852614.0,3600.0,100.0,0.0,0.0,0.0
2022-02-05 00:00:00,854066.0,3600.0,100.0,0.0,0.0,0.0
2022-02-03 18:00:00,858869.0,3600.0,100.0,0.0,0.0,0.0
2022-03-13 18:00:00,863766.0,3600.0,100.0,0.0,0.0,0.0
2022-03-03 12:00:00,868896.0,3600.0,100.0,0.0,0.0,0.0
2022-02-13 15:00:00,855428.0,3600.0,100.0,0.0,0.0,0.0
2022-03-13 23:00:00,853709.0,3600.0,100.0,0.0,0.0,0.0
2022-02-20 07:00:00,854797.0,3600.0,100.0,0.0,0.0,0.0
2022-03-12 23:00:00,873546.0,3600.0,100.0,0.0,0.0,0.0
2022-03-15 00:00:00,860955.0,3600.0,100.0,0.0,0.0,0.0
2022-02-13 04:00:00,870582.0,3600.0,100.0,0.0,0.0,0.0
2022-03-13 16:00:00,852411.0,3600.0,100.0,0.0,0.0,0.0
2022-03-07 17:00:00,870602.0,3600.0,100.0,0.0,0.0,0.0
2022-03-01 20:00:00,854462.0,3600.0,100.0,0.0,0.0,0.0
2022-02-10 13:00:00,873920.0,3600.0,100.0,0.0,0.0,0.0
2022-02-20 19:00:00,864261.0,3600.0,100.0,0.0,0.0,0.0
2022-02-17 10:00:00,856935.0,3600.0,100.0,0.0,0.0,0.0
2022-02-12 09:00:00,853839.0,3600.0,100.0,0.0,0.0,0.0
2022-02-06 22:00:00,856859.0,3600.0,100.0,0.0,0.0,0.0
2022-02-12 00:00:00,870797.0,3600.0,100.0,0.0,0.0,0.0
2022-02-04 12:00:00,874059.0,3600.0,100.0,0.0,0.0,0.0
2022-03-14 14:00:00,865032.0,3600.0,100.0,0.0,0.0,0.0
2022-03-01 15:00:00,868072.0,3600.0,100.0,0.0,0.0,0.0
2022-03-07 03:00:00,870228.0,3600.0,100.0,0.0,0.0,0.0
2022-02-08 00:00:00,872919.0,3600.0,100.0,0.0,0.0,0.0
2022-03-15 14:00:00,866025.0,3600.0,100.0,0.0,0.0,0.0
2022-02-03 23:00:00,869078.0,3600.0,100.0,0.0,0.0,0.0
2022-03-10 15:00:00,874668.0,3600.0,100.0,0.0,0.0,0.0
2022-02-18 03:00:00,871660.0,3600.0,100.0,0.0,0.0,0.0
2022-02-05 22:00:00,869373.0,3600.0,100.0,0.0,0.0,0.0
2022-03-07 01:00:00,868214.0,3600.0,100.0,0.0,0.0,0.0
2022-03-06 21:00:00,863216.0,3600.0,100.0,0.0,0.0,0.0
2022-03-14 18:00:00,870150.0,3600.0,100.0,0.0,0.0,0.0
2022-03-15 21:00:00,854304.0,3600.0,100.0,0.0,0.0,0.0
2022-03-03 07:00:00,854993.0,3600.0,100.0,0.0,0.0,0.0
2022-03-07 21:00:00,852825.0,3600.0,100.0,0.0,0.0,0.0
2022-02-06 13:00:00,855787.0,3600.0,100.0,0.0,0.0,0.0
2022-03-11 18:00:00,858437.0,3600.0,100.0,0.0,0.0,0.0
2022-02-12 03:00:00,865720.0,3600.0,100.0,0.0,0.0,0.0
2022-03-10 16:00:00,871617.0,3600.0,100.0,0.0,0.0,0.0
2022-02-04 08:00:00,874521.0,3600.0,100.0,0.0,0.0,0.0
2022-02-19 17:00:00,855563.0,3600.0,100.0,0.0,0.0,0.0
2022-03-10 22:00:00,863135.0,3600.0,100.0,0.0,0.0,0.0
2022-02-13 08:00:00,859649.0,3600.0,100.0,0.0,0.0,0.0
2022-02-19 19:00:00,857891.0,3600.0,100.0,0.0,0.0,0.0
2022-02-08 04:00:00,869090.0,3600.0,100.0,0.0,0.0,0.0
2022-03-14 19:00:00,853080.0,3600.0,100.0,0.0,0.0,0.0
2022-02-11 12:00:00,868214.0,3600.0,100.0,0.0,0.0,0.0
2022-02-04 03:00:00,864385.0,3600.0,100.0,0.0,0.0,0.0
2022-02-05 13:00:00,861458.0,3600.0,100.0,0.0,0.0,0.0
2022-03-01 22:00:00,17892314.0,3600.0,100.0,0.0,0.0,0.0
2022-02-03 07:00:00,869262.0,3600.0,100.0,0.0,0.0,0.0
2022-02-19 13:00:00,873621.0,3600.0,100.0,0.0,0.0,0.0
2022-02-04 20:00:00,863387.0,3600.0,100.0,0.0,0.0,0.0
2022-03-03 23:00:00,852995.0,3600.0,100.0,0.0,0.0,0.0
2022-03-06 14:00:00,852132.0,3600.0,100.0,0.0,0.0,0.0
2022-03-07 09:00:00,854183.0,3600.0,100.0,0.0,0.0,0.0
2022-03-10 05:00:00,871576.0,3600.0,100.0,0.0,0.0,0.0
2022-03-13 01:00:00,855736.0,3600.0,100.0,0.0,0.0,0.0
2022-02-20 11:00:00,873851.0,3600.0,100.0,0.0,0.0,0.0
2022-02-19 15:00:00,863866.0,3600.0,100.0,0.0,0.0,0.0
2022-02-18 17:00:00,871287.0,3600.0,100.0,0.0,0.0,0.0
2022-02-04 03:00:00,869358.0,3600.0,100.0,0.0,0.0,0.0
2022-02-11 12:00:00,864664.0,3600.0,100.0,0.0,0.0,0.0
2022-02-06 12:00:00,868426.0,3600.0,100.0,0.0,0.0,0.0
2022-02-06 11:00:00,871992.0,3600.0,100.0,0.0,0.0,0.0
2022-02-18 07:00:00,872898.0,3600.0,100.0,0.0,0.0,0.0
2022-03-06 19:00:00,853155.0,3600.0,100.0,0.0,0.0,0.0
2022-03-13 20:00:00,866406.0,3600.0,100.0,0.0,0.0,0.0
2022-02-17 09:00:00,872980.0,3600.0,100.0,0.0,0.0,0.0
2022-03-12 19:00:00,853304.0,3600.0,100.0,0.0,0.0,0.0
2022-02-19 03:00:00,869112.0,3600.0,100.0,0.0,0.0,0.0
2022-03-14 01:00:00,864240.0,3600.0,100.0,0.0,0.0,0.0
2022-02-06 00:00:00,856785.0,3600.0,100.0,0.0,0.0,0.0
2022-02-11 09:00:00,871834.0,3600.0,100.0,0.0,0.0,0.0
2022-03-06 21:00:00,860645.0,3600.0,100.0,0.0,0.0,0.0
2022-02-12 06:00:00,873811.0,3600.0,100.0,0.0,0.0,0.0
2022-03-07 22:00:00,856814.0,3600.0,100.0,0.0,0.0,0.0
2022-03-02 03:00:00,869983.0,3600.0,100.0,0.0,0.0,0.0
2022-03-14 07:00:00,868578.0,3600.0,100.0,0.0,0.0,0.0
2022-03-06 06:00:00,863096.0,3600.0,100.0,0.0,0.0,0.0
2022-02-13 03:00:00,867564.0,3600.0,100.0,0.0,0.0,0.0
2022-02-20 23:00:00,864021.0,3600.0,100.0,0.0,0.0,0.0
2022-03-03 10:00:00,852535.0,3600.0,100.0,0.0,0.0,0.0
2022-02-12 04:00:00,862938.0,3600.0,100.0,0.0,0.0,0.0
2022-03-06 06:00:00,857905.0,3600.0,100.0,0.0,0.0,0.0
2022-02-12 00:00:00,861983.0,3600.0,100.0,0.0,0.0,0.0
2022-02-11 21:00:00,870731.0,3600.0,100.0,0.0,0.0,0.0
2022-02-10 01:00:00,869489.0,3600.0,100.0,0.0,0.0,0.0
2022-02-20 17:00:00,861059.0,3600.0,100.0,0.0,0.0,0.0
2022-03-07 22:00:00,52959141.0,3600.0,100.0,0.0,0.0,0.0
2022-03-02 13:00:00,866397.0,3600.0,100.0,0.0,0.0,0.0
2022-02-05 05:00:00,853873.0,3600.0,100.0,0.0,0.0,0.0
2022-03-15 02:00:00,861653.0,3600.0,100.0,0.0,0.0,0.0
2022-02-19 10:00:00,852519.0,3600.0,100.0,0.0,0.0,0.0
2022-02-03 08:00:00,861794.0,3600.0,100.0,0.0,0.0,0.0
2022-03-14 11:00:00,857661.0,3600.0,100.0,0.0,0.0,0.0
2022-03-13 04:00:00,861664.0,3600.0,100.0,0.0,0.0,0.0
2022-03-12 13:00:00,862078.0,3600.0,100.0,0.0,0.0,0.0
2022-02-03 09:00:00,869253.0,3600.0,100.0,0.0,0.0,0.0
2022-02-13 09:00:00,858226.0,3600.0,100.0,0.0,0.0,0.0
2022-03-11 15:00:00,861785.0,3600.0,100.0,0.0,0.0,0.0
2022-02-06 07:00:00,863088.0,3600.0,100.0,0.0,0.0,0.0
2022-03-10 03:00:00,871769.0,3600.0,100.0,0.0,0.0,0.0
2022-03-06 04:00:00,859274.0,3600.0,100.0,0.0,0.0,0.0
2022-03-03 15:00:00,854525.0,3600.0,100.0,0.0,0.0,0.0
2022-03-07 13:00:00,860024.0,3600.0,100.0,0.0,0.0,0.0
2022-02-06 03:00:00,857099.0,3600.0,100.0,0.0,0.0,0.0
2022-03-15 19:00:00,858209.0,3600.0,100.0,0.0,0.0,0.0
2022-03-02 15:00:00,861610.0,3600.0,100.0,0.0,0.0,0.0
2022-03-14 20:00:00,860362.0,3600.0,100.0,0.0,0.0,0.0
2022-02-05 20:00:00,868490.0,3600.0,100.0,0.0,0.0,0.0
2022-03-06 18:00:00,864808.0,3600.0,100.0,0.0,0.0,0.0
2022-03-03 12:00:00,856342.0,3600.0,100.0,0.0,0.0,0.0
2022-02-05 09:00:00,869003.0,3600.0,100.0,0.0,0.0,0.0
2022-02-03 23:00:00,852544.0,3600.0,100.0,0.0,0.0,0.0
2022-02-05 17:00:00,861850.0,3600.0,100.0,0.0,0.0,0.0
2022-03-11 09:00:00,852600.0,3600.0,100.0,0.0,0.0,0.0
2022-02-08 05:00:00,865271.0,3600.0,100.0,0.0,0.0,0.0
2022-02-13 20:00:00,870816.0,3600.0,100.0,0.0,0.0,0.0
2022-03-11 02:00:00,860735.0,3600.0,100.0,0.0,0.0,0.0
2022-02-19 18:00:00,862981.0,3600.0,100.0,0.0,0.0,0.0
2022-02-12 11:00:00,867950.0,3600.0,100.0,0.0,0.0,0.0
2022-02-08 19:00:00,862098.0,3600.0,100.0,0.0,0.0,0.0
2022-03-01 18:00:00,861311.0,3600.0,100.0,0.0,0.0,0.0
2022-03-06 08:00:00,867219.0,3600.0,100.0,0.0,0.0,0.0
2022-03-13 11:00:00,861397.0,3600.0,100.0,0.0,0.0,0.0
2022-03-10 07:00:00,858194.0,3600.0,100.0,0.0,0.0,0.0
2022-03-03 22:00:00,864968.0,3600.0,100.0,0.0,0.0,0.0
2022-02-03 07:00:00,868452.0,3600.0,100.0,0.0,0.0,0.0
2022-02-04 00:00:00,860610.0,3600.0,100.0,0.0,0.0,0.0
2022-02-18 05:00:00,871569.0,3600.0,100.0,0.0,0.0,0.0
2022-03-14 13:00:00,860103.0,3600.0,100.0,0.0,0.0,0.0
2022-03-14 12:00:00,858997.0,3600.0,100.0,0.0,0.0,0.0
2022-03-15 01:00:00,866852.0,3600.0,100.0,0.0,0.0,0.0
2022-03-10 01:00:00,867343.0,3600.0,100.0,0.0,0.0,0.0
2022-02-18 02:00:00,865437.0,3600.0,100.0,0.0,0.0,0.0
2022-03-11 07:00:00,873327.0,3600.0,100.0,0.0,0.0,0.0
2022-02-03 16:00:00,867443.0,3600.0,100.0,0.0,0.0,0.0
2022-03-01 18:00:00,873134.0,3600.0,100.0,0.0,0.0,0.0
2022-02-20 03:00:00,862733.0,3600.0,100.0,0.0,0.0,0.0
2022-03-02 07:00:00,870730.0,3600.0,100.0,0.0,0.0,0.0
2022-02-04 09:00:00,871799.0,3600.0,100.0,0.0,0.0,0.0
2022-02-08 15:00:00,873212.0,3600.0,100.0,0.0,0.0,0.0
2022-02-06 04:00:00,856000.0,3600.0,100.0,0.0,0.0,0.0
2022-02-10 05:00:00,861499.0,3600.0,100.0,0.0,0.0,0.0
2022-03-02 14:00:00,857618.0,3600.0,100.0,0.0,0.0,0.0
2022-02-08 08:00:00,867097.0,3600.0,100.0,0.0,0.0,0.0
2022-03-14 17:00:00,874700.0,3600.0,100.0,0.0,0.0,0.0
2022-03-10 04:00:00,873108.0,3600.0,100.0,0.0,0.0,0.0
2022-03-11 20:00:00,866216.0,3600.0,100.0,0.0,0.0,0.0
2022-03-06 08:00:00,853302.0,3600.0,100.0,0.0,0.0,0.0
2022-02-06 06:00:00,863137.0,3600.0,100.0,0.0,0.0,0.0
2022-02-19 04:00:00,869228.0,3600.0,100.0,0.0,0.0,0.0
2022-02-18 00:00:00,868012.0,3600.0,100.0,0.0,0.0,0.0
2022-02-10 16:00:00,854559.0,3600.0,100.0,0.0,0.0,0.0
2022-02-12 04:00:00,866164.0,3600.0,100.0,0.0,0.0,0.0
2022-02-04 07:00:00,859691.0,3600.0,100.0,0.0,0.0,0.0
2022-03-11 11:00:00,860245.0,3600.0,100.0,0.0,0.0,0.0
2022-02-18 19:00:00,868853.0,3600.0,100.0,0.0,0.0,0.0
2022-02-11 23:00:00,872140.0,3600.0,100.0,0.0,0.0,0.0
2022-02-04 01:00:00,863779.0,3600.0,100.0,0.0,0.0,0.0
2022-02-04 23:00:00,858205.0,3600.0,100.0,0.0,0.0,0.0
2022-03-03 06:00:00,860319.0,3600.0,100.0,0.0,0.0,0.0
2022-03-10 19:00:00,864205.0,3600.0,100.0,0.0,0.0,0.0
2022-03-14 01:00:00,859635.0,3600.0,100.0,0.0,0.0,0.0
2022-02-05 16:00:00,862699.0,3600.0,100.0,0.0,0.0,0.0
2022-02-19 00:00:00,858380.0,3600.0,100.0,0.0,0.0,0.0
2022-02-17 12:00:00,872433.0,3600.0,100.0,0.0,0.0,0.0
2022-03-10 22:00:00,862498.0,3600.0,100.0,0.0,0.0,0.0
2022-02-05 15:00:00,853835.0,3600.0,100.0,0.0,0.0,0.0
2022-02-12 02:00:00,853823.0,3600.0,100.0,0.0,0.0,0.0
2022-03-03 20:00:00,853196.0,3600.0,100.0,0.0,0.0,0.0
2022-03-03 08:00:00,858840.0,3600.0,100.0,0.0,0.0,0.0
2022-02-05 03:00:00,870807.0,3600.0,100.0,0.0,0.0,0.0
2022-03-07 08:00:00,861939.0,3600.0,100.0,0.0,0.0,0.0
2022-03-15 08:00:00,870098.0,3600.0,100.0,0.0,0.0,0.0
2022-02-13 16:00:00,861311.0,3600.0,100.0,0.0,0.0,0.0
2022-03-12 20:00:00,872885.0,3600.0,100.0,0.0,0.0,0.0
2022-02-04 03:00:00,859686.0,3600.0,100.0,0.0,0.0,0.0
2022-02-17 06:00:00,853184.0,3600.0,100.0,0.0,0.0,0.0
2022-02-11 02:00:00,874595.0,3600.0,100.0,0.0,0.0,0.0
2022-02-13 16:00:00,863130.0,3600.0,100.0,0.0,0.0,0.0
2022-03-14 07:00:00,857143.0,3600.0,100.0,0.0,0.0,0.0
2022-02-19 03:00:00,873132.0,3600.0,100.0,0.0,0.0,0.0
2022-02-13 22:00:00,873264.0,3600.0,100.0,0.0,0.0,0.0
2022-03-03 03:00:00,872862.0,3600.0,100.0,0.0,0.0,0.0
2022-02-10 10:00:00,871229.0,3600.0,100.0,0.0,0.0,0.0
2022-03-06 23:00:00,855039.0,3600.0,100.0,0.0,0.0,0.0
2022-03-02 00:00:00,869871.0,3600.0,100.0,0.0,0.0,0.0
2022-02-11 05:00:00,872399.0,3600.0,100.0,0.0,0.0,0.0
2022-02-12 18:00:00,869070.0,3600.0,100.0,0.0,0.0,0.0
2022-02-12 11:00:00,854289.0,3600.0,100.0,0.0,0.0,0.0
2022-02-18 12:00:00,871619.0,3600.0,100.0,0.0,0.0,0.0
2022-03-13 09:00:00,866598.0,3600.0,100.0,0.0,0.0,0.0
2022-03-01 23:00:00,854414.0,3600.0,100.0,0.0,0.0,0.0
2022-02-06 01:00:00,871791.0,3600.0,100.0,0.0,0.0,0.0
2022-02-03 14:00:00,858653.0,3600.0,100.0,0.0,0.0,0.0
2022-03-07 15:00:00,860861.0,3600.0,100.0,0.0,0.0,0.0
2022-03-12 21:00:00,856118.0,3600.0,100.0,0.0,0.0,0.0
2022-03-11 10:00:00,863853.0,3600.0,100.0,1.0,1.0,1.0
2022-03-15 09:00:00,857313.0,3600.0,100.0,0.0,0.0,0.0
2022-02-19 22:00:00,857887.0,3600.0,100.0,0.0,0.0,0.0
2022-03-07 20:00:00,860262.0,3600.0,100.0,0.0,0.0,0.0
2022-03-10 14:00:00,861010.0,3600.0,100.0,0.0,0.0,0.0
2022-02-12 05:00:00,855795.0,3600.0,100.0,0.0,0.0,0.0
2022-02-18 00:00:00,859615.0,3600.0,100.0,0.0,0.0,0.0
2022-03-03 06:00:00,860242.0,3600.0,100.0,0.0,0.0,0.0
2022-02-10 20:00:00,866694.0,3600.0,100.0,5.0,5.0,5.0
2022-02-19 17:00:00,871730.0,3600.0,100.0,0.0,0.0,0.0
2022-03-02 08:00:00,864959.0,3600.0,100.0,0.0,0.0,0.0
2022-02-17 16:00:00,872971.0,3600.0,100.0,0.0,0.0,0.0
2022-02-04 22:00:00,855747.0,3600.0,100.0,0.0,0.0,0.0
2022-03-14 05:00:00,864518.0,3600.0,100.0,0.0,0.0,0.0
2022-03-03 13:00:00,856423.0,3600.0,100.0,0.0,0.0,0.0
2022-02-19 14:00:00,854683.0,3600.0,100.0,0.0,0.0,0.0
2022-03-13 07:00:00,871525.0,3600.0,100.0,0.0,0.0,0.0
2022-03-15 14:00:00,871498.0,3600.0,100.0,0.0,0.0,0.0
2022-03-12 12:00:00,854128.0,3600.0,100.0,0.0,0.0,0.0
2022-03-02 19:00:00,855339.0,3600.0,100.0,0.0,0.0,0.0
2022-02-10 06:00:00,867032.0,3600.0,100.0,0.0,0.0,0.0
2022-03-11 05:00:00,865569.0,3600.0,100.0,0.0,0.0,0.0
2022-02-03 09:00:00,866179.0,3600.0,100.0,0.0,0.0,0.0
2022-03-10 18:00:00,864113.0,3600.0,100.0,0.0,0.0,0.0
2022-02-18 01:00:00,870568.0,3600.0,100.0,0.0,0.0,0.0
2022-02-17 13:00:00,874284.0,3600.0,100.0,0.0,0.0,0.0
2022-03-06 13:00:00,853934.0,3600.0,100.0,0.0,0.0,0.0
2022-02-11 00:00:00,867568.0,3600.0,100.0,0.0,0.0,0.0
2022-02-19 10:00:00,854594.0,3600.0,100.0,0.0,0.0,0.0
2022-03-10 04:00:00,870499.0,3600.0,100.0,0.0,0.0,0.0
2022-02-10 04:00:00,854691.0,3600.0,100.0,0.0,0.0,0.0
2022-02-08 15:00:00,860013.0,3600.0,100.0,0.0,0.0,0.0
2022-02-18 06:00:00,868733.0,3600.0,100.0,0.0,0.0,0.0
2022-03-06 23:00:00,864541.0,3600.0,100.0,0.0,0.0,0.0
2022-02-05 12:00:00,860965.0,3600.0,100.0,0.0,0.0,0.0
2022-02-13 14:00:00,863110.0,3600.0,100.0,0.0,0.0,0.0
2022-03-14 10:00:00,871289.0,3600.0,100.0,0.0,0.0,0.0
2022-02-12 02:00:00,871051.0,3600.0,100.0,0.0,0.0,0.0
2022-03-03 11:00:00,879124.0,3600.0,100.0,0.0,0.0,0.0
2022-03-12 08:00:00,856933.0,3600.0,100.0,0.0,0.0,0.0
2022-03-14 04:00:00,872497.0,3600.0,100.0,0.0,0.0,0.0
2022-03-02 15:00:00,854910.0,3600.0,100.0,0.0,0.0,0.0
2022-02-04 10:00:00,865948.0,3600.0,100.0,0.0,0.0,0.0
2022-03-03 01:00:00,866861.0,3600.0,100.0,0.0,0.0,0.0
2022-03-07 13:00:00,852266.0,3600.0,100.0,0.0,0.0,0.0
2022-03-10 09:00:00,857031.0,3600.0,100.0,0.0,0.0,0.0
2022-02-19 01:00:00,870394.0,3600.0,100.0,0.0,0.0,0.0
2022-02-12 13:00:00,873059.0,3600.0,100.0,0.0,0.0,0.0
2022-02-13 18:00:00,863349.0,3600.0,100.0,0.0,0.0,0.0
2022-03-02 20:00:00,856699.0,3600.0,100.0,0.0,0.0,0.0
2022-02-05 10:00:00,862932.0,3600.0,100.0,0.0,0.0,0.0
2022-03-14 03:00:00,860745.0,3600.0,100.0,0.0,0.0,0.0
2022-02-18 12:00:00,856910.0,3600.0,100.0,0.0,0.0,0.0
2022-02-20 22:00:00,866329.0,3600.0,100.0,0.0,0.0,0.0
2022-02-12 15:00:00,868528.0,3600.0,100.0,0.0,0.0,0.0
2022-02-10 23:00:00,855150.0,3600.0,100.0,0.0,0.0,0.0
2022-02-08 10:00:00,860753.0,3600.0,100.0,0.0,0.0,0.0
2022-02-05 15:00:00,869146.0,3600.0,100.0,0.0,0.0,0.0
2022-02-19 03:00:00,863783.0,3600.0,100.0,0.0,0.0,0.0
2022-02-20 11:00:00,872963.0,3600.0,100.0,0.0,0.0,0.0
2022-02-10 20:00:00,852733.0,3600.0,100.0,0.0,0.0,0.0
2022-02-18 04:00:00,856809.0,3600.0,100.0,0.0,0.0,0.0
2022-02-12 11:00:00,858068.0,3600.0,100.0,0.0,0.0,0.0
2022-03-14 14:00:00,868546.0,3600.0,100.0,0.0,0.0,0.0
2022-02-17 22:00:00,855254.0,3600.0,100.0,0.0,0.0,0.0
2022-02-20 21:00:00,874031.0,3600.0,100.0,0.0,0.0,0.0
2022-02-04 16:00:00,854388.0,3600.0,100.0,0.0,0.0,0.0
2022-03-13 04:00:00,864638.0,3600.0,100.0,0.0,0.0,0.0
2022-03-03 17:00:00,866665.0,3600.0,100.0,0.0,0.0,0.0
2022-02-18 06:00:00,869298.0,3600.0,100.0,0.0,0.0,0.0
2022-03-07 11:00:00,860685.0,3600.0,100.0,0.0,0.0,0.0
2022-03-01 23:00:00,873159.0,3600.0,100.0,0.0,0.0,0.0
2022-03-07 10:00:00,861204.0,3600.0,100.0,0.0,0.0,0.0
2022-02-12 10:00:00,852139.0,3600.0,100.0,0.0,0.0,0.0
2022-02-08 00:00:00,863240.0,3600.0,100.0,0.0,0.0,0.0
2022-03-15 22:00:00,869243.0,3600.0,100.0,0.0,0.0,0.0
2022-03-11 17:00:00,873087.0,3600.0,100.0,0.0,0.0,0.0
2022-03-02 15:00:00,854388.0,3600.0,100.0,0.0,0.0,0.0
2022-02-19 15:00:00,864852.0,3600.0,100.0,0.0,0.0,0.0
2022-03-15 04:00:00,853825.0,3600.0,100.0,0.0,0.0,0.0
2022-03-06 22:00:00,859954.0,3600.0,100.0,0.0,0.0,0.0
2022-03-02 14:00:00,859835.0,3600.0,100.0,1.0,1.0,1.0
2022-02-06 18:00:00,868407.0,3600.0,100.0,0.0,0.0,0.0
2022-02-13 05:00:00,868661.0,3600.0,100.0,0.0,0.0,0.0
2022-03-12 19:00:00,866168.0,3600.0,100.0,0.0,0.0,0.0
2022-02-04 03:00:00,867384.0,3600.0,100.0,0.0,0.0,0.0
2022-02-03 14:00:00,852293.0,3600.0,100.0,0.0,0.0,0.0
2022-03-10 21:00:00,873252.0,3600.0,100.0,0.0,0.0,0.0
2022-03-10 16:00:00,874234.0,3600.0,100.0,0.0,0.0,0.0
2022-02-17 11:00:00,868872.0,3600.0,100.0,0.0,0.0,0.0
2022-03-07 00:00:00,872002.0,3600.0,100.0,0.0,0.0,0.0
2022-02-12 23:00:00,854257.0,3600.0,100.0,0.0,0.0,0.0
2022-03-02 07:00:00,860789.0,3600.0,100.0,0.0,0.0,0.0
2022-03-10 13:00:00,866924.0,3600.0,100.0,2.0,2.0,2.0
2022-02-08 19:00:00,866581.0,3600.0,100.0,0.0,0.0,0.0
2022-03-14 16:00:00,873462.0,3600.0,100.0,0.0,0.0,0.0
2022-03-03 07:00:00,858676.0,3600.0,100.0,0.0,0.0,0.0
2022-03-07 08:00:00,855904.0,3600.0,100.0,0.0,0.0,0.0
2022-03-14 22:00:00,853738.0,3600.0,100.0,0.0,0.0,0.0
2022-02-18 01:00:00,865689.0,3600.0,100.0,0.0,0.0,0.0
2022-03-07 08:00:00,863348.0,3600.0,100.0,0.0,0.0,0.0
2022-03-10 09:00:00,868069.0,3600.0,100.0,0.0,0.0,0.0
2022-02-10 18:00:00,874327.0,3600.0,100.0,0.0,0.0,0.0
2022-03-11 19:00:00,866987.0,3600.0,100.0,0.0,0.0,0.0
2022-03-03 23:00:00,872070.0,3600.0,100.0,0.0,0.0,0.0
2022-03-02 09:00:00,853892.0,3600.0,100.0,0.0,0.0,0.0
2022-02-19 15:00:00,868366.0,3600.0,100.0,0.0,0.0,0.0
2022-02-03 21:00:00,861389.0,3600.0,100.0,0.0,0.0,0.0
2022-02-03 19:00:00,860888.0,3600.0,100.0,0.0,0.0,0.0
2022-03-12 12:00:00,871558.0,3600.0,100.0,0.0,0.0,0.0
2022-03-06 07:00:00,866800.0,3600.0,100.0,0.0,0.0,0.0
2022-02-12 22:00:00,864743.0,3600.0,100.0,0.0,0.0,0.0
2022-03-14 10:00:00,865985.0,3600.0,100.0,0.0,0.0,0.0
2022-02-04 22:00:00,859617.0,3600.0,100.0,0.0,0.0,0.0
2022-03-06 15:00:00,859233.0,3600.0,100.0,0.0,0.0,0.0
2022-03-02 21:00:00,862054.0,3600.0,100.0,0.0,0.0,0.0
2022-02-11 22:00:00,852264.0,3600.0,100.0,0.0,0.0,0.0
2022-03-11 21:00:00,869059.0,3600.0,100.0,0.0,0.0,0.0
2022-03-06 14:00:00,852285.0,3600.0,100.0,0.0,0.0,0.0
2022-02-06 03:00:00,867933.0,3600.0,100.0,0.0,0.0,0.0
2022-02-19 10:00:00,858301.0,3600.0,100.0,0.0,0.0,0.0
2022-02-08 08:00:00,868222.0,3600.0,100.0,0.0,0.0,0.0
2022-03-11 08:00:00,860197.0,3600.0,100.0,0.0,0.0,0.0
2022-03-11 22:00:00,856540.0,3600.0,100.0,0.0,0.0,0.0
2022-02-06 12:00:00,852115.0,3600.0,100.0,0.0,0.0,0.0
2022-02-04 19:00:00,858835.0,3600.0,100.0,0.0,0.0,0.0
2022-03-03 16:00:00,866491.0,3600.0,100.0,0.0,0.0,0.0
2022-02-04 05:00:00,865498.0,3600.0,100.0,0.0,0.0,0.0
2022-03-14 21:00:00,872338.0,3600.0,100.0,0.0,0.0,0.0
2022-02-04 00:00:00,854115.0,3600.0,100.0,0.0,0.0,0.0
2022-03-07 04:00:00,866216.0,3600.0,100.0,0.0,0.0,0.0
2022-02-19 10:00:00,869124.0,3600.0,100.0,0.0,0.0,0.0
2022-02-20 12:00:00,862585.0,3600.0,100.0,0.0,0.0,0.0
2022-02-04 17:00:00,863455.0,3600.0,100.0,0.0,0.0,0.0
2022-02-19 21:00:00,870226.0,3600.0,100.0,0.0,0.0,0.0
2022-02-17 21:00:00,859849.0,3600.0,100.0,0.0,0.0,0.0
2022-02-18 00:00:00,860646.0,3600.0,100.0,0.0,0.0,0.0
2022-02-11 13:00:00,852872.0,3600.0,100.0,0.0,0.0,0.0
2022-03-14 12:00:00,860992.0,3600.0,100.0,0.0,0.0,0.0
2022-02-11 20:00:00,852180.0,3600.0,100.0,0.0,0.0,0.0
2022-03-02 17:00:00,856079.0,3600.0,100.0,0.0,0.0,0.0
2022-02-19 21:00:00,864722.0,3600.0,100.0,0.0,0.0,0.0
2022-03-02 08:00:00,870144.0,3600.0,100.0,0.0,0.0,0.0
2022-03-01 21:00:00,855314.0,3600.0,100.0,0.0,0.0,0.0
2022-02-13 10:00:00,856624.0,3600.0,100.0,0.0,0.0,0.0
2022-03-03 03:00:00,872348.0,3600.0,100.0,0.0,0.0,0.0
2022-03-06 11:00:00,858504.0,3600.0,100.0,0.0,0.0,0.0
2022-02-10 12:00:00,855537.0,3600.0,100.0,0.0,0.0,0.0
2022-02-04 10:00:00,872863.0,3600.0,100.0,0.0,0.0,0.0
2022-03-06 05:00:00,859281.0,3600.0,100.0,0.0,0.0,0.0
2022-02-11 02:00:00,867232.0,3600.0,100.0,0.0,0.0,0.0
2022-02-17 06:00:00,868269.0,3600.0,100.0,0.0,0.0,0.0
2022-03-10 07:00:00,871220.0,3600.0,100.0,0.0,0.0,0.0
2022-02-03 08:00:00,872806.0,3600.0,100.0,0.0,0.0,0.0
2022-03-07 17:00:00,12350422.0,3600.0,100.0,5.0,5.0,5.0
2022-02-04 06:00:00,868650.0,3600.0,100.0,0.0,0.0,0.0
2022-03-02 03:00:00,865075.0,3600.0,100.0,0.0,0.0,0.0
2022-02-19 05:00:00,874001.0,3600.0,100.0,0.0,0.0,0.0
2022-03-10 15:00:00,860000.0,3600.0,100.0,0.0,0.0,0.0
2022-02-19 18:00:00,866470.0,3600.0,100.0,0.0,0.0,0.0
2022-02-06 00:00:00,853282.0,3600.0,100.0,0.0,0.0,0.0
2022-02-06 06:00:00,870096.0,3600.0,100.0,0.0,0.0,0.0
2022-03-02 17:00:00,872138.0,3600.0,100.0,0.0,0.0,0.0
2022-03-14 13:00:00,863604.0,3600.0,100.0,0.0,0.0,0.0
2022-03-07 21:00:00,866548.0,3600.0,100.0,0.0,0.0,0.0
2022-03-03 21:00:00,867711.0,3600.0,100.0,1.0,1.0,1.0
2022-02-06 18:00:00,858529.0,3600.0,100.0,0.0,0.0,0.0
2022-03-11 07:00:00,873462.0,3600.0,100.0,0.0,0.0,0.0
2022-02-04 04:00:00,860491.0,3600.0,100.0,0.0,0.0,0.0
2022-03-11 05:00:00,855961.0,3600.0,100.0,0.0,0.0,0.0
2022-03-13 07:00:00,855414.0,3600.0,100.0,0.0,0.0,0.0
2022-02-13 04:00:00,867543.0,3600.0,100.0,0.0,0.0,0.0
2022-02-04 00:00:00,860439.0,3600.0,100.0,0.0,0.0,0.0
2022-02-17 05:00:00,871026.0,3600.0,100.0,0.0,0.0,0.0
2022-02-19 04:00:00,852771.0,3600.0,100.0,0.0,0.0,0.0
2022-02-05 19:00:00,863316.0,3600.0,100.0,0.0,0.0,0.0
2022-03-03 13:00:00,874553.0,3600.0,100.0,0.0,0.0,0.0
2022-02-03 17:00:00,857746.0,3600.0,100.0,0.0,0.0,0.0
2022-02-12 08:00:00,857658.0,3600.0,100.0,0.0,0.0,0.0
2022-02-20 03:00:00,852339.0,3600.0,100.0,0.0,0.0,0.0
2022-02-10 01:00:00,871304.0,3600.0,100.0,0.0,0.0,0.0
2022-02-17 07:00:00,863643.0,3600.0,100.0,0.0,0.0,0.0
2022-03-14 01:00:00,874047.0,3600.0,100.0,0.0,0.0,0.0
2022-03-02 22:00:00,867307.0,3600.0,100.0,0.0,0.0,0.0
2022-02-20 04:00:00,858238.0,3600.0,100.0,0.0,0.0,0.0
2022-02-05 04:00:00,866775.0,3600.0,100.0,0.0,0.0,0.0
2022-03-12 19:00:00,865358.0,3600.0,100.0,0.0,0.0,0.0
2022-02-12 23:00:00,873698.0,3600.0,100.0,0.0,0.0,0.0
2022-02-08 14:00:00,862223.0,3600.0,100.0,0.0,0.0,0.0
2022-03-15 16:00:00,866343.0,3600.0,100.0,0.0,0.0,0.0
2022-02-13 09:00:00,864171.0,3600.0,100.0,0.0,0.0,0.0
2022-03-06 20:00:00,855637.0,3600.0,100.0,0.0,0.0,0.0
2022-02-06 23:00:00,873545.0,3600.0,100.0,0.0,0.0,0.0
2022-03-15 21:00:00,861444.0,3600.0,100.0,0.0,0.0,0.0
2022-02-05 04:00:00,872522.0,3600.0,100.0,0.0,0.0,0.0
2022-02-08 11:00:00,858313.0,3600.0,100.0,0.0,0.0,0.0
2022-03-15 08:00:00,863960.0,3600.0,100.0,0.0,0.0,0.0
2022-02-17 11:00:00,860956.0,3600.0,100.0,0.0,0.0,0.0
2022-02-17 07:00:00,869653.0,3600.0,100.0,0.0,0.0,0.0
2022-03-14 18:00:00,864370.0,3600.0,100.0,0.0,0.0,0.0
2022-02-20 09:00:00,853181.0,3600.0,100.0,0.0,0.0,0.0
2022-03-14 06:00:00,856728.0,3600.0,100.0,0.0,0.0,0.0
2022-02-06 08:00:00,857485.0,3600.0,100.0,0.0,0.0,0.0
2022-02-04 12:00:00,872486.0,3600.0,100.0,0.0,0.0,0.0
2022-03-10 21:00:00,860143.0,3600.0,100.0,0.0,0.0,0.0
2022-02-11 11:00:00,853371.0,3600.0,100.0,0.0,0.0,0.0
2022-03-02 09:00:00,858144.0,3600.0,100.0,0.0,0.0,0.0
2022-03-15 08:00:00,869944.0,3600.0,100.0,0.0,0.0,0.0
2022-02-11 14:00:00,866268.0,3600.0,100.0,0.0,0.0,0.0
2022-02-12 16:00:00,873627.0,3600.0,100.0,0.0,0.0,0.0
2022-02-08 14:00:00,870092.0,3600.0,100.0,0.0,0.0,0.0
2022-03-01 22:00:00,852238.0,3600.0,100.0,0.0,0.0,0.0
2022-02-05 01:00:00,854738.0,3600.0,100.0,0.0,0.0,0.0
2022-02-08 13:00:00,854211.0,3600.0,100.0,0.0,0.0,0.0
2022-03-03 10:00:00,867793.0,3600.0,100.0,0.0,0.0,0.0
2022-03-02 13:00:00,860569.0,3600.0,100.0,0.0,0.0,0.0
2022-02-08 04:00:00,873075.0,3600.0,100.0,0.0,0.0,0.0
